neuron_id,spike_time
1,0.1448
1,0.2854
1,0.4290
1,0.4458
1,0.4510
1,0.5385
1,0.6234
1,0.8115
1,0.8163
1,0.8793
1,0.8835
1,0.9491
1,1.0533
1,1.0766
1,1.1508
1,1.1600
1,1.1655
1,1.1845
1,1.2388
1,1.2636
1,1.3387
1,1.3522
1,1.4629
1,1.5367
1,1.5762
1,1.6013
1,1.6286
1,1.6333
1,1.6441
1,1.6853
1,1.7087
1,1.7849
1,1.8275
1,1.8418
1,1.8696
1,1.9082
1,1.9289
1,1.9483
1,2.0012
1,2.0191
1,2.0994
1,2.1831
1,2.2484
1,2.2528
1,2.3211
1,2.4026
1,2.4702
1,2.4870
1,2.5064
1,2.5163
1,2.5377
1,2.5390
1,2.5490
1,2.6282
1,2.8688
1,2.9027
1,2.9198
1,2.9438
1,2.9655
1,2.9733
1,3.0385
1,3.1214
1,3.2122
1,3.5318
1,3.6587
1,3.7577
1,3.8205
1,3.8562
1,3.8589
1,3.9165
1,3.9539
1,4.0447
1,4.1668
1,4.1868
1,4.1898
1,4.2455
1,4.3992
1,4.4486
1,4.5769
1,4.6223
1,4.7014
1,4.7188
1,4.7269
1,4.7354
1,4.7425
1,4.7458
1,4.8492
1,4.8762
1,4.8994
1,4.9557
1,4.9670
1,5.0825
1,5.1603
1,5.1801
1,5.1922
1,5.2241
1,5.2425
1,5.2470
1,5.2774
1,5.4129
1,5.4737
1,5.6593
1,5.7825
1,5.8498
1,5.9612
1,6.0050
1,6.0693
1,6.0921
1,6.1053
1,6.2345
1,6.2429
1,6.2542
1,6.2729
1,6.3312
1,6.3561
1,6.3973
1,6.5273
1,6.6201
1,6.6907
1,6.7010
1,6.7726
1,6.7999
1,6.8074
1,6.8314
1,6.8357
1,6.8908
1,6.9493
1,6.9670
1,6.9698
1,7.1341
1,7.1827
1,7.2723
1,7.2935
1,7.3945
1,7.4933
1,7.4989
1,7.8259
1,7.8665
1,7.9506
1,7.9653
1,8.0245
1,8.0418
1,8.1389
1,8.1668
1,8.2137
1,8.2455
1,8.2909
1,8.3193
1,8.3562
1,8.3580
1,8.4535
1,8.6046
1,8.6396
1,8.8446
1,8.8547
1,9.0223
1,9.0443
1,9.0845
1,9.2313
1,9.2389
1,9.2504
1,9.3312
1,9.3904
1,9.4077
1,9.4344
1,9.4796
1,9.5939
1,9.6155
1,9.6616
1,9.6829
1,9.7012
1,9.8297
1,9.8632
1,9.9438
1,9.9621
1,9.9733
1,10.0420
1,10.1274
1,10.1846
1,10.2561
1,10.3175
1,10.3832
1,10.5189
1,10.6889
1,10.7288
1,10.7343
1,10.8188
1,10.8697
1,11.0167
1,11.0796
1,11.0880
1,11.1512
1,11.1856
1,11.1926
1,11.2091
1,11.4183
1,11.4426
1,11.4581
1,11.4849
1,11.6093
1,11.6749
1,11.6868
1,11.6873
1,11.7137
1,11.7227
1,11.8472
1,11.8536
1,11.8948
1,11.9561
1,12.1289
1,12.1464
1,12.2509
1,12.2969
1,12.4010
1,12.4226
1,12.4426
1,12.4578
1,12.5207
1,12.5598
1,12.6119
1,12.6892
1,12.7587
1,12.8216
1,12.9058
1,12.9079
1,12.9985
1,13.0768
1,13.1032
1,13.1176
1,13.1604
1,13.2824
1,13.3020
1,13.3883
1,13.5670
1,13.5911
1,13.8501
1,13.8538
1,13.8560
1,13.9678
1,14.0067
1,14.0432
1,14.1611
1,14.3101
1,14.3598
1,14.4866
1,14.5474
1,14.5776
1,14.5923
1,14.6752
1,14.8040
1,14.9648
1,14.9830
1,15.0447
1,15.0756
1,15.1787
1,15.1920
1,15.1956
1,15.2173
1,15.2215
1,15.2499
1,15.2793
1,15.2861
1,15.4720
1,15.4902
1,15.5622
1,15.5743
1,15.6049
1,15.6104
1,15.6175
1,15.6181
1,15.7154
1,15.7368
1,15.7785
1,15.8308
1,15.8416
1,16.0182
1,16.0511
1,16.0557
1,16.0622
1,16.0921
1,16.0997
1,16.1194
1,16.1641
1,16.1666
1,16.1882
1,16.2827
1,16.2872
1,16.3456
1,16.3487
1,16.5099
1,16.5252
1,16.5400
1,16.6056
1,16.7416
1,16.9336
1,17.0168
1,17.1208
1,17.1868
1,17.1984
1,17.2686
1,17.2786
1,17.3382
1,17.3844
1,17.4059
1,17.4487
1,17.5030
1,17.5169
1,17.5421
1,17.5676
1,17.5743
1,17.5918
1,17.6535
1,17.7255
1,17.7600
1,17.7962
1,17.8201
1,17.8904
1,17.9148
1,17.9725
1,18.0110
1,18.0472
1,18.2202
1,18.3493
1,18.4067
1,18.4786
1,18.4875
1,18.5154
1,18.5938
1,18.6554
1,18.6697
1,18.8567
1,18.8590
1,18.9260
1,18.9318
1,19.0798
1,19.0850
1,19.1784
1,19.1893
1,19.4627
1,19.4975
1,19.5682
1,19.6271
1,19.6675
1,19.7543
1,19.7988
1,19.9638
1,19.9675
1,20.2902
1,20.3400
1,20.3578
1,20.3931
1,20.4679
1,20.5279
1,20.6536
1,20.7906
1,20.8475
1,20.9423
1,20.9828
1,20.9897
1,21.0225
1,21.0402
1,21.1589
1,21.1727
1,21.2494
1,21.3862
1,21.3943
1,21.4514
1,21.6085
1,21.6396
1,21.6692
1,21.7092
1,21.7216
1,21.7324
1,21.9195
1,22.0640
1,22.0995
1,22.1190
1,22.1999
1,22.4617
1,22.5921
1,22.6214
1,22.6613
1,22.7272
1,22.7724
1,22.7920
1,22.8113
1,22.8765
1,23.0868
1,23.0984
1,23.1699
1,23.3280
1,23.3287
1,23.3618
1,23.4429
1,23.5798
1,23.7494
1,23.7695
1,23.7738
1,23.7943
1,23.8430
1,23.8590
1,23.8848
1,23.9703
1,23.9713
1,24.0783
1,24.0796
1,24.1372
1,24.1408
1,24.1600
1,24.1952
1,24.3262
1,24.3392
1,24.5731
1,24.7043
1,24.7090
1,24.7096
1,24.7198
1,24.7785
1,25.1499
1,25.1713
1,25.2554
1,25.2605
1,25.3545
1,25.4742
1,25.6077
1,25.7432
1,25.8423
1,25.8474
1,25.8970
1,25.9233
1,25.9515
1,26.0859
1,26.2157
1,26.2861
1,26.3012
1,26.3676
1,26.3849
1,26.4743
1,26.4860
1,26.5572
1,26.5858
1,26.5915
1,26.6746
1,26.6823
1,26.9395
1,26.9792
1,27.0006
1,27.0126
1,27.0565
1,27.1403
1,27.2472
1,27.3001
1,27.5041
1,27.5975
1,27.6082
1,27.8031
1,27.8274
1,28.0321
1,28.0508
1,28.0824
1,28.1514
1,28.1559
1,28.3145
1,28.3415
1,28.3571
1,28.3607
1,28.3623
1,28.3640
1,28.3870
1,28.4090
1,28.4704
1,28.6083
1,28.6789
1,28.7445
1,28.7779
1,28.8362
1,28.8844
1,28.8876
1,28.9038
1,28.9194
1,28.9240
1,28.9516
1,28.9551
1,29.0457
1,29.1384
1,29.1449
1,29.1501
1,29.3385
1,29.3574
1,29.3998
1,29.4368
1,29.5135
1,29.5759
1,29.7137
1,29.7250
1,29.7872
1,29.8131
1,29.8561
1,30.1056
1,30.1382
1,30.2092
1,30.2478
1,30.2596
1,30.2608
1,30.3547
1,30.3604
1,30.3722
1,30.4272
1,30.4497
1,30.4865
1,30.5242
1,30.5257
1,30.6585
1,30.9027
1,30.9439
1,30.9688
1,31.1055
1,31.1378
1,31.1964
1,31.3210
1,31.3469
1,31.4628
1,31.5317
1,31.5935
1,31.6998
1,31.7007
1,31.7231
1,31.7367
1,31.7565
1,31.7819
1,31.7974
1,31.8333
1,31.8546
1,31.8883
1,31.9275
1,31.9438
1,32.0023
1,32.0730
1,32.1668
1,32.1807
1,32.2404
1,32.3230
1,32.3259
1,32.3602
1,32.4174
1,32.4354
1,32.5460
1,32.6240
1,32.6354
1,32.6714
1,32.8732
1,32.9213
1,33.0069
1,33.1558
1,33.1915
1,33.1974
1,33.2123
1,33.2523
1,33.2876
1,33.3364
1,33.4158
1,33.5074
1,33.5715
1,33.7438
1,33.9614
1,34.0400
1,34.1572
1,34.1882
1,34.1969
1,34.2476
1,34.4035
1,34.4132
1,34.4395
1,34.4996
1,34.5342
1,34.5374
1,34.7876
1,34.8344
1,34.8520
1,34.8819
1,34.8837
1,34.9322
1,35.0313
1,35.0799
1,35.1693
1,35.2100
1,35.2977
1,35.3402
1,35.4018
1,35.5175
1,35.7820
1,35.8144
1,36.0218
1,36.0285
1,36.0832
1,36.1255
1,36.1775
1,36.2887
1,36.3184
1,36.5714
1,36.6192
1,36.7072
1,36.7607
1,36.8051
1,36.8398
1,36.8412
1,37.0778
1,37.1405
1,37.3067
1,37.5501
1,37.6434
1,37.6723
1,37.7104
1,37.7164
1,37.8592
1,37.9299
1,38.0954
1,38.2412
1,38.2437
1,38.3500
1,38.3588
1,38.3634
1,38.4318
1,38.4684
1,38.5633
1,38.7602
1,38.7933
1,38.8490
1,38.8491
1,38.8631
1,38.9306
1,38.9313
1,38.9944
1,39.0542
1,39.0600
1,39.2166
1,39.3040
1,39.4483
1,39.4583
1,39.5428
1,39.5681
1,39.7514
1,39.7915
1,39.8495
1,39.8691
1,39.9078
1,39.9918
1,40.0558
1,40.0566
1,40.0588
1,40.0956
1,40.1863
1,40.2426
1,40.2546
1,40.3524
1,40.5554
1,40.5802
1,40.6193
1,40.6548
1,40.6757
1,40.7013
1,40.7228
1,40.7350
1,40.7386
1,40.7590
1,40.8896
1,40.9130
1,40.9293
1,41.0229
1,41.0540
1,41.1402
1,41.2102
1,41.2802
1,41.3021
1,41.3535
1,41.5283
1,41.6101
1,41.6836
1,41.7200
1,41.7903
1,41.8344
1,41.8453
1,41.8666
1,41.8769
1,41.9428
1,41.9489
1,41.9544
1,41.9674
1,41.9961
1,42.0067
1,42.0857
1,42.1323
1,42.4402
1,42.6457
1,42.6889
1,42.7272
1,42.7344
1,42.8337
1,43.0460
1,43.0856
1,43.1808
1,43.1820
1,43.6268
1,43.6332
1,43.7242
1,43.7275
1,43.7482
1,43.7724
1,43.8361
1,43.8401
1,43.8671
1,43.8817
1,43.8891
1,43.9905
1,44.0194
1,44.0253
1,44.0598
1,44.0716
1,44.0717
1,44.0783
1,44.1503
1,44.1504
1,44.1791
1,44.2213
1,44.2393
1,44.2877
1,44.3977
1,44.4354
1,44.4708
1,44.4799
1,44.5180
1,44.6576
1,44.6927
1,44.7366
1,44.9098
1,44.9338
1,44.9365
1,45.0630
1,45.1046
1,45.1132
1,45.1185
1,45.1587
1,45.2532
1,45.2551
1,45.2595
1,45.2662
1,45.2764
1,45.3365
1,45.3399
1,45.4548
1,45.6064
1,45.9072
1,45.9078
1,45.9209
1,45.9651
1,45.9693
1,46.2170
1,46.4191
1,46.4602
1,46.5805
1,46.7053
1,46.7507
1,46.7802
1,46.9010
1,46.9370
1,47.0865
1,47.1474
1,47.1886
1,47.2187
1,47.2393
1,47.2526
1,47.2532
1,47.2719
1,47.2730
1,47.2881
1,47.4872
1,47.6361
1,47.7808
1,47.8049
1,47.9846
1,48.0538
1,48.0565
1,48.0723
1,48.1374
1,48.1480
1,48.1552
1,48.2413
1,48.2417
1,48.2438
1,48.3612
1,48.3822
1,48.5442
1,48.6367
1,48.7059
1,48.7317
1,48.7421
1,48.7467
1,48.8331
1,48.8394
1,48.8517
1,48.8979
1,48.9003
1,48.9653
1,48.9693
1,48.9816
1,48.9866
1,49.1273
1,49.3432
1,49.4223
1,49.4931
1,49.5106
1,49.5786
1,49.6499
1,49.7359
1,49.8325
1,49.9324
1,49.9336
1,50.0044
1,50.0633
1,50.1874
1,50.1950
1,50.2626
1,50.3012
1,50.3406
1,50.3504
1,50.4373
1,50.4800
1,50.4866
1,50.9364
1,50.9927
1,51.0235
1,51.2198
1,51.3322
1,51.4252
1,51.4296
1,51.4973
1,51.6288
1,51.6702
1,51.7581
1,51.7777
1,51.7867
1,51.9170
1,51.9499
1,51.9930
1,52.0147
1,52.0563
1,52.0774
1,52.0808
1,52.2009
1,52.2121
1,52.2353
1,52.3523
1,52.4183
1,52.4708
1,52.6016
1,52.6124
1,52.6526
1,52.6905
1,52.9008
1,53.0048
1,53.0180
1,53.0281
1,53.0560
1,53.0692
1,53.0973
1,53.1041
1,53.1582
1,53.1717
1,53.1864
1,53.4279
1,53.5298
1,53.6587
1,53.6626
1,53.6810
1,53.7092
1,53.8145
1,53.8715
1,53.8719
1,53.8922
1,53.9938
1,54.3355
1,54.3609
1,54.3987
1,54.4548
1,54.4925
1,54.5927
1,54.7260
1,54.7387
1,54.7864
1,54.7931
1,54.8036
1,54.8418
1,54.8639
1,54.8694
1,54.9145
1,54.9953
1,55.0740
1,55.0968
1,55.1433
1,55.1567
1,55.1725
1,55.1959
1,55.3673
1,55.3996
1,55.4527
1,55.4989
1,55.5818
1,55.7576
1,55.7831
1,55.8623
1,55.8866
1,56.0111
1,56.0201
1,56.0288
1,56.0739
1,56.0791
1,56.0985
1,56.1456
1,56.1638
1,56.3231
1,56.3702
1,56.4091
1,56.4540
1,56.5303
1,56.5521
1,56.6370
1,56.7905
1,56.9134
1,56.9569
1,56.9716
1,56.9913
1,57.0882
1,57.1438
1,57.1676
1,57.1695
1,57.2881
1,57.2981
1,57.3341
1,57.3530
1,57.3783
1,57.3831
1,57.4032
1,57.5540
1,57.5904
1,57.6256
1,57.6790
1,57.7052
1,57.7291
1,57.7302
1,57.8245
1,57.8975
1,57.9280
1,57.9872
1,58.0178
1,58.0252
1,58.0346
1,58.2357
1,58.3120
1,58.3389
1,58.4242
1,58.4679
1,58.5608
1,58.6269
1,58.7118
1,58.7121
1,58.9714
1,58.9742
1,59.0043
1,59.0122
1,59.0252
1,59.0569
1,59.0834
1,59.2574
1,59.2867
1,59.4678
1,59.5204
1,59.5504
1,59.6054
1,59.6575
1,59.6755
1,59.6930
1,59.8311
1,59.8359
1,59.8794
2,0.0785
2,0.1276
2,0.2453
2,0.4378
2,0.7274
2,0.8244
2,0.8690
2,0.8826
2,0.8858
2,1.1527
2,1.2693
2,1.3121
2,1.3947
2,1.5578
2,1.8932
2,1.9123
2,1.9906
2,2.1280
2,2.5293
2,2.6520
2,2.7363
2,2.8359
2,2.8664
2,2.9655
2,3.1366
2,3.1633
2,3.3957
2,3.4052
2,3.4473
2,3.4629
2,3.4703
2,3.7878
2,3.8152
2,3.8774
2,3.9623
2,3.9744
2,4.0042
2,4.0323
2,4.0645
2,4.1214
2,4.1564
2,4.3019
2,4.3642
2,4.4093
2,4.4317
2,4.5557
2,4.5977
2,4.6401
2,4.9275
2,4.9326
2,4.9779
2,5.0577
2,5.1769
2,5.2911
2,5.3191
2,5.3198
2,5.4152
2,5.4921
2,5.5001
2,5.5611
2,5.5789
2,5.5893
2,5.6630
2,5.7598
2,5.8434
2,5.8751
2,5.9551
2,6.0078
2,6.0699
2,6.1798
2,6.2579
2,6.3438
2,6.4856
2,6.5254
2,6.5895
2,6.6789
2,6.8326
2,6.8581
2,6.9848
2,7.0127
2,7.0470
2,7.0945
2,7.1045
2,7.2908
2,7.4612
2,7.7263
2,7.8040
2,7.9021
2,7.9325
2,7.9350
2,8.0497
2,8.0687
2,8.0936
2,8.5236
2,8.5379
2,8.5459
2,8.5527
2,8.6449
2,8.6835
2,8.7185
2,8.7873
2,8.7965
2,8.8087
2,9.0237
2,9.2070
2,9.2786
2,9.4901
2,9.4970
2,9.5668
2,9.6655
2,9.8255
2,9.8998
2,9.9725
2,10.0023
2,10.0973
2,10.1090
2,10.2775
2,10.3361
2,10.3460
2,10.3769
2,10.4307
2,10.7335
2,10.8308
2,10.9664
2,11.3660
2,11.4843
2,11.4909
2,11.5979
2,11.7261
2,11.7587
2,11.7740
2,11.8443
2,12.3816
2,12.5140
2,12.6908
2,12.8185
2,12.8552
2,12.9379
2,13.1910
2,13.2220
2,13.2269
2,13.8843
2,13.9274
2,14.3275
2,14.4048
2,14.4761
2,14.5674
2,14.6421
2,14.9258
2,14.9726
2,14.9869
2,15.1558
2,15.2550
2,15.2581
2,15.3566
2,15.5004
2,15.5334
2,15.5790
2,15.5902
2,15.6197
2,15.7173
2,15.7200
2,15.8494
2,16.1006
2,16.1106
2,16.1609
2,16.1813
2,16.2386
2,16.3757
2,16.4680
2,16.5133
2,16.5317
2,16.8803
2,16.9069
2,16.9382
2,16.9386
2,17.3230
2,17.4543
2,17.6263
2,17.7936
2,17.8397
2,17.8907
2,18.0356
2,18.1466
2,18.1538
2,18.2134
2,18.4957
2,18.5756
2,18.6628
2,18.6893
2,19.0370
2,19.2483
2,19.3102
2,19.3483
2,19.3763
2,19.4218
2,19.4362
2,19.4604
2,19.4648
2,19.6350
2,19.6426
2,19.6472
2,19.8156
2,19.8828
2,19.9944
2,20.1445
2,20.2037
2,20.3201
2,20.3836
2,20.7111
2,20.8571
2,20.8883
2,20.9504
2,20.9695
2,21.0793
2,21.1033
2,21.1661
2,21.2310
2,21.3016
2,21.3262
2,21.3907
2,21.5526
2,21.5783
2,21.6152
2,21.7194
2,21.7392
2,22.0012
2,22.1266
2,22.2524
2,22.3607
2,22.3929
2,22.4455
2,22.5074
2,22.5739
2,22.6936
2,22.7260
2,22.7784
2,23.0802
2,23.3279
2,23.3588
2,23.4540
2,23.4755
2,23.5109
2,23.5447
2,23.6372
2,23.8661
2,23.9211
2,24.1826
2,24.3750
2,24.4402
2,24.5386
2,24.6214
2,24.7763
2,24.8541
2,24.9159
2,24.9950
2,25.0700
2,25.0955
2,25.0976
2,25.1413
2,25.1799
2,25.6954
2,25.7677
2,25.8442
2,25.9382
2,26.0404
2,26.0555
2,26.1117
2,26.1189
2,26.1190
2,26.1817
2,26.5258
2,26.5812
2,26.5876
2,26.6175
2,26.6350
2,26.7467
2,26.7797
2,26.8694
2,26.9172
2,27.0063
2,27.0890
2,27.2789
2,27.3107
2,27.3474
2,27.4034
2,27.4675
2,27.4875
2,27.5568
2,27.6719
2,27.6979
2,27.8835
2,28.0375
2,28.1801
2,28.3004
2,28.3924
2,28.4497
2,28.5447
2,28.7105
2,28.7597
2,28.7755
2,29.0472
2,29.2716
2,29.3104
2,29.3536
2,29.4893
2,29.5400
2,29.5922
2,29.6604
2,29.6838
2,29.7556
2,29.7767
2,29.8153
2,29.8451
2,29.8521
2,30.0333
2,30.0678
2,30.0997
2,30.6699
2,30.7480
2,30.7527
2,30.8018
2,30.8381
2,30.8949
2,30.9131
2,30.9296
2,30.9380
2,31.0496
2,31.0522
2,31.1859
2,31.2011
2,31.3265
2,31.4377
2,31.5335
2,31.5369
2,31.5748
2,31.6670
2,31.6689
2,31.7017
2,31.7462
2,31.9277
2,31.9509
2,31.9699
2,32.2652
2,32.3046
2,32.3443
2,32.4687
2,32.5748
2,32.6250
2,32.7082
2,32.7434
2,32.8465
2,32.8596
2,32.8726
2,32.9106
2,32.9122
2,32.9348
2,32.9989
2,33.0357
2,33.0485
2,33.5871
2,33.7563
2,33.7823
2,33.9411
2,34.1634
2,34.2835
2,34.2884
2,34.3605
2,34.4242
2,34.4904
2,34.5007
2,34.6092
2,34.7935
2,34.8010
2,34.8283
2,34.8293
2,34.9794
2,35.3948
2,35.3965
2,35.5940
2,35.6448
2,35.8946
2,36.2192
2,36.3592
2,36.3708
2,36.4397
2,36.4560
2,36.8645
2,36.9198
2,36.9417
2,36.9725
2,37.2637
2,37.2737
2,37.3870
2,37.5780
2,37.6228
2,37.7171
2,37.7873
2,37.8401
2,37.8844
2,37.8904
2,37.9199
2,37.9366
2,37.9890
2,38.1101
2,38.1337
2,38.1622
2,38.1962
2,38.3314
2,38.5035
2,38.5165
2,38.7183
2,38.8509
2,38.8592
2,38.9547
2,39.0320
2,39.0962
2,39.1032
2,39.1934
2,39.2605
2,39.2876
2,39.3390
2,39.4658
2,39.4699
2,39.5171
2,39.6759
2,39.7243
2,39.8933
2,39.9088
2,40.0362
2,40.2759
2,40.2891
2,40.4413
2,40.4675
2,40.4781
2,40.4870
2,40.5318
2,40.5331
2,40.5574
2,40.6024
2,40.6530
2,40.6730
2,40.7061
2,40.7235
2,40.7475
2,40.8509
2,40.8971
2,41.0150
2,41.0389
2,41.0412
2,41.1078
2,41.2164
2,41.2250
2,41.3227
2,41.3333
2,41.3643
2,41.4347
2,41.4435
2,41.5277
2,41.5933
2,41.6859
2,41.6928
2,41.7179
2,41.8600
2,41.8621
2,42.0124
2,42.1251
2,42.1335
2,42.1479
2,42.2777
2,42.3347
2,42.3820
2,42.4089
2,42.4583
2,42.4966
2,42.5422
2,42.6956
2,42.6986
2,42.8874
2,42.9166
2,42.9453
2,43.0430
2,43.2124
2,43.2830
2,43.3068
2,43.3163
2,43.3629
2,43.3696
2,43.5340
2,43.5640
2,43.6756
2,43.8169
2,43.8910
2,44.0052
2,44.0772
2,44.1139
2,44.2227
2,44.3235
2,44.3367
2,44.4591
2,44.4980
2,44.7295
2,44.8892
2,44.9515
2,45.0324
2,45.0446
2,45.1028
2,45.1533
2,45.1930
2,45.2460
2,45.6040
2,45.6170
2,45.6247
2,45.6766
2,45.7112
2,45.8007
2,45.8249
2,45.9922
2,46.1340
2,46.1519
2,46.1636
2,46.2613
2,46.2642
2,46.2907
2,46.4641
2,46.4759
2,46.5503
2,46.6041
2,46.8912
2,46.9306
2,47.0770
2,47.2807
2,47.2948
2,47.3509
2,47.4152
2,47.4706
2,47.6213
2,47.6257
2,47.6490
2,47.6672
2,47.6748
2,47.6972
2,47.7300
2,47.7639
2,47.7666
2,47.8294
2,47.8443
2,47.8900
2,47.9464
2,48.0244
2,48.0656
2,48.0730
2,48.0741
2,48.1171
2,48.2541
2,48.5562
2,48.6695
2,48.7078
2,48.9387
2,49.1457
2,49.2711
2,49.4841
2,49.6027
2,49.6670
2,49.8008
2,49.8867
2,50.0846
2,50.1059
2,50.1188
2,50.1714
2,50.1818
2,50.2357
2,50.3336
2,50.4982
2,50.8003
2,50.8330
2,50.8746
2,50.9124
2,50.9165
2,50.9314
2,50.9406
2,51.0117
2,51.0600
2,51.3025
2,51.3050
2,51.3325
2,51.3761
2,51.4547
2,51.4773
2,51.5097
2,51.5327
2,51.6320
2,51.6547
2,51.7620
2,51.8698
2,51.9354
2,51.9669
2,51.9771
2,52.0259
2,52.1229
2,52.9446
2,52.9768
2,52.9892
2,52.9970
2,53.1885
2,53.2478
2,53.2782
2,53.3288
2,53.3639
2,53.4118
2,53.4959
2,53.5179
2,53.6343
2,53.7706
2,53.7831
2,53.7968
2,53.8456
2,53.9630
2,54.0018
2,54.4453
2,54.5874
2,54.5920
2,54.6677
2,54.7821
2,54.7939
2,54.9570
2,54.9782
2,54.9983
2,55.0795
2,55.0852
2,55.1754
2,55.1996
2,55.2202
2,55.3242
2,55.3832
2,55.4927
2,55.5603
2,55.7453
2,55.8827
2,55.9252
2,56.0155
2,56.0260
2,56.1300
2,56.1401
2,56.1417
2,56.1861
2,56.2237
2,56.3218
2,56.3292
2,56.5270
2,56.6853
2,56.9247
2,56.9333
2,56.9703
2,56.9865
2,57.0077
2,57.0580
2,57.0845
2,57.1060
2,57.1444
2,57.2103
2,57.2263
2,57.2613
2,57.3156
2,57.4940
2,57.5603
2,57.7991
2,58.0572
2,58.0759
2,58.0843
2,58.3388
2,58.5481
2,58.9062
2,59.0295
2,59.0386
2,59.1204
2,59.1854
2,59.3364
2,59.3550
2,59.3714
2,59.4448
2,59.4561
2,59.4685
2,59.6683
2,59.9043
3,0.0180
3,0.2037
3,0.3168
3,0.4532
3,0.5157
3,0.5742
3,0.6408
3,0.6508
3,0.7033
3,0.7139
3,0.7306
3,0.7527
3,0.8336
3,0.8739
3,0.9140
3,0.9743
3,1.0142
3,1.0847
3,1.0890
3,1.1175
3,1.1592
3,1.1657
3,1.2001
3,1.2351
3,1.3039
3,1.3259
3,1.3873
3,1.4638
3,1.5297
3,1.5477
3,1.6207
3,1.6879
3,1.7097
3,1.7246
3,1.7455
3,1.7552
3,1.8011
3,1.8426
3,1.8759
3,1.8955
3,1.9016
3,2.0296
3,2.0773
3,2.1622
3,2.2623
3,2.3477
3,2.3788
3,2.4347
3,2.4373
3,2.5326
3,2.6657
3,2.8188
3,2.8344
3,2.8483
3,2.8866
3,2.9438
3,2.9953
3,3.1070
3,3.1493
3,3.1900
3,3.2334
3,3.2651
3,3.2958
3,3.3175
3,3.3260
3,3.3431
3,3.3515
3,3.3889
3,3.5935
3,3.6428
3,3.6868
3,3.7326
3,3.7465
3,3.7837
3,3.7965
3,3.8577
3,3.9613
3,3.9751
3,4.1279
3,4.2521
3,4.2522
3,4.2772
3,4.2892
3,4.2987
3,4.3973
3,4.4676
3,4.5047
3,4.5959
3,4.6770
3,4.6823
3,4.6869
3,4.7664
3,4.7721
3,4.8777
3,4.9356
3,5.0071
3,5.0369
3,5.0544
3,5.0772
3,5.0842
3,5.1081
3,5.1737
3,5.2893
3,5.2929
3,5.4033
3,5.5740
3,5.7211
3,5.7653
3,5.8754
3,5.9557
3,5.9982
3,6.0448
3,6.0547
3,6.1515
3,6.1560
3,6.2204
3,6.4370
3,6.5168
3,6.5619
3,6.5886
3,6.6942
3,6.6994
3,6.7373
3,6.8206
3,6.8435
3,6.8711
3,6.8763
3,6.8854
3,6.8870
3,6.9110
3,6.9521
3,6.9744
3,6.9939
3,7.0585
3,7.2132
3,7.2554
3,7.2994
3,7.3180
3,7.3442
3,7.3672
3,7.5386
3,7.6081
3,7.6940
3,7.7060
3,7.8027
3,7.8352
3,7.8436
3,7.9009
3,7.9098
3,7.9436
3,7.9510
3,7.9951
3,8.0077
3,8.0212
3,8.0303
3,8.0326
3,8.0401
3,8.1235
3,8.1499
3,8.2499
3,8.3993
3,8.5612
3,8.5653
3,8.6091
3,8.6151
3,8.7339
3,8.8188
3,8.8439
3,8.8714
3,8.9168
3,8.9824
3,9.0864
3,9.0929
3,9.1389
3,9.1657
3,9.1836
3,9.2524
3,9.2812
3,9.3602
3,9.4582
3,9.4847
3,9.4856
3,9.6828
3,9.7512
3,9.8782
3,9.8835
3,9.8913
3,9.8948
3,9.9085
3,9.9090
3,10.0263
3,10.0474
3,10.1368
3,10.2367
3,10.3359
3,10.3730
3,10.5699
3,10.6938
3,10.8725
3,10.9220
3,11.0363
3,11.0706
3,11.1446
3,11.2119
3,11.2160
3,11.2286
3,11.3153
3,11.3168
3,11.3987
3,11.4480
3,11.7111
3,11.7131
3,11.7535
3,11.9312
3,11.9317
3,11.9913
3,12.0155
3,12.0317
3,12.1076
3,12.1426
3,12.1902
3,12.1902
3,12.2339
3,12.2384
3,12.2752
3,12.2802
3,12.3418
3,12.3524
3,12.3539
3,12.4493
3,12.4630
3,12.4634
3,12.5303
3,12.5720
3,12.6249
3,12.7397
3,12.7511
3,12.7669
3,12.8438
3,12.8691
3,12.8856
3,12.9793
3,13.0034
3,13.0267
3,13.1904
3,13.1914
3,13.3594
3,13.3820
3,13.5650
3,13.5727
3,13.6207
3,13.6957
3,13.7736
3,13.7790
3,13.7840
3,13.8381
3,13.8435
3,13.9336
3,14.0387
3,14.0472
3,14.1292
3,14.1320
3,14.3076
3,14.3488
3,14.4225
3,14.4954
3,14.5553
3,14.6052
3,14.6068
3,14.7192
3,14.7708
3,14.7868
3,14.8105
3,14.8356
3,14.8393
3,14.8510
3,14.8521
3,14.9022
3,14.9322
3,15.1110
3,15.1262
3,15.1741
3,15.1780
3,15.1982
3,15.2511
3,15.4206
3,15.6034
3,15.6062
3,15.6606
3,15.6747
3,15.7917
3,15.8665
3,15.8797
3,15.9072
3,15.9077
3,15.9367
3,15.9809
3,16.0170
3,16.0897
3,16.0980
3,16.1964
3,16.2229
3,16.2504
3,16.2701
3,16.3545
3,16.3833
3,16.4040
3,16.4602
3,16.5170
3,16.5393
3,16.6468
3,16.6737
3,16.7463
3,16.7659
3,16.8510
3,16.9337
3,17.0043
3,17.0937
3,17.1416
3,17.1530
3,17.1929
3,17.2061
3,17.2598
3,17.2664
3,17.3136
3,17.3224
3,17.3720
3,17.6012
3,17.6654
3,17.6859
3,17.7012
3,17.7314
3,17.7714
3,17.8234
3,17.8397
3,17.8958
3,17.9061
3,18.0515
3,18.1248
3,18.1610
3,18.2251
3,18.2346
3,18.3440
3,18.4734
3,18.4855
3,18.4877
3,18.5122
3,18.5741
3,18.7744
3,18.7972
3,18.8195
3,18.8267
3,18.9396
3,19.1139
3,19.1179
3,19.1232
3,19.1402
3,19.2648
3,19.5338
3,19.5582
3,19.6363
3,19.6864
3,19.7000
3,19.7443
3,19.9071
3,19.9872
3,20.0712
3,20.1478
3,20.1563
3,20.1961
3,20.2611
3,20.3032
3,20.3038
3,20.3091
3,20.4403
3,20.5196
3,20.5954
3,20.7161
3,20.7840
3,20.9958
3,21.1275
3,21.1452
3,21.1683
3,21.2099
3,21.2271
3,21.3366
3,21.3474
3,21.3972
3,21.4737
3,21.5236
3,21.5401
3,21.5785
3,21.5871
3,21.6279
3,21.6732
3,21.7121
3,21.7562
3,21.7720
3,21.9609
3,22.0332
3,22.0874
3,22.1481
3,22.1748
3,22.3192
3,22.3278
3,22.3302
3,22.3924
3,22.4411
3,22.4632
3,22.6849
3,22.7545
3,22.7950
3,22.8826
3,22.8925
3,22.9158
3,22.9283
3,22.9415
3,23.0259
3,23.0613
3,23.1072
3,23.1279
3,23.1353
3,23.1522
3,23.1697
3,23.2223
3,23.2952
3,23.5288
3,23.6537
3,23.9092
3,23.9956
3,23.9962
3,24.0027
3,24.0534
3,24.0922
3,24.1061
3,24.1206
3,24.1962
3,24.2210
3,24.2984
3,24.3679
3,24.3966
3,24.4403
3,24.4614
3,24.5146
3,24.6614
3,24.7453
3,24.8013
3,24.8789
3,24.9094
3,24.9395
3,24.9479
3,24.9751
3,25.0193
3,25.0433
3,25.0469
3,25.0495
3,25.0695
3,25.0827
3,25.1174
3,25.1685
3,25.2184
3,25.2300
3,25.3138
3,25.4472
3,25.5002
3,25.5449
3,25.5568
3,25.5584
3,25.6337
3,25.7778
3,25.9461
3,25.9491
3,26.0113
3,26.0465
3,26.0475
3,26.0759
3,26.0917
3,26.1333
3,26.1960
3,26.2372
3,26.2900
3,26.3408
3,26.3408
3,26.5305
3,26.6177
3,26.6193
3,26.6334
3,26.6482
3,26.6548
3,26.6592
3,26.6979
3,26.7044
3,26.7830
3,26.8219
3,26.8361
3,26.9091
3,26.9722
3,27.1322
3,27.1419
3,27.1501
3,27.1591
3,27.1839
3,27.2868
3,27.4648
3,27.5154
3,27.6088
3,27.8418
3,27.8436
3,27.9783
3,27.9994
3,28.0000
3,28.0279
3,28.1878
3,28.2168
3,28.2565
3,28.2718
3,28.2720
3,28.4056
3,28.4536
3,28.4575
3,28.5132
3,28.5285
3,28.5317
3,28.5578
3,28.6566
3,28.7734
3,28.8428
3,28.9011
3,28.9155
3,28.9243
3,29.0181
3,29.0434
3,29.1904
3,29.2353
3,29.3066
3,29.3648
3,29.4011
3,29.4018
3,29.4097
3,29.4228
3,29.4268
3,29.4344
3,29.4796
3,29.5302
3,29.5989
3,29.6102
3,29.6979
3,29.7109
3,29.7121
3,29.7397
3,29.7509
3,29.8008
3,29.9432
3,29.9753
3,30.1141
3,30.1402
3,30.1417
3,30.2755
3,30.3111
3,30.4194
3,30.4325
3,30.4767
3,30.4814
3,30.5334
3,30.5614
3,30.6533
3,30.7056
3,30.7604
3,30.7853
3,30.8444
3,30.9209
3,30.9625
3,31.0612
3,31.0759
3,31.1145
3,31.1686
3,31.1926
3,31.2051
3,31.2107
3,31.2594
3,31.2748
3,31.2783
3,31.3247
3,31.3308
3,31.4471
3,31.4518
3,31.5278
3,31.5835
3,31.5864
3,31.6107
3,31.7053
3,31.7144
3,31.7490
3,31.8448
3,31.8551
3,31.8708
3,31.8767
3,32.0090
3,32.0142
3,32.1794
3,32.2063
3,32.2916
3,32.3657
3,32.4176
3,32.4481
3,32.4975
3,32.5180
3,32.5764
3,32.5768
3,32.5804
3,32.5864
3,32.5960
3,32.6107
3,32.7067
3,32.9059
3,32.9170
3,32.9207
3,32.9331
3,32.9967
3,33.0917
3,33.1199
3,33.1460
3,33.1944
3,33.2619
3,33.3047
3,33.3063
3,33.5158
3,33.5426
3,33.5756
3,33.5806
3,33.5838
3,33.5875
3,33.6273
3,33.6306
3,33.7989
3,33.8338
3,33.8677
3,33.9676
3,34.0006
3,34.0120
3,34.0705
3,34.0724
3,34.0791
3,34.1263
3,34.1272
3,34.1696
3,34.2769
3,34.5155
3,34.5964
3,34.6084
3,34.6307
3,34.6477
3,34.6658
3,34.7261
3,34.8276
3,34.8512
3,34.8518
3,34.8697
3,34.9094
3,34.9227
3,34.9464
3,35.0407
3,35.0560
3,35.0909
3,35.1293
3,35.2293
3,35.2562
3,35.3007
3,35.3229
3,35.3470
3,35.5992
3,35.6358
3,35.8407
3,35.8717
3,35.8743
3,35.8800
3,35.8820
3,35.9381
3,35.9824
3,35.9954
3,36.0636
3,36.1528
3,36.1969
3,36.2267
3,36.2490
3,36.2617
3,36.2980
3,36.3489
3,36.3839
3,36.4235
3,36.6152
3,36.7631
3,36.7901
3,36.8062
3,37.2388
3,37.2454
3,37.3084
3,37.4028
3,37.4039
3,37.5659
3,37.5985
3,37.6578
3,37.6672
3,37.8401
3,37.9343
3,37.9891
3,38.0092
3,38.0694
3,38.1382
3,38.3403
3,38.3474
3,38.3813
3,38.3953
3,38.4132
3,38.5683
3,38.5741
3,38.6629
3,38.8459
3,38.8472
3,38.8624
3,38.8859
3,38.8928
3,38.8970
3,38.9121
3,38.9230
3,38.9854
3,39.0474
3,39.1124
3,39.2660
3,39.2708
3,39.3081
3,39.3413
3,39.5010
3,39.5138
3,39.5901
3,39.6012
3,39.6060
3,39.6590
3,39.7111
3,39.8884
3,39.8945
3,39.9187
3,40.0524
3,40.1004
3,40.1805
3,40.1867
3,40.1879
3,40.2245
3,40.2448
3,40.3058
3,40.3967
3,40.5357
3,40.6792
3,40.7465
3,40.7516
3,40.7729
3,40.8169
3,40.9737
3,40.9746
3,41.0629
3,41.0804
3,41.0891
3,41.0960
3,41.1254
3,41.2631
3,41.3310
3,41.4348
3,41.4873
3,41.5261
3,41.8238
3,41.9262
3,42.0539
3,42.0540
3,42.0571
3,42.1109
3,42.2413
3,42.3130
3,42.3133
3,42.3907
3,42.4808
3,42.7229
3,42.7232
3,42.7287
3,42.8364
3,42.9009
3,42.9282
3,42.9665
3,43.0111
3,43.1508
3,43.2609
3,43.2990
3,43.3326
3,43.3605
3,43.4095
3,43.4978
3,43.5744
3,43.6989
3,43.7507
3,43.8105
3,43.8458
3,43.9684
3,44.2255
3,44.2540
3,44.3239
3,44.3369
3,44.3876
3,44.4677
3,44.4877
3,44.5235
3,44.7099
3,44.7101
3,44.8358
3,45.0365
3,45.0993
3,45.1595
3,45.1902
3,45.3100
3,45.3709
3,45.4204
3,45.4591
3,45.5231
3,45.5232
3,45.5455
3,45.5897
3,45.6384
3,45.6738
3,45.7986
3,45.8642
3,45.9174
3,46.1068
3,46.2213
3,46.3567
3,46.4626
3,46.5326
3,46.6192
3,46.6450
3,46.6555
3,46.7305
3,46.7364
3,46.7950
3,46.7982
3,46.8584
3,46.8675
3,46.8997
3,46.9176
3,46.9548
3,46.9832
3,46.9901
3,46.9964
3,46.9998
3,47.0411
3,47.0459
3,47.0689
3,47.0904
3,47.1151
3,47.1610
3,47.1761
3,47.2032
3,47.4678
3,47.5708
3,47.7143
3,47.7452
3,47.7611
3,47.8013
3,47.8271
3,47.9391
3,48.0622
3,48.1164
3,48.1544
3,48.1847
3,48.2300
3,48.2395
3,48.3735
3,48.3939
3,48.4132
3,48.6041
3,48.7495
3,48.8254
3,48.8375
3,48.8950
3,48.9524
3,48.9626
3,48.9705
3,48.9814
3,49.0279
3,49.0360
3,49.0482
3,49.0762
3,49.1137
3,49.1794
3,49.1913
3,49.3515
3,49.3706
3,49.4439
3,49.4458
3,49.4814
3,49.5011
3,49.5904
3,49.7170
3,49.7783
3,50.0892
3,50.0959
3,50.1491
3,50.1765
3,50.2248
3,50.2386
3,50.3238
3,50.4037
3,50.4289
3,50.4409
3,50.4836
3,50.5347
3,50.5868
3,50.6358
3,50.6464
3,50.6972
3,50.7314
3,50.8548
3,50.8549
3,50.8619
3,50.8949
3,50.9448
3,50.9859
3,51.0548
3,51.0709
3,51.0984
3,51.1309
3,51.1971
3,51.3373
3,51.3985
3,51.4013
3,51.4322
3,51.4770
3,51.4836
3,51.4955
3,51.5419
3,51.5746
3,51.6759
3,51.7616
3,51.8847
3,51.8935
3,51.9822
3,51.9898
3,51.9968
3,52.0161
3,52.0261
3,52.0993
3,52.1049
3,52.1939
3,52.2134
3,52.3037
3,52.3441
3,52.4040
3,52.4072
3,52.4881
3,52.5128
3,52.5220
3,52.5451
3,52.5740
3,52.5907
3,52.6321
3,52.7265
3,52.7592
3,52.7687
3,52.7991
3,52.8199
3,52.8256
3,52.8391
3,52.8654
3,52.9147
3,53.0265
3,53.0288
3,53.0399
3,53.0555
3,53.1491
3,53.1896
3,53.2092
3,53.2365
3,53.2787
3,53.2937
3,53.3889
3,53.4762
3,53.5172
3,53.6548
3,53.6559
3,53.8612
3,54.1039
3,54.1135
3,54.1321
3,54.1629
3,54.1694
3,54.2220
3,54.2353
3,54.2906
3,54.3331
3,54.3696
3,54.3792
3,54.4042
3,54.4892
3,54.5951
3,54.6020
3,54.6065
3,54.6355
3,54.6417
3,54.7455
3,54.8551
3,54.9293
3,54.9553
3,54.9615
3,54.9637
3,55.0284
3,55.0875
3,55.1087
3,55.1682
3,55.2161
3,55.2210
3,55.2371
3,55.3040
3,55.3416
3,55.4419
3,55.4692
3,55.6085
3,55.7014
3,55.8082
3,55.8629
3,55.8685
3,55.8877
3,56.0684
3,56.0852
3,56.1350
3,56.2599
3,56.3738
3,56.4619
3,56.5559
3,56.6312
3,56.7145
3,56.7475
3,56.8290
3,56.8623
3,56.9831
3,57.0174
3,57.1010
3,57.1408
3,57.1474
3,57.3199
3,57.3458
3,57.3637
3,57.3684
3,57.4020
3,57.4329
3,57.5617
3,57.6373
3,57.6477
3,57.6762
3,57.7262
3,57.8718
3,57.8747
3,57.8987
3,57.9114
3,57.9554
3,57.9966
3,58.0694
3,58.1078
3,58.1575
3,58.2018
3,58.2097
3,58.2248
3,58.2426
3,58.5457
3,58.5520
3,58.5614
3,58.5624
3,58.6011
3,58.6800
3,58.7521
3,58.7960
3,58.8414
3,58.8751
3,58.9163
3,58.9804
3,59.2396
3,59.3690
3,59.4660
3,59.5981
3,59.6059
3,59.7037
3,59.8460
3,59.8500
3,59.8714
3,59.9503
3,59.9673
3,59.9861
4,0.0006
4,0.0244
4,0.0600
4,0.0925
4,0.0949
4,0.2058
4,0.2165
4,0.2759
4,0.3386
4,0.3466
4,0.3487
4,0.3504
4,0.3716
4,0.4277
4,0.4370
4,0.4417
4,0.4995
4,0.5096
4,0.6169
4,0.6606
4,0.7177
4,0.8526
4,0.8640
4,0.9169
4,0.9442
4,0.9533
4,1.0116
4,1.0139
4,1.1349
4,1.2090
4,1.4642
4,1.5040
4,1.6670
4,1.6800
4,1.7288
4,1.7774
4,1.8524
4,2.0405
4,2.1430
4,2.1480
4,2.2021
4,2.2270
4,2.2358
4,2.2781
4,2.3111
4,2.3133
4,2.3646
4,2.3710
4,2.4611
4,2.4805
4,2.5386
4,2.5509
4,2.6995
4,2.7031
4,2.8450
4,2.8578
4,2.8680
4,2.9275
4,2.9786
4,3.1832
4,3.2268
4,3.2419
4,3.2992
4,3.3509
4,3.4026
4,3.6229
4,3.6421
4,3.6777
4,3.7900
4,3.8585
4,3.8734
4,3.9640
4,3.9759
4,4.0462
4,4.1716
4,4.2644
4,4.2653
4,4.3113
4,4.3221
4,4.3473
4,4.4365
4,4.4489
4,4.6201
4,4.6218
4,4.6340
4,4.6373
4,4.6814
4,4.6999
4,4.7453
4,4.8801
4,4.9433
4,4.9463
4,4.9467
4,5.0169
4,5.0237
4,5.0713
4,5.2270
4,5.2797
4,5.3642
4,5.3955
4,5.4277
4,5.4300
4,5.4403
4,5.4433
4,5.4678
4,5.5395
4,5.5484
4,5.6647
4,5.7125
4,5.7711
4,5.8811
4,5.9250
4,5.9840
4,6.0333
4,6.0377
4,6.0510
4,6.1531
4,6.3761
4,6.3875
4,6.4213
4,6.4408
4,6.5081
4,6.5590
4,6.5617
4,6.7842
4,6.9508
4,7.0326
4,7.0828
4,7.1048
4,7.1375
4,7.1634
4,7.1964
4,7.2012
4,7.3224
4,7.3778
4,7.4150
4,7.4931
4,7.5723
4,7.5741
4,7.5852
4,7.6278
4,7.7370
4,7.8512
4,7.8751
4,7.9656
4,7.9670
4,8.0437
4,8.0821
4,8.1028
4,8.1533
4,8.2117
4,8.3929
4,8.6145
4,8.6508
4,8.7630
4,8.7958
4,8.8581
4,8.8737
4,8.8837
4,8.9335
4,8.9588
4,8.9811
4,8.9852
4,8.9938
4,9.0647
4,9.1352
4,9.1758
4,9.2312
4,9.2344
4,9.3431
4,9.3980
4,9.4715
4,9.4831
4,9.5506
4,9.6194
4,9.6449
4,9.8679
4,9.8935
4,10.0358
4,10.1444
4,10.2946
4,10.3319
4,10.3458
4,10.3574
4,10.4448
4,10.4928
4,10.5312
4,10.5660
4,10.5685
4,10.5956
4,10.7600
4,10.8229
4,10.8383
4,10.9514
4,11.0228
4,11.2202
4,11.2412
4,11.2570
4,11.3990
4,11.4325
4,11.4591
4,11.5348
4,11.5633
4,11.5784
4,11.6599
4,11.7131
4,11.7231
4,11.8017
4,11.8122
4,11.8152
4,11.8787
4,11.8945
4,11.9503
4,12.3609
4,12.5554
4,12.5728
4,12.5958
4,12.6725
4,12.6728
4,12.7289
4,12.7488
4,12.8130
4,12.8865
4,12.9568
4,12.9600
4,12.9686
4,13.1009
4,13.1106
4,13.1519
4,13.2697
4,13.2711
4,13.2850
4,13.3549
4,13.3634
4,13.4155
4,13.5312
4,13.5885
4,13.7155
4,13.7389
4,13.8212
4,13.9432
4,13.9639
4,14.0856
4,14.0921
4,14.1473
4,14.1583
4,14.2371
4,14.2873
4,14.3598
4,14.4690
4,14.5135
4,14.5305
4,14.6556
4,14.8342
4,14.9612
4,14.9706
4,15.0723
4,15.1388
4,15.1746
4,15.1827
4,15.2598
4,15.3297
4,15.3472
4,15.3787
4,15.3900
4,15.5620
4,15.6044
4,15.6651
4,15.7198
4,15.8202
4,15.8883
4,15.9076
4,15.9480
4,15.9720
4,16.0098
4,16.0806
4,16.1231
4,16.1826
4,16.1945
4,16.2390
4,16.3135
4,16.3796
4,16.4128
4,16.4279
4,16.6164
4,16.6765
4,16.7204
4,16.7315
4,16.8172
4,16.8729
4,16.8898
4,16.8906
4,16.9380
4,16.9509
4,16.9837
4,17.0586
4,17.1319
4,17.1370
4,17.1634
4,17.3045
4,17.3238
4,17.3529
4,17.3867
4,17.3870
4,17.4694
4,17.4735
4,17.4935
4,17.5088
4,17.5631
4,17.5907
4,17.6682
4,17.7630
4,17.7729
4,17.7862
4,17.8452
4,17.9472
4,18.1444
4,18.1596
4,18.2761
4,18.2854
4,18.3184
4,18.4227
4,18.4395
4,18.4506
4,18.4529
4,18.5123
4,18.5658
4,18.8037
4,18.8461
4,18.8588
4,18.8883
4,18.8923
4,18.9619
4,19.0446
4,19.0604
4,19.0796
4,19.0846
4,19.0898
4,19.1254
4,19.1736
4,19.1744
4,19.2442
4,19.2659
4,19.3190
4,19.3687
4,19.4683
4,19.5950
4,19.7179
4,19.7438
4,19.8052
4,19.8157
4,19.8551
4,19.8782
4,19.9037
4,19.9989
4,20.1485
4,20.1747
4,20.2811
4,20.3177
4,20.3375
4,20.3688
4,20.3916
4,20.4016
4,20.4045
4,20.4063
4,20.4871
4,20.5397
4,20.5669
4,20.6070
4,20.8831
4,20.9183
4,20.9336
4,21.0106
4,21.0188
4,21.0751
4,21.1098
4,21.1603
4,21.1812
4,21.2128
4,21.3021
4,21.3078
4,21.4089
4,21.5237
4,21.5541
4,21.6338
4,21.6963
4,21.7429
4,21.8318
4,21.8591
4,21.9769
4,22.1338
4,22.1952
4,22.2088
4,22.2118
4,22.2439
4,22.2482
4,22.2779
4,22.4359
4,22.5272
4,22.5323
4,22.5468
4,22.6180
4,22.8152
4,22.8995
4,22.9093
4,22.9414
4,23.0424
4,23.0963
4,23.1256
4,23.5128
4,23.5935
4,23.6351
4,23.7082
4,23.7252
4,23.8436
4,23.8908
4,23.9665
4,24.3044
4,24.3491
4,24.3907
4,24.4400
4,24.4674
4,24.5227
4,24.5274
4,24.6528
4,24.9420
4,24.9859
4,24.9866
4,25.0087
4,25.0094
4,25.0202
4,25.1729
4,25.2055
4,25.2488
4,25.3014
4,25.3167
4,25.4400
4,25.5040
4,25.5712
4,25.6195
4,25.6987
4,25.7334
4,25.8304
4,25.8839
4,25.8870
4,25.8930
4,25.9237
4,25.9258
4,25.9310
4,25.9610
4,25.9834
4,26.0498
4,26.0687
4,26.0888
4,26.1184
4,26.1208
4,26.1869
4,26.2723
4,26.5004
4,26.5979
4,26.6222
4,26.7177
4,27.0434
4,27.0592
4,27.2637
4,27.2918
4,27.2956
4,27.3001
4,27.3135
4,27.3852
4,27.4658
4,27.5413
4,27.5737
4,27.6266
4,27.7056
4,27.7548
4,27.7936
4,27.8114
4,27.8425
4,27.9368
4,27.9876
4,28.0019
4,28.0190
4,28.1201
4,28.2730
4,28.2961
4,28.3286
4,28.3289
4,28.3363
4,28.4139
4,28.6732
4,28.7329
4,28.7849
4,28.8818
4,28.9039
4,28.9551
4,28.9869
4,29.0180
4,29.0313
4,29.0691
4,29.1157
4,29.2399
4,29.4368
4,29.4429
4,29.4506
4,29.5652
4,29.6187
4,29.7100
4,29.7165
4,29.7275
4,29.7804
4,29.8173
4,29.8566
4,30.0030
4,30.0915
4,30.1229
4,30.2689
4,30.3072
4,30.3961
4,30.4822
4,30.5110
4,30.5806
4,30.7413
4,30.8859
4,30.9450
4,30.9623
4,30.9827
4,31.0827
4,31.1312
4,31.1805
4,31.1841
4,31.2033
4,31.2755
4,31.2941
4,31.3048
4,31.3305
4,31.4062
4,31.4836
4,31.5350
4,31.5763
4,31.7093
4,31.8298
4,31.8645
4,32.0043
4,32.1589
4,32.2287
4,32.2628
4,32.3122
4,32.3319
4,32.4485
4,32.4896
4,32.5853
4,32.6803
4,32.6842
4,32.8131
4,32.8257
4,32.8465
4,32.8991
4,32.9544
4,32.9854
4,33.0161
4,33.1055
4,33.1536
4,33.2319
4,33.3671
4,33.4064
4,33.4485
4,33.4797
4,33.5022
4,33.6224
4,33.6313
4,33.7128
4,33.7473
4,33.7859
4,33.9611
4,33.9898
4,34.0230
4,34.0405
4,34.0772
4,34.0919
4,34.1466
4,34.1740
4,34.2125
4,34.3727
4,34.6563
4,34.6690
4,34.8020
4,34.8043
4,34.8559
4,35.0554
4,35.1107
4,35.2777
4,35.3614
4,35.4024
4,35.4602
4,35.5161
4,35.6028
4,35.6385
4,35.6777
4,35.9404
4,35.9605
4,35.9838
4,36.0195
4,36.0595
4,36.0756
4,36.0948
4,36.0986
4,36.1160
4,36.1865
4,36.2242
4,36.2352
4,36.2365
4,36.2605
4,36.2691
4,36.2702
4,36.3569
4,36.4360
4,36.4527
4,36.4649
4,36.5331
4,36.5676
4,36.6030
4,36.6374
4,36.7137
4,36.9313
4,36.9785
4,37.1985
4,37.2108
4,37.2695
4,37.2751
4,37.3321
4,37.4213
4,37.4346
4,37.4532
4,37.5335
4,37.5568
4,37.5582
4,37.6380
4,37.7140
4,37.7321
4,37.9047
4,37.9254
4,37.9333
4,37.9655
4,37.9679
4,38.0061
4,38.0672
4,38.2745
4,38.4375
4,38.4920
4,38.4957
4,38.5447
4,38.6210
4,38.7418
4,38.9004
4,38.9350
4,38.9400
4,39.0564
4,39.0683
4,39.1355
4,39.1540
4,39.1713
4,39.3265
4,39.3798
4,39.4995
4,39.5267
4,39.5689
4,39.6194
4,39.7335
4,39.7730
4,39.8240
4,39.8733
4,39.9314
4,39.9382
4,39.9658
4,39.9685
4,39.9707
4,40.1814
4,40.1869
4,40.2526
4,40.2804
4,40.2959
4,40.3934
4,40.4049
4,40.5275
4,40.5557
4,40.5594
4,40.5827
4,40.6457
4,40.6718
4,40.6834
4,40.7080
4,40.7187
4,40.8414
4,40.8844
4,40.9376
4,41.1202
4,41.1352
4,41.1465
4,41.1616
4,41.3266
4,41.4238
4,41.6313
4,41.6380
4,41.6560
4,41.6671
4,41.7469
4,41.7610
4,41.9104
4,41.9362
4,42.0675
4,42.0936
4,42.1011
4,42.1729
4,42.1965
4,42.2048
4,42.2262
4,42.2524
4,42.5913
4,42.6555
4,42.6647
4,42.6855
4,42.7315
4,42.7497
4,42.7747
4,42.7870
4,42.7926
4,42.9268
4,42.9502
4,42.9984
4,43.0175
4,43.1730
4,43.2145
4,43.2212
4,43.2657
4,43.3210
4,43.3265
4,43.4271
4,43.4693
4,43.4795
4,43.6423
4,43.7270
4,43.7867
4,43.7893
4,43.9855
4,44.0167
4,44.0428
4,44.0463
4,44.0662
4,44.1839
4,44.2998
4,44.3056
4,44.3377
4,44.4167
4,44.4590
4,44.4752
4,44.5366
4,44.5786
4,44.6241
4,44.6352
4,44.6684
4,44.7566
4,44.7988
4,44.8586
4,44.8869
4,44.9878
4,44.9952
4,45.0710
4,45.0834
4,45.1017
4,45.2411
4,45.2742
4,45.3111
4,45.3770
4,45.4521
4,45.5167
4,45.5680
4,45.5685
4,45.5792
4,45.5995
4,45.7163
4,45.8805
4,45.9225
4,45.9523
4,46.1601
4,46.2056
4,46.2854
4,46.3386
4,46.3679
4,46.4044
4,46.4713
4,46.6233
4,46.6601
4,46.6938
4,46.6974
4,46.7057
4,46.7063
4,46.7151
4,46.8114
4,46.8959
4,46.9923
4,46.9942
4,47.0647
4,47.0850
4,47.1260
4,47.2654
4,47.3179
4,47.3260
4,47.3577
4,47.5585
4,47.7062
4,47.8065
4,47.8152
4,47.8260
4,47.8325
4,47.8416
4,47.8424
4,47.9614
4,48.0385
4,48.1388
4,48.1820
4,48.1822
4,48.2222
4,48.2264
4,48.3509
4,48.3529
4,48.3773
4,48.4943
4,48.5931
4,48.7042
4,48.7688
4,48.7831
4,48.8816
4,49.0091
4,49.1383
4,49.2429
4,49.3121
4,49.4595
4,49.5620
4,49.5665
4,49.5891
4,49.6164
4,49.7452
4,49.7984
4,49.8018
4,49.8090
4,49.8331
4,49.8491
4,49.8605
4,49.8809
4,49.9508
4,50.0301
4,50.1979
4,50.2496
4,50.2753
4,50.3098
4,50.3126
4,50.3378
4,50.3518
4,50.3602
4,50.3908
4,50.3999
4,50.4044
4,50.4654
4,50.5585
4,50.5960
4,50.5962
4,50.6257
4,50.6289
4,50.6989
4,50.8267
4,50.8805
4,50.8971
4,51.0634
4,51.1321
4,51.1371
4,51.1507
4,51.2327
4,51.2468
4,51.2911
4,51.3210
4,51.3427
4,51.3507
4,51.4259
4,51.4873
4,51.6183
4,51.6358
4,51.6387
4,51.7864
4,51.8455
4,51.8458
4,52.1309
4,52.2659
4,52.2933
4,52.3518
4,52.3721
4,52.3895
4,52.4241
4,52.4461
4,52.4704
4,52.4752
4,52.7893
4,52.8529
4,52.8602
4,52.8693
4,52.9544
4,53.4959
4,53.5391
4,53.5535
4,53.8461
4,53.9115
4,53.9304
4,53.9795
4,54.0254
4,54.1055
4,54.1667
4,54.3434
4,54.4492
4,54.4779
4,54.6428
4,54.6636
4,54.6973
4,54.7005
4,54.7866
4,54.8430
4,54.9305
4,55.1463
4,55.1785
4,55.2703
4,55.3401
4,55.4850
4,55.6737
4,55.8130
4,55.8556
4,55.8699
4,55.8775
4,55.8984
4,55.9319
4,56.1093
4,56.1389
4,56.1406
4,56.1683
4,56.1990
4,56.2173
4,56.2687
4,56.3029
4,56.3077
4,56.3500
4,56.4452
4,56.5152
4,56.5201
4,56.6864
4,56.7396
4,56.7825
4,56.7991
4,56.9150
4,56.9943
4,56.9965
4,57.0034
4,57.0068
4,57.0577
4,57.4437
4,57.6102
4,57.6673
4,57.9119
4,57.9492
4,57.9710
4,58.0154
4,58.0334
4,58.0563
4,58.1048
4,58.1694
4,58.2843
4,58.3211
4,58.4062
4,58.4087
4,58.4250
4,58.4372
4,58.4966
4,58.5051
4,58.7926
4,58.8448
4,58.9696
4,58.9749
4,59.0380
4,59.1336
4,59.1921
4,59.2411
4,59.3248
4,59.5241
4,59.5847
4,59.7075
4,59.7365
4,59.7729
4,59.8340
4,59.8457
4,59.8572
5,0.0239
5,0.0912
5,0.2923
5,0.3432
5,0.4376
5,0.4798
5,0.5546
5,0.5845
5,1.0070
5,1.1504
5,1.2480
5,1.8564
5,2.1770
5,2.1959
5,2.4580
5,2.6350
5,2.9118
5,2.9765
5,3.0753
5,3.3427
5,3.5813
5,3.7108
5,3.9555
5,3.9706
5,4.1442
5,4.1455
5,4.1578
5,4.1649
5,4.5914
5,4.8780
5,5.0407
5,5.1609
5,5.1848
5,5.2050
5,5.3921
5,5.6609
5,5.9188
5,6.4649
5,6.5645
5,6.5903
5,6.6106
5,6.6410
5,7.1586
5,7.1762
5,7.3002
5,7.7613
5,7.8607
5,7.8807
5,8.0659
5,8.0918
5,8.4237
5,8.4331
5,8.5465
5,8.7580
5,8.7843
5,8.7909
5,8.8975
5,8.9735
5,9.0190
5,9.1915
5,9.3869
5,9.8062
5,10.4529
5,10.5512
5,10.5605
5,10.6002
5,10.6055
5,10.6900
5,10.7056
5,11.1183
5,11.1278
5,11.3679
5,11.4074
5,11.4752
5,11.7275
5,11.7321
5,11.7595
5,11.8572
5,12.0086
5,12.1081
5,12.2222
5,12.4072
5,12.4130
5,12.4755
5,12.5698
5,12.7469
5,12.8410
5,12.9197
5,12.9711
5,13.0892
5,13.1199
5,13.1325
5,13.4776
5,13.6275
5,13.6433
5,13.6470
5,13.8042
5,14.0487
5,14.1630
5,14.1688
5,14.2004
5,14.2092
5,14.4287
5,14.4539
5,14.7372
5,14.9458
5,15.0381
5,15.1275
5,15.1437
5,15.1888
5,15.2058
5,15.4807
5,15.5840
5,15.5974
5,15.8678
5,15.8780
5,15.9168
5,16.2017
5,16.3493
5,16.4681
5,16.7845
5,16.8128
5,16.8654
5,16.9432
5,17.2270
5,17.2480
5,17.4931
5,17.4976
5,17.5433
5,17.5831
5,17.6798
5,17.7673
5,18.3851
5,18.4608
5,18.6164
5,18.6219
5,18.8473
5,18.9327
5,19.0055
5,19.0284
5,19.4700
5,19.6239
5,19.6727
5,19.6777
5,19.9541
5,20.1037
5,20.1868
5,20.2350
5,20.4366
5,20.6702
5,20.7515
5,20.8794
5,21.3961
5,22.0901
5,22.4083
5,22.5112
5,22.5298
5,22.8026
5,22.8080
5,22.8670
5,22.8733
5,23.0458
5,23.1146
5,23.2385
5,23.3309
5,23.4607
5,23.4801
5,23.4961
5,23.6779
5,23.7643
5,23.8534
5,23.8646
5,24.0090
5,24.1364
5,24.1405
5,24.1561
5,24.2762
5,24.2875
5,24.3340
5,24.3555
5,24.4609
5,24.5712
5,24.7053
5,24.9150
5,24.9903
5,24.9966
5,25.3013
5,25.4348
5,25.5092
5,25.6419
5,25.6812
5,25.7479
5,25.9349
5,26.0918
5,26.5332
5,26.5870
5,26.7194
5,26.8268
5,26.8344
5,26.8796
5,27.3440
5,27.4236
5,27.4402
5,27.5398
5,27.7496
5,28.0643
5,28.2272
5,28.2779
5,28.4531
5,28.6123
5,29.0114
5,29.1684
5,29.2741
5,29.3051
5,29.4241
5,29.4720
5,29.4936
5,29.8547
5,29.9262
5,30.1784
5,30.4129
5,30.4844
5,30.5462
5,30.7294
5,30.7326
5,30.9343
5,30.9777
5,31.0090
5,31.0470
5,31.3345
5,31.6792
5,31.7507
5,31.9153
5,32.7712
5,32.7987
5,32.9200
5,32.9532
5,33.3752
5,33.3853
5,33.3946
5,33.4716
5,33.4881
5,33.5451
5,33.7935
5,33.8573
5,33.8620
5,34.3871
5,34.4092
5,34.5254
5,34.6422
5,34.7109
5,34.7124
5,34.8029
5,34.8493
5,35.0208
5,35.0286
5,35.2336
5,35.3977
5,35.5652
5,35.7333
5,36.1523
5,36.1697
5,36.1818
5,36.1934
5,36.3048
5,36.3217
5,36.4359
5,36.5603
5,36.5774
5,36.8262
5,36.8916
5,37.0644
5,37.2395
5,37.2669
5,37.6135
5,37.6612
5,38.1615
5,38.1760
5,38.1783
5,38.2079
5,38.3020
5,38.4178
5,38.5796
5,38.7173
5,38.7760
5,38.9671
5,38.9777
5,38.9829
5,39.0038
5,39.0252
5,39.1006
5,39.2433
5,39.8333
5,39.8735
5,40.0141
5,40.0382
5,40.0465
5,40.0511
5,40.2526
5,40.8658
5,41.2870
5,41.3760
5,41.3831
5,41.4117
5,41.6592
5,41.6978
5,41.8344
5,41.8907
5,42.0017
5,42.2556
5,42.3461
5,43.1081
5,43.1799
5,43.2492
5,43.3531
5,43.3624
5,43.6170
5,43.6913
5,43.8771
5,43.9969
5,44.1341
5,44.2875
5,44.3326
5,44.5819
5,44.5820
5,44.5937
5,44.8011
5,45.2268
5,45.2717
5,45.2957
5,45.3989
5,45.4216
5,45.4256
5,45.5309
5,45.5476
5,45.6935
5,45.7646
5,46.1772
5,46.3060
5,46.4977
5,46.5957
5,46.7582
5,47.0166
5,47.1220
5,47.2270
5,47.2544
5,47.2585
5,47.3086
5,47.4226
5,47.6495
5,47.7544
5,48.1896
5,48.3421
5,48.6173
5,49.4974
5,49.8638
5,50.3296
5,50.4128
5,50.4401
5,50.5076
5,50.5209
5,50.5400
5,50.5435
5,50.5438
5,50.9050
5,51.4483
5,51.6229
5,51.7572
5,51.8627
5,52.4305
5,52.4911
5,52.7284
5,52.7711
5,52.8148
5,53.0064
5,53.2324
5,53.2517
5,53.4188
5,53.5763
5,53.6100
5,54.0093
5,54.1152
5,54.1810
5,54.2454
5,54.3120
5,54.3198
5,54.5377
5,54.9994
5,55.3347
5,55.4066
5,55.6034
5,55.6675
5,55.6924
5,55.7636
5,55.8366
5,55.8672
5,55.9455
5,56.0390
5,56.0851
5,56.0936
5,56.1329
5,56.4531
5,56.5803
5,56.6392
5,56.6854
5,56.8445
5,56.8758
5,56.9138
5,57.1890
5,57.2780
5,57.3044
5,57.3086
5,57.8330
5,57.8333
5,57.9461
5,58.1044
5,58.2255
5,58.2988
5,58.5863
5,58.9058
5,58.9828
5,59.0889
5,59.1963
5,59.3626
5,59.3954
5,59.4052
5,59.4858
5,59.5022
5,59.5961
5,59.8309
5,59.9215
6,0.0293
6,0.0866
6,0.0929
6,0.1028
6,0.1647
6,0.3767
6,0.4299
6,0.4592
6,0.5342
6,0.7548
6,0.7751
6,0.7954
6,0.7957
6,0.8199
6,0.8251
6,0.9463
6,1.1028
6,1.1105
6,1.3247
6,1.3624
6,1.3634
6,1.5028
6,1.5274
6,1.6200
6,1.6435
6,1.6573
6,1.7004
6,1.7090
6,1.7842
6,1.8738
6,1.8865
6,1.9571
6,2.0194
6,2.1822
6,2.1878
6,2.1977
6,2.2215
6,2.2328
6,2.2594
6,2.2639
6,2.3412
6,2.4027
6,2.4353
6,2.5804
6,2.8458
6,2.8732
6,3.0147
6,3.0444
6,3.1304
6,3.2214
6,3.2437
6,3.2993
6,3.3242
6,3.3986
6,3.4255
6,3.4338
6,3.5253
6,3.6002
6,3.6881
6,3.7548
6,3.8432
6,3.8556
6,3.9333
6,3.9466
6,3.9976
6,4.0508
6,4.0726
6,4.1270
6,4.2043
6,4.2438
6,4.2509
6,4.2671
6,4.3474
6,4.3807
6,4.4064
6,4.5325
6,4.5612
6,4.7463
6,4.8087
6,4.9184
6,4.9489
6,5.0424
6,5.0598
6,5.0799
6,5.1497
6,5.1571
6,5.1814
6,5.2426
6,5.3939
6,5.4089
6,5.5065
6,5.5452
6,5.7801
6,5.8971
6,5.9429
6,6.0257
6,6.0277
6,6.1328
6,6.1520
6,6.2301
6,6.2762
6,6.2989
6,6.4381
6,6.4393
6,6.4685
6,6.4900
6,6.5051
6,6.5538
6,6.6026
6,6.6453
6,6.7036
6,6.7209
6,6.8864
6,6.8898
6,7.0277
6,7.0314
6,7.0537
6,7.0888
6,7.1005
6,7.1313
6,7.1590
6,7.2234
6,7.2484
6,7.2813
6,7.3017
6,7.5319
6,7.5451
6,7.5778
6,7.6283
6,7.6525
6,7.6538
6,7.6983
6,7.7306
6,7.7315
6,7.7752
6,7.7911
6,7.8585
6,7.8608
6,7.8899
6,7.9066
6,7.9098
6,8.0202
6,8.0530
6,8.0764
6,8.1563
6,8.1874
6,8.2421
6,8.2745
6,8.3030
6,8.3593
6,8.3610
6,8.3926
6,8.5545
6,8.5618
6,8.6513
6,8.6652
6,8.7732
6,8.7819
6,8.8068
6,8.8522
6,9.0542
6,9.0693
6,9.1427
6,9.1665
6,9.2497
6,9.3035
6,9.3079
6,9.3479
6,9.3559
6,9.3733
6,9.4170
6,9.4279
6,9.5663
6,9.5967
6,9.6355
6,9.6762
6,9.7017
6,9.7244
6,9.7756
6,9.8772
6,9.9481
6,9.9586
6,10.0724
6,10.1357
6,10.2464
6,10.2681
6,10.3815
6,10.3933
6,10.4759
6,10.5073
6,10.5075
6,10.6443
6,10.7607
6,10.7727
6,10.7915
6,10.8650
6,10.9377
6,11.0046
6,11.0084
6,11.0199
6,11.0266
6,11.0629
6,11.0642
6,11.0709
6,11.1164
6,11.1244
6,11.1900
6,11.1957
6,11.3182
6,11.3314
6,11.3466
6,11.3468
6,11.4168
6,11.4486
6,11.6743
6,11.6810
6,11.7788
6,11.7892
6,11.8391
6,11.8583
6,11.8930
6,11.9002
6,11.9545
6,11.9814
6,11.9816
6,11.9986
6,11.9988
6,12.0076
6,12.0958
6,12.1164
6,12.1839
6,12.2578
6,12.2590
6,12.3997
6,12.4245
6,12.5044
6,12.5290
6,12.5507
6,12.6235
6,12.7578
6,12.7987
6,12.7999
6,12.8345
6,12.8517
6,12.8909
6,12.9175
6,12.9309
6,12.9333
6,12.9342
6,12.9957
6,13.0184
6,13.1540
6,13.3180
6,13.3844
6,13.4284
6,13.4442
6,13.4737
6,13.5150
6,13.6243
6,13.6759
6,13.6905
6,13.7159
6,13.8820
6,13.8947
6,13.9648
6,13.9734
6,13.9834
6,14.0993
6,14.1302
6,14.1637
6,14.1840
6,14.2080
6,14.2378
6,14.2507
6,14.2617
6,14.3402
6,14.3603
6,14.3920
6,14.5541
6,14.5557
6,14.5715
6,14.6085
6,14.7128
6,14.7922
6,14.9016
6,14.9181
6,14.9580
6,15.0902
6,15.1827
6,15.2180
6,15.2226
6,15.2671
6,15.2680
6,15.3528
6,15.4897
6,15.5594
6,15.5755
6,15.6091
6,15.6460
6,15.6678
6,15.7725
6,15.7943
6,15.8928
6,15.9332
6,15.9401
6,16.0506
6,16.0858
6,16.0911
6,16.2016
6,16.2778
6,16.2942
6,16.3221
6,16.4494
6,16.4707
6,16.5141
6,16.5953
6,16.6181
6,16.7187
6,16.7799
6,16.8208
6,16.8560
6,16.9509
6,17.0206
6,17.0536
6,17.0748
6,17.0992
6,17.1493
6,17.1507
6,17.1597
6,17.2995
6,17.3774
6,17.4491
6,17.4886
6,17.5048
6,17.5507
6,17.5525
6,17.5879
6,17.5886
6,17.6126
6,17.8274
6,17.8475
6,17.9073
6,17.9335
6,17.9355
6,17.9358
6,17.9441
6,17.9569
6,17.9825
6,17.9968
6,18.0353
6,18.1119
6,18.1134
6,18.1210
6,18.2671
6,18.3329
6,18.3422
6,18.3461
6,18.4442
6,18.5655
6,18.6034
6,18.6430
6,18.6475
6,18.6819
6,18.7229
6,18.8639
6,18.8735
6,18.8953
6,18.9283
6,18.9376
6,19.0161
6,19.0338
6,19.0512
6,19.1311
6,19.1361
6,19.1759
6,19.1940
6,19.2198
6,19.2534
6,19.3202
6,19.3684
6,19.4216
6,19.4663
6,19.4999
6,19.6003
6,19.6035
6,19.6593
6,19.6935
6,19.7037
6,19.8405
6,19.9388
6,20.0389
6,20.0597
6,20.1045
6,20.1657
6,20.2065
6,20.2574
6,20.3076
6,20.3369
6,20.3582
6,20.3796
6,20.3882
6,20.4767
6,20.6233
6,20.6595
6,20.6983
6,20.9537
6,21.0501
6,21.1252
6,21.1392
6,21.2169
6,21.2222
6,21.2346
6,21.2752
6,21.2951
6,21.3227
6,21.3456
6,21.4042
6,21.4280
6,21.4573
6,21.5732
6,21.6737
6,21.6769
6,21.6925
6,21.8000
6,21.8019
6,21.8138
6,21.8627
6,21.9085
6,21.9403
6,21.9695
6,22.0293
6,22.0963
6,22.1809
6,22.2161
6,22.2252
6,22.2709
6,22.3397
6,22.5187
6,22.5542
6,22.5762
6,22.6905
6,22.6929
6,22.7166
6,22.7646
6,22.7823
6,22.8833
6,22.9320
6,23.1243
6,23.1548
6,23.1662
6,23.2716
6,23.3049
6,23.3840
6,23.4204
6,23.4273
6,23.4339
6,23.4543
6,23.4610
6,23.4648
6,23.6173
6,23.6304
6,23.6718
6,23.6734
6,23.7002
6,23.7133
6,23.7414
6,23.8445
6,23.8650
6,23.9236
6,23.9398
6,24.0027
6,24.0105
6,24.0715
6,24.1393
6,24.1416
6,24.1434
6,24.1944
6,24.2149
6,24.3165
6,24.5638
6,24.6033
6,24.6515
6,24.6679
6,24.8436
6,24.8923
6,24.9279
6,24.9603
6,24.9648
6,25.0217
6,25.0311
6,25.0413
6,25.1013
6,25.1049
6,25.1426
6,25.1879
6,25.1922
6,25.2082
6,25.2836
6,25.3260
6,25.3496
6,25.3617
6,25.4063
6,25.4273
6,25.4584
6,25.5133
6,25.6113
6,25.8110
6,25.8824
6,25.9388
6,26.1343
6,26.1516
6,26.1882
6,26.2209
6,26.2730
6,26.3304
6,26.4906
6,26.5006
6,26.5414
6,26.5651
6,26.5750
6,26.5834
6,26.6027
6,26.6240
6,26.7411
6,26.7650
6,26.8091
6,26.8637
6,26.9104
6,26.9384
6,27.0591
6,27.1670
6,27.2075
6,27.2119
6,27.2410
6,27.2612
6,27.2978
6,27.3279
6,27.3663
6,27.4191
6,27.4759
6,27.5299
6,27.5978
6,27.6788
6,27.7074
6,27.8457
6,28.0108
6,28.0285
6,28.1460
6,28.1999
6,28.2473
6,28.2576
6,28.3037
6,28.3324
6,28.6048
6,28.6908
6,28.7309
6,28.8167
6,28.8488
6,28.8535
6,28.9762
6,29.0220
6,29.0422
6,29.1046
6,29.2113
6,29.2898
6,29.3177
6,29.3226
6,29.4271
6,29.4620
6,29.4638
6,29.4735
6,29.4763
6,29.5354
6,29.6490
6,29.7163
6,29.7278
6,29.8641
6,29.8745
6,29.9723
6,30.0162
6,30.0163
6,30.0282
6,30.0340
6,30.0785
6,30.1533
6,30.2108
6,30.3173
6,30.3722
6,30.3824
6,30.4485
6,30.4955
6,30.5286
6,30.6287
6,30.8555
6,30.8802
6,30.9172
6,30.9690
6,31.0390
6,31.1055
6,31.1102
6,31.1103
6,31.1608
6,31.1690
6,31.1904
6,31.2357
6,31.2437
6,31.3298
6,31.3733
6,31.3766
6,31.3773
6,31.3948
6,31.4150
6,31.4605
6,31.4691
6,31.5093
6,31.5472
6,31.5795
6,31.7146
6,31.7547
6,31.7548
6,31.8024
6,31.8082
6,31.8296
6,31.8552
6,31.8796
6,31.8920
6,31.9643
6,32.0087
6,32.0379
6,32.1443
6,32.1832
6,32.2210
6,32.2412
6,32.2835
6,32.3025
6,32.3565
6,32.3800
6,32.4114
6,32.4840
6,32.4863
6,32.4986
6,32.5476
6,32.5553
6,32.5936
6,32.6617
6,32.6726
6,32.6807
6,32.7296
6,32.7481
6,32.7500
6,32.7684
6,32.7852
6,32.8355
6,32.9725
6,32.9998
6,33.0296
6,33.0501
6,33.0623
6,33.1846
6,33.2001
6,33.3345
6,33.3555
6,33.6678
6,33.6858
6,33.6954
6,33.8965
6,33.9639
6,34.0359
6,34.2080
6,34.2573
6,34.2730
6,34.3043
6,34.3125
6,34.3600
6,34.3890
6,34.3958
6,34.4254
6,34.4390
6,34.5164
6,34.5467
6,34.6045
6,34.6515
6,34.6641
6,34.7733
6,34.7818
6,34.7996
6,34.8010
6,34.8533
6,34.8612
6,34.9320
6,34.9540
6,34.9739
6,34.9775
6,35.0781
6,35.2655
6,35.2835
6,35.3040
6,35.3504
6,35.3866
6,35.5206
6,35.5651
6,35.7329
6,35.8351
6,35.8635
6,35.8912
6,35.9631
6,36.0503
6,36.0899
6,36.0906
6,36.1478
6,36.2359
6,36.2439
6,36.3255
6,36.3487
6,36.3676
6,36.4085
6,36.4812
6,36.5066
6,36.5354
6,36.5818
6,36.7451
6,36.7627
6,36.7737
6,36.8190
6,36.8491
6,36.8718
6,36.9442
6,36.9929
6,37.0024
6,37.1936
6,37.2709
6,37.2773
6,37.3537
6,37.4711
6,37.5427
6,37.5799
6,37.5954
6,37.7137
6,37.7892
6,37.8968
6,37.9240
6,37.9305
6,37.9501
6,38.0232
6,38.0584
6,38.0866
6,38.1244
6,38.2718
6,38.3049
6,38.3925
6,38.3990
6,38.4278
6,38.4287
6,38.4352
6,38.4483
6,38.4878
6,38.6360
6,38.7096
6,38.7097
6,38.7196
6,38.8419
6,39.1182
6,39.1849
6,39.2764
6,39.3292
6,39.3934
6,39.4831
6,39.5069
6,39.5227
6,39.5435
6,39.6452
6,39.6581
6,39.8060
6,39.8283
6,39.8309
6,39.9573
6,40.0345
6,40.1550
6,40.1896
6,40.2117
6,40.2982
6,40.3407
6,40.3650
6,40.3976
6,40.4249
6,40.4250
6,40.4455
6,40.5053
6,40.5061
6,40.5380
6,40.5746
6,40.5774
6,40.6347
6,40.7936
6,40.9285
6,40.9383
6,40.9433
6,41.0135
6,41.1896
6,41.1911
6,41.2109
6,41.2211
6,41.2423
6,41.3107
6,41.3136
6,41.3541
6,41.3595
6,41.3599
6,41.3671
6,41.3692
6,41.4289
6,41.4452
6,41.4686
6,41.4874
6,41.5032
6,41.6134
6,41.6486
6,41.6838
6,41.7247
6,41.7319
6,41.7596
6,41.8109
6,41.8661
6,41.8857
6,41.8914
6,41.9188
6,42.0292
6,42.0839
6,42.1035
6,42.3312
6,42.3790
6,42.5805
6,42.6133
6,42.6227
6,42.6404
6,42.7243
6,42.7665
6,42.7755
6,42.8866
6,42.9016
6,42.9969
6,42.9993
6,43.0659
6,43.0680
6,43.1178
6,43.1412
6,43.2653
6,43.2937
6,43.4164
6,43.4527
6,43.4562
6,43.4694
6,43.4998
6,43.6455
6,43.6597
6,43.7618
6,43.8191
6,43.9073
6,43.9433
6,43.9566
6,43.9739
6,44.0122
6,44.0945
6,44.1427
6,44.2677
6,44.2681
6,44.2727
6,44.3065
6,44.3211
6,44.3890
6,44.4165
6,44.5110
6,44.5821
6,44.7113
6,44.7177
6,44.7425
6,44.7508
6,44.8118
6,44.8221
6,44.8584
6,44.9248
6,44.9648
6,45.0175
6,45.0202
6,45.0531
6,45.0733
6,45.0935
6,45.1429
6,45.2118
6,45.2279
6,45.2930
6,45.3640
6,45.3707
6,45.5287
6,45.6119
6,45.7362
6,45.7666
6,45.7815
6,45.7839
6,45.8706
6,46.0541
6,46.0983
6,46.1284
6,46.1811
6,46.1857
6,46.1979
6,46.2384
6,46.2725
6,46.4114
6,46.4480
6,46.4676
6,46.4911
6,46.5391
6,46.5461
6,46.5646
6,46.5806
6,46.7103
6,46.7294
6,46.7446
6,46.7531
6,46.7821
6,46.7838
6,46.8329
6,46.8879
6,46.8936
6,46.8949
6,46.9147
6,47.0824
6,47.1827
6,47.2502
6,47.3350
6,47.4361
6,47.4556
6,47.4864
6,47.5474
6,47.5622
6,47.6829
6,47.7307
6,47.7732
6,47.7947
6,47.7994
6,47.8554
6,47.9186
6,48.0317
6,48.0750
6,48.1280
6,48.1893
6,48.2335
6,48.2549
6,48.2955
6,48.3058
6,48.3154
6,48.4590
6,48.4698
6,48.5007
6,48.5315
6,48.5708
6,48.7549
6,48.7695
6,48.7715
6,48.7935
6,48.8161
6,48.8233
6,48.8244
6,48.8409
6,48.8850
6,48.8862
6,48.9114
6,48.9410
6,49.0486
6,49.1632
6,49.2365
6,49.2605
6,49.2745
6,49.2941
6,49.3227
6,49.3846
6,49.4290
6,49.4302
6,49.4709
6,49.5523
6,49.6766
6,49.6801
6,49.9505
6,49.9898
6,49.9935
6,50.0594
6,50.1607
6,50.1790
6,50.1923
6,50.2139
6,50.2624
6,50.2802
6,50.2859
6,50.3100
6,50.3263
6,50.3673
6,50.4527
6,50.4793
6,50.5968
6,50.6509
6,50.6840
6,50.7457
6,50.8323
6,50.8844
6,50.8895
6,50.8910
6,50.9726
6,50.9783
6,51.0179
6,51.0229
6,51.1474
6,51.1673
6,51.2181
6,51.2327
6,51.2706
6,51.2715
6,51.2867
6,51.3558
6,51.3802
6,51.4122
6,51.4803
6,51.4950
6,51.4981
6,51.5222
6,51.5747
6,51.6178
6,51.7014
6,51.8515
6,51.9456
6,51.9573
6,52.0318
6,52.0852
6,52.1201
6,52.1352
6,52.2055
6,52.2290
6,52.2290
6,52.2905
6,52.3070
6,52.4015
6,52.5016
6,52.5085
6,52.5911
6,52.6130
6,52.6297
6,52.6604
6,52.6743
6,52.6906
6,52.7325
6,52.7607
6,52.8621
6,52.9135
6,52.9914
6,53.0132
6,53.0821
6,53.1529
6,53.2508
6,53.2693
6,53.2729
6,53.3095
6,53.3108
6,53.4395
6,53.4430
6,53.4776
6,53.5606
6,53.5818
6,53.6546
6,53.7113
6,53.7189
6,53.7773
6,53.8051
6,53.8253
6,53.8803
6,53.9867
6,54.0858
6,54.1584
6,54.2092
6,54.2636
6,54.3224
6,54.3575
6,54.4117
6,54.4183
6,54.5054
6,54.5195
6,54.5449
6,54.6997
6,54.7460
6,54.7556
6,54.7563
6,54.7626
6,54.7714
6,54.8057
6,54.8425
6,54.8667
6,54.8941
6,55.0345
6,55.0893
6,55.1229
6,55.1391
6,55.1480
6,55.1567
6,55.2090
6,55.2133
6,55.2609
6,55.3578
6,55.3787
6,55.7012
6,55.7218
6,55.7469
6,55.9799
6,56.0037
6,56.0315
6,56.1062
6,56.1941
6,56.2585
6,56.2989
6,56.3098
6,56.3160
6,56.3174
6,56.3635
6,56.4406
6,56.4846
6,56.4895
6,56.5013
6,56.5233
6,56.5292
6,56.5558
6,56.6155
6,56.7213
6,56.8416
6,56.9565
6,56.9617
6,57.1069
6,57.1625
6,57.3368
6,57.3418
6,57.3500
6,57.5685
6,57.6221
6,57.6936
6,57.7800
6,57.7865
6,57.8009
6,57.8012
6,58.0178
6,58.0457
6,58.0481
6,58.0486
6,58.0627
6,58.0752
6,58.1903
6,58.1942
6,58.2455
6,58.2684
6,58.2720
6,58.2852
6,58.3933
6,58.4041
6,58.4359
6,58.5475
6,58.5763
6,58.8179
6,58.8740
6,58.9044
6,58.9883
6,59.0204
6,59.0524
6,59.0941
6,59.1152
6,59.1517
6,59.2247
6,59.2934
6,59.2954
6,59.3239
6,59.3363
6,59.3497
6,59.3790
6,59.4421
6,59.4561
6,59.4691
6,59.5524
6,59.5653
6,59.5852
6,59.6016
6,59.6108
6,59.6879
6,59.9102
6,59.9160
6,59.9360
6,59.9548
6,59.9646
7,0.0737
7,0.0838
7,0.0980
7,0.1312
7,0.1647
7,0.1939
7,0.3000
7,0.3216
7,0.4488
7,0.5029
7,0.5525
7,0.6103
7,0.6246
7,0.6807
7,0.7811
7,0.8499
7,0.8558
7,0.8848
7,0.8864
7,0.9137
7,0.9231
7,0.9606
7,0.9626
7,1.1288
7,1.1526
7,1.2405
7,1.2556
7,1.3331
7,1.3592
7,1.4176
7,1.5847
7,1.6510
7,1.6597
7,1.7963
7,1.8769
7,1.9964
7,2.1350
7,2.1535
7,2.1778
7,2.2652
7,2.2688
7,2.2918
7,2.3182
7,2.4409
7,2.6144
7,2.6241
7,2.6660
7,2.7459
7,2.7714
7,2.8176
7,2.8335
7,2.9221
7,3.0086
7,3.0429
7,3.0691
7,3.0879
7,3.0924
7,3.1418
7,3.2685
7,3.2764
7,3.3085
7,3.4385
7,3.5409
7,3.6199
7,3.6209
7,3.6893
7,3.7109
7,3.7982
7,3.8135
7,3.8137
7,3.8565
7,3.8772
7,3.9308
7,3.9507
7,4.0418
7,4.0839
7,4.1017
7,4.1786
7,4.3237
7,4.4625
7,4.6943
7,4.7661
7,4.8239
7,4.8287
7,4.8441
7,4.8662
7,4.9131
7,5.0183
7,5.0554
7,5.0729
7,5.1033
7,5.1055
7,5.1240
7,5.1266
7,5.1711
7,5.3307
7,5.3639
7,5.4494
7,5.5204
7,5.5794
7,5.6889
7,5.7403
7,5.7997
7,5.8251
7,5.9078
7,5.9208
7,5.9970
7,6.2312
7,6.2496
7,6.3322
7,6.4180
7,6.4226
7,6.4908
7,6.5345
7,6.5731
7,6.7001
7,6.7236
7,6.9582
7,7.0016
7,7.0065
7,7.0123
7,7.1173
7,7.2058
7,7.2790
7,7.2846
7,7.3461
7,7.6826
7,7.7701
7,7.7876
7,7.8787
7,7.8830
7,7.9053
7,8.0505
7,8.1448
7,8.2363
7,8.3006
7,8.4241
7,8.4451
7,8.6133
7,8.7079
7,8.7133
7,8.8154
7,8.8664
7,8.9162
7,9.0200
7,9.0471
7,9.0519
7,9.2493
7,9.4466
7,9.5375
7,9.6316
7,9.7300
7,10.0301
7,10.0356
7,10.0387
7,10.0581
7,10.1131
7,10.2007
7,10.2455
7,10.3137
7,10.3501
7,10.3892
7,10.4172
7,10.4740
7,10.4821
7,10.4872
7,10.5295
7,10.5561
7,10.5830
7,10.7242
7,11.0606
7,11.1192
7,11.1297
7,11.2231
7,11.2730
7,11.3596
7,11.4208
7,11.4280
7,11.4926
7,11.5556
7,11.7764
7,11.9223
7,12.1873
7,12.3611
7,12.3685
7,12.3726
7,12.4999
7,12.5926
7,12.5985
7,12.6072
7,12.6843
7,12.7205
7,12.8034
7,12.8295
7,12.8471
7,13.0464
7,13.0706
7,13.2166
7,13.2402
7,13.2404
7,13.2412
7,13.2841
7,13.3575
7,13.3639
7,13.3929
7,13.4269
7,13.4604
7,13.5557
7,13.5856
7,13.6393
7,13.6885
7,13.7181
7,13.7263
7,13.7474
7,13.7476
7,13.7831
7,13.8528
7,13.9113
7,14.0390
7,14.0892
7,14.1069
7,14.1229
7,14.2024
7,14.2096
7,14.2160
7,14.4104
7,14.4515
7,14.4903
7,14.5521
7,14.6935
7,14.8035
7,14.8441
7,14.9249
7,14.9661
7,15.1036
7,15.1717
7,15.2281
7,15.2870
7,15.2952
7,15.4367
7,15.6212
7,15.6335
7,15.6367
7,15.6698
7,15.6994
7,15.7557
7,15.7685
7,15.7928
7,15.8354
7,15.8417
7,15.8540
7,15.9394
7,15.9466
7,16.1339
7,16.2006
7,16.3218
7,16.3334
7,16.3582
7,16.4601
7,16.4966
7,16.7426
7,16.8235
7,17.0968
7,17.1136
7,17.2798
7,17.2893
7,17.3986
7,17.4511
7,17.4528
7,17.4537
7,17.5299
7,17.5443
7,17.5568
7,17.7311
7,17.7405
7,17.7738
7,17.7952
7,17.8952
7,18.0206
7,18.0556
7,18.1382
7,18.1508
7,18.2963
7,18.2996
7,18.4100
7,18.4570
7,18.5084
7,18.6047
7,18.6221
7,18.6836
7,18.7283
7,18.7855
7,18.8163
7,18.8229
7,18.9573
7,19.0096
7,19.0378
7,19.1145
7,19.1283
7,19.3066
7,19.3130
7,19.3634
7,19.5483
7,19.7348
7,19.7525
7,19.7562
7,19.7893
7,19.8018
7,19.8388
7,19.8528
7,19.8549
7,19.8728
7,20.0660
7,20.0740
7,20.0941
7,20.1269
7,20.2055
7,20.3182
7,20.3699
7,20.5530
7,20.5671
7,20.6910
7,20.7284
7,20.8101
7,20.8178
7,20.8672
7,20.9320
7,21.0243
7,21.3516
7,21.5130
7,21.5514
7,21.5763
7,21.6065
7,21.8266
7,21.8410
7,22.0904
7,22.1728
7,22.2004
7,22.3326
7,22.3558
7,22.4348
7,22.4696
7,22.5147
7,22.6009
7,22.6660
7,22.6673
7,22.6973
7,22.7385
7,22.7511
7,22.8160
7,22.8504
7,22.9295
7,22.9299
7,23.1085
7,23.1280
7,23.1599
7,23.1939
7,23.2129
7,23.2469
7,23.2834
7,23.2835
7,23.3106
7,23.3129
7,23.3864
7,23.4521
7,23.5073
7,23.5501
7,23.5981
7,23.7354
7,23.7498
7,23.8034
7,24.0527
7,24.0892
7,24.1042
7,24.1312
7,24.1619
7,24.1951
7,24.2043
7,24.2484
7,24.3153
7,24.3223
7,24.3348
7,24.3622
7,24.4262
7,24.4404
7,24.4672
7,24.5663
7,24.7357
7,24.7575
7,24.7712
7,24.7958
7,24.8584
7,24.8637
7,24.8656
7,25.1086
7,25.1121
7,25.1683
7,25.2840
7,25.3139
7,25.3148
7,25.3852
7,25.3930
7,25.4034
7,25.4478
7,25.4928
7,25.6852
7,25.6891
7,25.7198
7,25.8886
7,25.8952
7,25.9960
7,26.0044
7,26.0422
7,26.1078
7,26.1240
7,26.1383
7,26.1832
7,26.2039
7,26.3087
7,26.3768
7,26.3778
7,26.3950
7,26.4216
7,26.4355
7,26.5446
7,26.7225
7,26.7301
7,26.7546
7,26.7607
7,26.7721
7,26.8941
7,26.9116
7,26.9817
7,27.0112
7,27.1501
7,27.1575
7,27.1784
7,27.2170
7,27.2385
7,27.2971
7,27.3132
7,27.4012
7,27.4180
7,27.6053
7,27.6873
7,27.7521
7,27.7736
7,27.7765
7,27.8076
7,27.8260
7,27.8279
7,27.8875
7,27.9859
7,28.0099
7,28.0128
7,28.0144
7,28.2645
7,28.4191
7,28.4290
7,28.5037
7,28.5222
7,28.5232
7,28.5653
7,28.5857
7,28.5997
7,28.6262
7,28.6391
7,28.6524
7,28.6665
7,28.6730
7,28.6750
7,28.7075
7,28.7716
7,28.7733
7,28.8387
7,28.8763
7,28.8765
7,28.8837
7,28.8939
7,28.9069
7,28.9528
7,28.9650
7,28.9905
7,29.1461
7,29.4186
7,29.4625
7,29.4762
7,29.4910
7,29.5210
7,29.5500
7,29.5662
7,29.7002
7,29.7362
7,29.7734
7,30.0030
7,30.0620
7,30.1717
7,30.2076
7,30.3438
7,30.3600
7,30.3605
7,30.4621
7,30.4800
7,30.5357
7,30.5782
7,30.5869
7,30.6033
7,30.8054
7,30.9939
7,31.0359
7,31.0566
7,31.1222
7,31.2365
7,31.4167
7,31.4313
7,31.4486
7,31.4537
7,31.4551
7,31.4760
7,31.4811
7,31.5513
7,31.5769
7,31.5915
7,31.6431
7,31.6951
7,31.7139
7,31.7753
7,31.9504
7,32.0805
7,32.0851
7,32.1122
7,32.1946
7,32.3059
7,32.3243
7,32.4307
7,32.4806
7,32.6125
7,32.6634
7,32.7977
7,32.8076
7,33.0307
7,33.0345
7,33.1306
7,33.1374
7,33.2829
7,33.2897
7,33.3478
7,33.3889
7,33.4044
7,33.5314
7,33.5709
7,33.6282
7,33.6484
7,33.8177
7,33.8813
7,33.9152
7,33.9789
7,34.0596
7,34.0739
7,34.1669
7,34.1809
7,34.2439
7,34.2575
7,34.2702
7,34.3160
7,34.3367
7,34.3385
7,34.4377
7,34.7248
7,34.8015
7,34.9663
7,35.0507
7,35.3470
7,35.3821
7,35.4292
7,35.4580
7,35.6706
7,35.7135
7,35.8524
7,35.8596
7,35.8788
7,35.9328
7,35.9596
7,35.9795
7,36.0093
7,36.0236
7,36.1389
7,36.1618
7,36.2243
7,36.2342
7,36.3413
7,36.3618
7,36.3921
7,36.4985
7,36.5152
7,36.6267
7,36.6464
7,36.6728
7,36.8105
7,36.8189
7,36.8472
7,36.8734
7,36.9362
7,36.9848
7,37.0340
7,37.0919
7,37.1652
7,37.3828
7,37.4778
7,37.5004
7,37.5141
7,37.5511
7,37.6128
7,37.6885
7,37.7295
7,37.7736
7,37.8040
7,37.8315
7,37.8952
7,37.9266
7,37.9700
7,38.0899
7,38.2831
7,38.2843
7,38.3338
7,38.3539
7,38.4256
7,38.4296
7,38.4804
7,38.4928
7,38.5417
7,38.5454
7,38.5789
7,38.5817
7,38.6223
7,38.7736
7,38.7886
7,38.8061
7,38.8756
7,39.0187
7,39.0889
7,39.1814
7,39.1848
7,39.2130
7,39.2324
7,39.2343
7,39.3229
7,39.4056
7,39.4093
7,39.5760
7,39.5979
7,39.6666
7,39.7176
7,39.7914
7,39.7968
7,39.8499
7,39.8746
7,39.8791
7,39.8887
7,39.9306
7,39.9653
7,40.0034
7,40.0249
7,40.0847
7,40.0892
7,40.1070
7,40.1685
7,40.3343
7,40.3682
7,40.4001
7,40.4123
7,40.5227
7,40.5628
7,40.6212
7,40.6347
7,40.6741
7,40.6917
7,40.8041
7,40.8380
7,40.9011
7,40.9824
7,40.9826
7,41.0112
7,41.0444
7,41.1062
7,41.1224
7,41.1508
7,41.1934
7,41.2461
7,41.3760
7,41.4082
7,41.4160
7,41.5237
7,41.5413
7,41.6567
7,41.6745
7,41.6758
7,41.7187
7,41.8891
7,41.9195
7,41.9320
7,41.9434
7,42.0493
7,42.1135
7,42.1464
7,42.1502
7,42.2024
7,42.3070
7,42.3119
7,42.3307
7,42.3832
7,42.5066
7,42.7863
7,42.8983
7,42.9564
7,42.9804
7,42.9979
7,42.9981
7,43.0319
7,43.1070
7,43.1391
7,43.2293
7,43.3789
7,43.4014
7,43.4450
7,43.4775
7,43.5014
7,43.6259
7,43.6555
7,43.6751
7,43.8818
7,43.9793
7,43.9819
7,43.9925
7,43.9971
7,43.9979
7,44.5436
7,44.6383
7,44.6873
7,44.7971
7,44.8295
7,45.1388
7,45.1706
7,45.2076
7,45.2667
7,45.4050
7,45.4106
7,45.4542
7,45.5286
7,45.5310
7,45.5561
7,45.6150
7,45.7124
7,45.8717
7,45.8989
7,45.9956
7,46.2762
7,46.3789
7,46.4576
7,46.4633
7,46.5489
7,46.5495
7,46.5498
7,46.6360
7,46.6383
7,46.6577
7,46.7745
7,46.7773
7,46.7857
7,46.8338
7,47.0809
7,47.1498
7,47.3293
7,47.5034
7,47.8085
7,47.9292
7,48.0020
7,48.0115
7,48.0869
7,48.1367
7,48.1908
7,48.2422
7,48.3445
7,48.4717
7,48.4726
7,48.5009
7,48.5593
7,48.6598
7,48.7171
7,48.9265
7,49.0067
7,49.0232
7,49.1190
7,49.1823
7,49.2165
7,49.2253
7,49.2310
7,49.2426
7,49.2741
7,49.3447
7,49.4598
7,49.4705
7,49.4746
7,49.4939
7,49.5839
7,49.5928
7,49.6776
7,49.7610
7,49.8607
7,49.8840
7,49.9156
7,49.9738
7,50.3664
7,50.3923
7,50.4497
7,50.6171
7,50.6594
7,50.6983
7,50.7232
7,50.7788
7,50.7948
7,50.8332
7,50.8610
7,50.9541
7,50.9978
7,51.0171
7,51.0740
7,51.1123
7,51.1359
7,51.1425
7,51.2054
7,51.3393
7,51.3495
7,51.3766
7,51.4329
7,51.4420
7,51.4481
7,51.4502
7,51.4511
7,51.4553
7,51.4747
7,51.5557
7,51.6379
7,51.6783
7,51.7756
7,51.8183
7,51.8230
7,51.8540
7,51.8986
7,51.9337
7,51.9918
7,52.0104
7,52.0874
7,52.1607
7,52.1739
7,52.2998
7,52.3289
7,52.4342
7,52.4784
7,52.4830
7,52.4932
7,52.6658
7,52.7026
7,52.7843
7,52.8295
7,52.8531
7,52.9928
7,53.0204
7,53.0832
7,53.0925
7,53.1083
7,53.3149
7,53.4252
7,53.6286
7,53.7965
7,53.8750
7,53.9719
7,54.1138
7,54.1373
7,54.1518
7,54.1557
7,54.2105
7,54.2239
7,54.2673
7,54.2968
7,54.3616
7,54.3664
7,54.4330
7,54.4362
7,54.4598
7,54.5333
7,54.5469
7,54.6618
7,54.8404
7,54.8614
7,54.9282
7,54.9322
7,55.0789
7,55.0940
7,55.2722
7,55.3137
7,55.3265
7,55.3429
7,55.5071
7,55.5483
7,55.6580
7,55.7150
7,55.8067
7,55.8224
7,55.8648
7,55.9154
7,55.9524
7,55.9913
7,56.1494
7,56.2893
7,56.3451
7,56.3508
7,56.3646
7,56.4219
7,56.4285
7,56.4439
7,56.4818
7,56.5199
7,56.5586
7,56.5620
7,56.5724
7,56.6885
7,56.7194
7,56.9471
7,56.9556
7,57.0279
7,57.0538
7,57.0812
7,57.2225
7,57.5046
7,57.6430
7,57.8260
7,57.8988
7,58.0441
7,58.0496
7,58.0961
7,58.1395
7,58.1576
7,58.1776
7,58.2257
7,58.2282
7,58.2866
7,58.2915
7,58.3064
7,58.3549
7,58.3713
7,58.6339
7,58.6833
7,58.7405
7,58.7420
7,58.9092
7,58.9483
7,58.9627
7,58.9854
7,59.0949
7,59.2960
7,59.3426
7,59.3575
7,59.3669
7,59.3674
7,59.3991
7,59.5782
7,59.6552
7,59.6709
7,59.7268
7,59.7597
7,59.8011
7,59.8669
7,59.8783
7,59.9668
8,0.1390
8,0.2517
8,0.3217
8,0.3276
8,0.3733
8,0.4175
8,0.4203
8,0.4448
8,0.4952
8,0.5564
8,0.6395
8,0.6546
8,0.7184
8,0.7459
8,0.7515
8,0.7907
8,0.8577
8,0.8868
8,0.9611
8,1.0201
8,1.0391
8,1.0431
8,1.1028
8,1.1577
8,1.1700
8,1.1783
8,1.1991
8,1.2563
8,1.2688
8,1.3550
8,1.4468
8,1.4616
8,1.4681
8,1.4786
8,1.6952
8,1.7078
8,1.7180
8,1.7250
8,1.7286
8,1.7335
8,1.9387
8,1.9396
8,1.9805
8,1.9874
8,2.0374
8,2.0465
8,2.1620
8,2.3134
8,2.3952
8,2.4506
8,2.5222
8,2.5674
8,2.5934
8,2.5995
8,2.6771
8,2.7398
8,2.7554
8,2.7970
8,2.7979
8,2.8355
8,2.8610
8,2.8642
8,2.8646
8,2.8852
8,3.0031
8,3.1754
8,3.4147
8,3.4920
8,3.5627
8,3.5767
8,3.5799
8,3.6935
8,3.9505
8,3.9844
8,4.0148
8,4.0419
8,4.0553
8,4.1031
8,4.2311
8,4.2556
8,4.2569
8,4.3350
8,4.4130
8,4.5560
8,4.7487
8,4.8597
8,4.8860
8,4.9060
8,4.9244
8,4.9352
8,4.9672
8,5.0745
8,5.1194
8,5.1303
8,5.1312
8,5.1454
8,5.2241
8,5.2597
8,5.2757
8,5.2825
8,5.2856
8,5.4228
8,5.4394
8,5.4473
8,5.5328
8,5.5640
8,5.6741
8,5.6826
8,5.8089
8,5.8145
8,5.8226
8,5.8227
8,5.8886
8,5.9015
8,6.1365
8,6.1428
8,6.1913
8,6.3309
8,6.3411
8,6.3606
8,6.4545
8,6.6050
8,6.6449
8,6.6759
8,6.7451
8,6.7903
8,6.8025
8,6.9189
8,6.9228
8,6.9361
8,7.0007
8,7.0406
8,7.0824
8,7.0907
8,7.2118
8,7.2288
8,7.2975
8,7.2987
8,7.3396
8,7.3871
8,7.5751
8,7.6872
8,7.9398
8,7.9575
8,8.0636
8,8.0882
8,8.0982
8,8.2087
8,8.2718
8,8.3991
8,8.4190
8,8.4664
8,8.5175
8,8.5379
8,8.6595
8,8.6716
8,8.7692
8,8.9672
8,8.9828
8,9.0057
8,9.0499
8,9.3086
8,9.3143
8,9.3309
8,9.3785
8,9.3841
8,9.4907
8,9.5028
8,9.5056
8,9.5260
8,9.6509
8,9.6624
8,9.6672
8,9.6942
8,9.8101
8,9.8259
8,9.9173
8,10.0065
8,10.0276
8,10.0677
8,10.0873
8,10.1043
8,10.1577
8,10.3591
8,10.3875
8,10.6245
8,10.6587
8,10.7184
8,10.7482
8,10.7592
8,10.7618
8,10.9106
8,10.9328
8,11.1110
8,11.1452
8,11.1454
8,11.1920
8,11.3227
8,11.3835
8,11.4929
8,11.5368
8,11.5503
8,11.5810
8,11.6384
8,11.7529
8,11.7611
8,11.8983
8,11.9008
8,11.9012
8,11.9183
8,11.9952
8,12.0025
8,12.1594
8,12.2368
8,12.2483
8,12.2631
8,12.2735
8,12.3191
8,12.3990
8,12.4127
8,12.4285
8,12.4609
8,12.4628
8,12.6486
8,12.6554
8,12.6909
8,12.7384
8,12.7661
8,12.8814
8,12.9067
8,12.9323
8,12.9858
8,13.0235
8,13.0822
8,13.0946
8,13.1330
8,13.1631
8,13.1932
8,13.2148
8,13.2511
8,13.2786
8,13.5423
8,13.6739
8,13.6882
8,13.6915
8,13.6967
8,13.7171
8,13.7608
8,13.8042
8,13.8365
8,13.9827
8,14.0943
8,14.2351
8,14.2447
8,14.2543
8,14.3340
8,14.3417
8,14.4165
8,14.4214
8,14.4670
8,14.4711
8,14.4903
8,14.5109
8,14.6021
8,14.6089
8,14.6809
8,14.7000
8,14.7503
8,14.8871
8,14.9738
8,15.0726
8,15.2734
8,15.2796
8,15.4551
8,15.6184
8,15.6677
8,15.7817
8,15.7828
8,15.8274
8,15.8635
8,16.1045
8,16.1223
8,16.1671
8,16.1787
8,16.2249
8,16.3221
8,16.3949
8,16.3951
8,16.3984
8,16.4630
8,16.5205
8,16.5621
8,16.5786
8,16.5794
8,16.6712
8,16.7275
8,16.8151
8,16.8953
8,16.9382
8,16.9687
8,16.9742
8,17.0117
8,17.0496
8,17.0658
8,17.1883
8,17.2532
8,17.2616
8,17.4196
8,17.4709
8,17.4901
8,17.6640
8,17.7012
8,17.8099
8,17.8692
8,17.8849
8,17.9596
8,17.9791
8,18.0026
8,18.0333
8,18.0617
8,18.1165
8,18.2059
8,18.2396
8,18.2817
8,18.2885
8,18.3329
8,18.3458
8,18.3694
8,18.3948
8,18.4408
8,18.5215
8,18.5589
8,18.5631
8,18.7236
8,18.7381
8,18.7739
8,18.9543
8,19.1130
8,19.1636
8,19.2362
8,19.3468
8,19.3680
8,19.4407
8,19.4608
8,19.5414
8,19.5713
8,19.5905
8,19.6948
8,19.7054
8,19.7690
8,19.7698
8,19.8066
8,19.9252
8,20.0221
8,20.0659
8,20.0916
8,20.1069
8,20.1165
8,20.1202
8,20.1415
8,20.1512
8,20.2305
8,20.2306
8,20.3294
8,20.3440
8,20.4593
8,20.5319
8,20.5442
8,20.6059
8,20.8441
8,20.8760
8,20.8995
8,20.9727
8,21.0584
8,21.1036
8,21.1072
8,21.1082
8,21.2714
8,21.3201
8,21.3415
8,21.3919
8,21.4381
8,21.4399
8,21.4458
8,21.4723
8,21.7196
8,21.7441
8,21.8029
8,21.8067
8,21.8323
8,21.8583
8,21.9298
8,21.9494
8,22.0984
8,22.1060
8,22.2281
8,22.2357
8,22.3523
8,22.3902
8,22.6695
8,22.6748
8,22.7323
8,22.9441
8,22.9924
8,23.1591
8,23.1680
8,23.1914
8,23.2122
8,23.2573
8,23.2871
8,23.2889
8,23.3498
8,23.3760
8,23.5517
8,23.5708
8,23.6539
8,23.6994
8,23.8304
8,23.8449
8,23.8514
8,23.8610
8,23.8668
8,23.9290
8,23.9511
8,24.0516
8,24.0963
8,24.2571
8,24.2818
8,24.2967
8,24.3693
8,24.3693
8,24.5742
8,24.5751
8,24.6256
8,24.6872
8,24.7897
8,24.8109
8,24.8475
8,24.8639
8,24.8713
8,24.9546
8,25.0215
8,25.1720
8,25.1923
8,25.2061
8,25.2198
8,25.2211
8,25.2834
8,25.2835
8,25.3122
8,25.3484
8,25.3903
8,25.5900
8,25.5900
8,25.6016
8,25.6798
8,25.7730
8,25.8879
8,25.9683
8,25.9893
8,26.0628
8,26.1743
8,26.2678
8,26.2757
8,26.2911
8,26.3009
8,26.4143
8,26.4594
8,26.4822
8,26.4929
8,26.4978
8,26.5723
8,26.5777
8,26.6293
8,26.6468
8,26.6557
8,26.6559
8,26.6827
8,26.7148
8,26.8585
8,26.8853
8,26.8949
8,26.9512
8,26.9536
8,27.1274
8,27.2509
8,27.3293
8,27.4775
8,27.5136
8,27.6192
8,27.6578
8,27.9689
8,28.0143
8,28.0651
8,28.1092
8,28.1672
8,28.3822
8,28.3906
8,28.4022
8,28.4457
8,28.4915
8,28.5183
8,28.5260
8,28.6164
8,28.6332
8,28.7282
8,28.9910
8,29.1400
8,29.1535
8,29.1708
8,29.1942
8,29.2745
8,29.3673
8,29.3702
8,29.4023
8,29.5302
8,29.5822
8,29.6351
8,29.6519
8,29.6833
8,29.7544
8,29.8316
8,29.9513
8,29.9574
8,30.0189
8,30.0685
8,30.0773
8,30.1188
8,30.1606
8,30.1684
8,30.1927
8,30.3459
8,30.4728
8,30.5610
8,30.5852
8,30.6229
8,30.8162
8,30.9613
8,31.0659
8,31.0912
8,31.1026
8,31.1125
8,31.1143
8,31.1593
8,31.2121
8,31.3766
8,31.4325
8,31.4468
8,31.5373
8,31.5527
8,31.6820
8,31.6852
8,31.7028
8,31.9428
8,31.9681
8,31.9682
8,31.9902
8,32.0179
8,32.0341
8,32.1086
8,32.1543
8,32.2206
8,32.2842
8,32.2850
8,32.2986
8,32.4183
8,32.5467
8,32.5867
8,32.6151
8,32.6468
8,32.6790
8,32.8269
8,32.8282
8,32.8814
8,32.9061
8,33.0302
8,33.1023
8,33.1375
8,33.2122
8,33.4459
8,33.4684
8,33.5317
8,33.6929
8,33.7883
8,33.7949
8,33.8856
8,33.9454
8,34.0651
8,34.1020
8,34.1421
8,34.2363
8,34.2585
8,34.3084
8,34.4389
8,34.4431
8,34.5061
8,34.7295
8,34.7772
8,34.8638
8,35.0448
8,35.0684
8,35.0709
8,35.0720
8,35.0923
8,35.3466
8,35.3701
8,35.5404
8,35.5630
8,35.6479
8,35.6497
8,35.6987
8,35.7354
8,35.7391
8,35.8449
8,35.8910
8,35.9043
8,35.9651
8,36.0402
8,36.0556
8,36.0670
8,36.1266
8,36.2382
8,36.3385
8,36.3753
8,36.4160
8,36.4679
8,36.4697
8,36.5438
8,36.6138
8,36.7729
8,37.0758
8,37.1000
8,37.1208
8,37.1527
8,37.1660
8,37.1773
8,37.2166
8,37.3216
8,37.4228
8,37.4463
8,37.4495
8,37.4563
8,37.4680
8,37.5332
8,37.5581
8,37.6859
8,37.7376
8,37.7458
8,37.7483
8,37.8047
8,37.8073
8,37.8369
8,37.8551
8,37.8896
8,37.9276
8,38.0054
8,38.0207
8,38.2420
8,38.3270
8,38.3537
8,38.3541
8,38.3776
8,38.4506
8,38.4674
8,38.4794
8,38.5785
8,38.6673
8,38.8356
8,38.8490
8,38.9251
8,38.9407
8,39.0707
8,39.2192
8,39.2867
8,39.2900
8,39.3375
8,39.3438
8,39.3482
8,39.3598
8,39.4539
8,39.4881
8,39.6598
8,39.7244
8,39.7421
8,39.8416
8,39.8547
8,39.8649
8,39.8868
8,40.0184
8,40.3593
8,40.3603
8,40.4143
8,40.4406
8,40.5547
8,40.6391
8,40.6463
8,40.6731
8,40.6747
8,40.6851
8,40.7413
8,40.7955
8,40.9605
8,41.0001
8,41.0075
8,41.0590
8,41.1290
8,41.1460
8,41.1605
8,41.2249
8,41.2282
8,41.3855
8,41.4488
8,41.4736
8,41.5022
8,41.5210
8,41.5231
8,41.6190
8,41.6331
8,41.6762
8,41.6906
8,41.7717
8,41.7960
8,41.8181
8,41.8602
8,41.9026
8,42.0805
8,42.1242
8,42.1343
8,42.1431
8,42.3049
8,42.4679
8,42.4994
8,42.5544
8,42.5682
8,42.5691
8,42.5922
8,42.6862
8,42.7279
8,42.7473
8,42.7677
8,42.8921
8,42.9070
8,42.9144
8,42.9692
8,42.9849
8,43.1851
8,43.2352
8,43.5450
8,43.5467
8,43.6303
8,43.9143
8,43.9358
8,44.0126
8,44.0454
8,44.0478
8,44.1086
8,44.1303
8,44.1342
8,44.1608
8,44.1867
8,44.1916
8,44.2128
8,44.2935
8,44.3993
8,44.4887
8,44.5452
8,44.7561
8,44.7774
8,44.8026
8,44.8680
8,44.9075
8,45.0649
8,45.1519
8,45.2365
8,45.3603
8,45.4268
8,45.4672
8,45.5138
8,45.6612
8,45.6621
8,45.6931
8,45.7772
8,45.8343
8,45.8394
8,45.9633
8,45.9979
8,46.0618
8,46.0634
8,46.1473
8,46.2430
8,46.2557
8,46.2777
8,46.3002
8,46.6421
8,46.6602
8,46.8961
8,46.9176
8,46.9495
8,47.0036
8,47.1225
8,47.2288
8,47.2795
8,47.3270
8,47.3303
8,47.3737
8,47.4186
8,47.5391
8,47.5623
8,47.5928
8,47.6827
8,47.6992
8,47.7875
8,47.7940
8,47.8417
8,47.8449
8,48.0336
8,48.1531
8,48.2217
8,48.2620
8,48.4501
8,48.4714
8,48.5085
8,48.5143
8,48.5523
8,48.6234
8,48.6861
8,48.8320
8,49.0245
8,49.1116
8,49.1252
8,49.1805
8,49.4388
8,49.6838
8,49.7637
8,49.7940
8,49.8183
8,49.8316
8,49.8371
8,49.9079
8,49.9901
8,50.0405
8,50.2355
8,50.3798
8,50.5024
8,50.6024
8,50.6784
8,50.6911
8,50.7178
8,50.8007
8,50.8676
8,50.9019
8,50.9045
8,50.9317
8,51.0542
8,51.0961
8,51.1229
8,51.2673
8,51.3749
8,51.4194
8,51.4273
8,51.4883
8,51.6118
8,51.6477
8,51.6616
8,51.7780
8,51.8440
8,51.9326
8,51.9879
8,52.0522
8,52.0587
8,52.1940
8,52.2354
8,52.2607
8,52.2814
8,52.3732
8,52.4081
8,52.4689
8,52.4929
8,52.5302
8,52.5495
8,52.6405
8,52.7849
8,52.7918
8,52.8446
8,52.8908
8,52.9292
8,53.0750
8,53.1835
8,53.2189
8,53.2626
8,53.2699
8,53.2715
8,53.3409
8,53.3587
8,53.3880
8,53.5134
8,53.5412
8,53.6908
8,53.7488
8,53.8164
8,53.8466
8,53.9697
8,53.9715
8,54.0858
8,54.1314
8,54.1994
8,54.4166
8,54.4838
8,54.5462
8,54.5728
8,54.5833
8,54.6056
8,54.7579
8,55.0124
8,55.0504
8,55.0683
8,55.1057
8,55.2848
8,55.2890
8,55.2943
8,55.3316
8,55.4437
8,55.6416
8,55.7343
8,55.7669
8,55.7875
8,55.8455
8,55.8813
8,55.9134
8,56.0840
8,56.1031
8,56.2388
8,56.2952
8,56.3150
8,56.3603
8,56.3977
8,56.4080
8,56.4130
8,56.4431
8,56.5809
8,56.6199
8,56.6204
8,56.6545
8,56.6605
8,56.7095
8,56.7126
8,56.7347
8,56.8930
8,56.9967
8,57.0806
8,57.2511
8,57.2922
8,57.2978
8,57.3592
8,57.5519
8,57.5817
8,57.6674
8,57.6915
8,57.7134
8,57.8298
8,57.9005
8,58.2181
8,58.2466
8,58.2524
8,58.4389
8,58.5090
8,58.6364
8,58.6958
8,58.8265
8,58.8720
8,58.8848
8,58.9275
8,58.9416
8,58.9867
8,58.9911
8,59.1023
8,59.1541
8,59.2123
8,59.2413
8,59.2806
8,59.4660
8,59.4974
8,59.5587
8,59.6312
8,59.7620
8,59.7991
8,59.8478
8,59.9076
8,59.9216
9,0.2729
9,0.3454
9,0.4118
9,0.5229
9,0.6211
9,0.6360
9,0.9189
9,0.9999
9,1.2563
9,1.4889
9,1.5736
9,1.7059
9,1.7127
9,1.7217
9,1.7549
9,1.8986
9,1.9928
9,2.2662
9,2.3588
9,2.4049
9,2.5425
9,2.5801
9,2.6682
9,2.9184
9,3.2487
9,3.2549
9,3.4054
9,3.6718
9,3.6825
9,3.7669
9,3.7904
9,3.8668
9,4.2455
9,4.2813
9,4.3653
9,4.5896
9,4.6465
9,4.6776
9,4.8268
9,4.8985
9,5.0141
9,5.1169
9,5.1319
9,5.5388
9,5.6228
9,5.6676
9,5.7493
9,5.7948
9,5.8828
9,6.0050
9,6.0176
9,6.3328
9,6.3465
9,6.3682
9,6.7571
9,6.8359
9,7.2619
9,7.2950
9,7.3951
9,7.4622
9,7.5266
9,7.8329
9,7.8655
9,7.9263
9,7.9381
9,8.1717
9,8.1867
9,8.2011
9,8.2346
9,8.4069
9,8.5714
9,8.7079
9,9.2368
9,9.4488
9,9.5136
9,9.6008
9,9.6514
9,9.9433
9,10.1523
9,10.2035
9,10.2906
9,10.3349
9,10.4392
9,10.4866
9,10.7275
9,10.9571
9,11.1663
9,11.3548
9,11.3737
9,11.3897
9,11.7752
9,12.0941
9,12.2270
9,12.3123
9,12.4179
9,12.6527
9,12.8422
9,12.9281
9,12.9876
9,13.0147
9,13.2148
9,13.2249
9,13.2512
9,13.4521
9,13.5589
9,13.5900
9,13.6071
9,14.0592
9,14.0786
9,14.0987
9,14.1342
9,14.2956
9,14.4503
9,14.4939
9,14.5365
9,14.6114
9,14.8091
9,14.9296
9,15.0900
9,15.1786
9,15.2778
9,15.2894
9,15.4101
9,15.4261
9,15.8566
9,15.9493
9,16.0514
9,16.4093
9,16.6802
9,16.8150
9,16.9565
9,17.0048
9,17.0805
9,17.0877
9,17.1483
9,17.1784
9,17.3003
9,17.3034
9,17.4559
9,17.5911
9,17.8446
9,17.9412
9,18.1505
9,18.3413
9,18.3821
9,18.4988
9,18.8011
9,18.9132
9,18.9785
9,19.2340
9,19.2534
9,19.2876
9,19.2972
9,19.3011
9,19.3471
9,19.4163
9,19.6653
9,20.1787
9,20.3929
9,20.4329
9,20.4408
9,20.8932
9,21.0012
9,21.1200
9,21.5690
9,21.8591
9,21.9455
9,22.3133
9,22.3276
9,22.3406
9,22.3432
9,22.3695
9,22.5347
9,22.7355
9,22.7378
9,22.8860
9,23.0030
9,23.0735
9,23.1226
9,23.1981
9,23.4439
9,23.4709
9,23.6381
9,23.6387
9,23.9011
9,23.9473
9,23.9837
9,23.9963
9,24.1003
9,24.2980
9,24.3828
9,24.3863
9,24.6595
9,24.7670
9,24.7685
9,24.8746
9,24.8783
9,25.4012
9,25.5482
9,25.5629
9,25.8440
9,25.8801
9,25.9749
9,26.0246
9,26.0320
9,26.0357
9,26.2009
9,26.2388
9,26.2954
9,26.4940
9,26.5487
9,26.6877
9,27.0711
9,27.2355
9,27.2661
9,27.3029
9,27.4466
9,27.4706
9,27.6555
9,28.3959
9,28.4537
9,28.5445
9,28.7755
9,28.7915
9,29.0698
9,29.2456
9,29.2823
9,29.3973
9,29.5093
9,29.5689
9,30.3857
9,30.5989
9,30.8170
9,30.9109
9,31.1034
9,31.3238
9,31.3498
9,31.3991
9,31.4496
9,31.5540
9,31.7460
9,31.7697
9,32.0434
9,32.1589
9,32.2922
9,32.5537
9,32.7098
9,32.7315
9,32.8470
9,32.9040
9,33.1942
9,33.3364
9,33.6003
9,33.6446
9,33.7653
9,33.9049
9,34.2359
9,34.3557
9,34.5201
9,34.6320
9,34.7164
9,34.7415
9,34.8002
9,34.8678
9,35.2354
9,35.3503
9,35.4324
9,35.4687
9,35.5751
9,35.6185
9,35.7986
9,35.8717
9,36.2239
9,36.2457
9,36.4536
9,36.6707
9,36.6869
9,36.7647
9,36.8762
9,36.8855
9,36.8876
9,36.9057
9,36.9105
9,36.9505
9,37.4365
9,37.5513
9,37.6854
9,37.7005
9,37.8609
9,37.9297
9,38.8048
9,38.8965
9,39.1849
9,39.2254
9,39.4391
9,39.5380
9,39.5628
9,39.6895
9,39.7213
9,39.7559
9,40.3903
9,40.4640
9,40.6235
9,40.6736
9,40.9651
9,41.0125
9,41.3058
9,41.7914
9,42.0018
9,42.1993
9,42.4510
9,42.4724
9,42.7303
9,42.8110
9,42.9253
9,43.0123
9,43.3470
9,43.4064
9,43.4748
9,43.8067
9,43.8415
9,43.9933
9,44.0689
9,44.1938
9,44.2525
9,44.4436
9,44.4609
9,44.6926
9,44.7289
9,44.8871
9,44.9604
9,45.1173
9,45.5641
9,45.7095
9,46.0049
9,46.0613
9,46.2915
9,46.3298
9,46.4746
9,46.6998
9,46.7005
9,46.7810
9,46.8515
9,47.0120
9,47.0933
9,47.3533
9,47.5315
9,47.7812
9,47.8632
9,48.0702
9,48.1098
9,48.8975
9,48.9390
9,49.0459
9,49.3317
9,49.4483
9,49.5158
9,49.7185
9,49.7441
9,49.7653
9,49.8433
9,50.1170
9,50.2977
9,50.4182
9,50.4526
9,50.5629
9,50.6802
9,50.7691
9,50.8268
9,50.8857
9,50.8912
9,50.9564
9,51.1187
9,51.1524
9,51.1693
9,51.2851
9,51.5162
9,51.5232
9,51.5498
9,51.6705
9,52.0230
9,52.1464
9,52.2519
9,52.9247
9,53.2439
9,53.3215
9,53.7429
9,53.9403
9,53.9965
9,54.0215
9,54.0547
9,54.1352
9,54.1586
9,54.6042
9,54.6473
9,55.0156
9,55.1694
9,55.5240
9,55.5384
9,55.6532
9,55.6889
9,56.2897
9,56.5965
9,56.6433
9,57.1050
9,57.3010
9,57.4393
9,57.7170
9,57.8439
9,58.1096
9,58.2655
9,58.2753
9,58.3506
9,58.4760
9,58.6356
9,58.6644
9,58.8656
9,59.0045
9,59.2523
9,59.5355
9,59.8855
9,59.9583
10,0.0733
10,0.1217
10,0.1475
10,0.1948
10,0.2026
10,0.2254
10,0.2986
10,0.6291
10,0.8069
10,0.9798
10,1.0777
10,1.4229
10,1.4618
10,1.4734
10,1.4908
10,1.4943
10,1.5510
10,1.6971
10,1.7424
10,1.8859
10,1.9563
10,1.9799
10,2.0321
10,2.0356
10,2.0543
10,2.2285
10,2.3698
10,2.5768
10,2.6777
10,2.6968
10,3.0434
10,3.0551
10,3.0990
10,3.1049
10,3.1612
10,3.1711
10,3.1957
10,3.3293
10,3.3589
10,3.3607
10,3.4633
10,3.5079
10,3.5302
10,3.5930
10,3.6395
10,3.7839
10,3.8697
10,3.9122
10,3.9230
10,3.9453
10,4.0107
10,4.1386
10,4.2464
10,4.2986
10,4.4446
10,4.4739
10,4.4810
10,4.6192
10,4.7426
10,4.7614
10,4.7842
10,5.0184
10,5.1425
10,5.1716
10,5.1938
10,5.4382
10,5.5508
10,5.5606
10,5.5690
10,5.6211
10,5.7362
10,5.8091
10,5.8523
10,6.0052
10,6.0803
10,6.1997
10,6.2029
10,6.3199
10,6.4776
10,6.6954
10,6.7416
10,6.8835
10,6.8979
10,7.0308
10,7.0398
10,7.2326
10,7.3710
10,7.3829
10,7.4087
10,7.4137
10,7.5189
10,7.7156
10,7.8073
10,7.8357
10,7.8890
10,8.1412
10,8.3157
10,8.4517
10,8.5878
10,9.1681
10,9.1979
10,9.3416
10,9.3546
10,9.3949
10,9.4456
10,9.4621
10,9.5336
10,9.6326
10,9.7467
10,9.8955
10,9.9583
10,10.0289
10,10.0508
10,10.2816
10,10.3196
10,10.3266
10,10.3773
10,10.4527
10,10.6997
10,10.7197
10,10.8027
10,10.8540
10,10.8638
10,10.9218
10,10.9269
10,11.0419
10,11.0504
10,11.1071
10,11.1542
10,11.4257
10,11.4816
10,11.5094
10,11.6063
10,11.6165
10,11.6613
10,11.6907
10,12.2203
10,12.2385
10,12.4984
10,12.5120
10,12.5540
10,12.5711
10,12.6797
10,12.8268
10,12.8497
10,12.9404
10,13.0426
10,13.0910
10,13.1735
10,13.2278
10,13.4209
10,13.4491
10,13.4629
10,13.5645
10,13.6251
10,13.7389
10,13.7541
10,13.8157
10,13.8180
10,13.8608
10,13.9060
10,13.9595
10,14.0597
10,14.0603
10,14.4218
10,14.4911
10,14.7165
10,14.7501
10,14.7682
10,14.7865
10,14.9086
10,14.9238
10,15.0490
10,15.0519
10,15.1509
10,15.1598
10,15.2567
10,15.2640
10,15.2728
10,15.3983
10,15.5482
10,15.6186
10,15.6736
10,15.7384
10,15.8335
10,15.8664
10,15.8963
10,16.0917
10,16.1973
10,16.2336
10,16.2481
10,16.3514
10,16.5138
10,16.6207
10,16.7288
10,16.7973
10,16.7996
10,16.8049
10,16.8153
10,16.8399
10,16.9635
10,16.9743
10,16.9808
10,17.0036
10,17.0219
10,17.0879
10,17.0924
10,17.1355
10,17.3304
10,17.4226
10,17.7001
10,17.8110
10,17.8388
10,17.9668
10,18.1054
10,18.1954
10,18.3232
10,18.5654
10,18.6250
10,18.6345
10,18.6773
10,18.6876
10,19.0402
10,19.0503
10,19.0734
10,19.1563
10,19.2790
10,19.4098
10,19.4886
10,19.5041
10,19.5533
10,19.7598
10,19.8214
10,19.8226
10,19.8881
10,19.8905
10,19.9646
10,20.3246
10,20.3850
10,20.4644
10,20.5817
10,20.6092
10,20.6183
10,20.7058
10,20.7408
10,20.8161
10,20.8513
10,21.0581
10,21.1282
10,21.2083
10,21.2194
10,21.2678
10,21.3632
10,21.4200
10,21.4467
10,21.5573
10,21.8068
10,21.8235
10,21.9391
10,21.9405
10,21.9463
10,22.0733
10,22.0770
10,22.0814
10,22.1155
10,22.2305
10,22.2309
10,22.3542
10,22.6272
10,22.6708
10,22.7739
10,23.0267
10,23.0331
10,23.1545
10,23.1675
10,23.2504
10,23.3078
10,23.3224
10,23.3371
10,23.5077
10,23.5324
10,23.6319
10,23.6406
10,23.7839
10,23.8251
10,23.9318
10,23.9732
10,23.9847
10,24.1885
10,24.1905
10,24.3826
10,24.4538
10,24.5092
10,24.6920
10,24.7810
10,25.1395
10,25.3278
10,25.4440
10,25.5169
10,25.7053
10,25.7444
10,25.7514
10,25.7602
10,25.9231
10,25.9771
10,26.0621
10,26.0785
10,26.1190
10,26.3872
10,26.4501
10,26.4823
10,26.4882
10,26.5176
10,26.5971
10,26.6626
10,26.7152
10,26.8893
10,26.9433
10,26.9597
10,26.9903
10,27.1227
10,27.1286
10,27.3313
10,27.3846
10,27.4960
10,27.9448
10,28.0244
10,28.0709
10,28.0741
10,28.1234
10,28.1859
10,28.2211
10,28.3065
10,28.3128
10,28.4782
10,28.5539
10,28.6022
10,28.6445
10,28.7463
10,28.8349
10,28.8419
10,28.9463
10,28.9527
10,28.9962
10,29.0322
10,29.0931
10,29.1956
10,29.2729
10,29.2810
10,29.4218
10,29.5603
10,29.6363
10,29.6567
10,29.6750
10,29.9121
10,29.9266
10,30.0044
10,30.2392
10,30.2680
10,30.2823
10,30.3113
10,30.4622
10,30.6410
10,30.6823
10,30.7475
10,30.9644
10,30.9844
10,31.0329
10,31.1406
10,31.3997
10,31.6170
10,31.6866
10,31.7236
10,31.8261
10,31.8387
10,32.2582
10,32.2844
10,32.3522
10,32.3532
10,32.4013
10,32.4615
10,32.4966
10,32.5564
10,32.5674
10,32.6392
10,32.8075
10,32.8330
10,33.0477
10,33.0818
10,33.1186
10,33.1805
10,33.2325
10,33.3015
10,33.4666
10,33.6177
10,33.6412
10,33.6869
10,33.8616
10,33.8666
10,33.8820
10,33.8888
10,33.9254
10,33.9638
10,33.9643
10,34.0591
10,34.2592
10,34.3088
10,34.3228
10,34.5133
10,34.6705
10,34.7368
10,34.7413
10,34.8026
10,34.8509
10,34.9480
10,35.1544
10,35.2433
10,35.4138
10,35.5900
10,35.6929
10,35.7673
10,35.7678
10,35.8228
10,35.8426
10,35.8777
10,35.9020
10,36.0520
10,36.0527
10,36.1285
10,36.1309
10,36.3262
10,36.6998
10,36.7411
10,37.0334
10,37.0350
10,37.1614
10,37.2740
10,37.4857
10,37.4933
10,37.4961
10,37.6802
10,37.7091
10,37.9868
10,38.1958
10,38.2207
10,38.3337
10,38.3489
10,38.3674
10,38.6784
10,38.7973
10,39.0113
10,39.0448
10,39.1091
10,39.2044
10,39.2845
10,39.4295
10,39.4712
10,39.6852
10,39.7176
10,39.7603
10,39.9327
10,39.9817
10,40.0632
10,40.1390
10,40.1643
10,40.1742
10,40.2776
10,40.3462
10,40.4646
10,40.4718
10,40.5343
10,40.5536
10,40.6088
10,40.6377
10,40.6557
10,40.6595
10,40.6834
10,40.8531
10,40.8702
10,40.9445
10,41.1691
10,41.3524
10,41.3796
10,41.4097
10,41.4148
10,41.5462
10,41.7236
10,41.8454
10,41.8902
10,41.9141
10,42.1579
10,42.1867
10,42.1867
10,42.1890
10,42.2711
10,42.8088
10,42.9449
10,43.0453
10,43.1851
10,43.2327
10,43.2761
10,43.3519
10,43.5100
10,43.5365
10,43.5505
10,43.7744
10,43.8098
10,43.8189
10,43.8978
10,44.0627
10,44.1077
10,44.2578
10,44.2582
10,44.2655
10,44.3089
10,44.3486
10,44.4532
10,44.6137
10,44.7143
10,44.7510
10,44.7633
10,44.7875
10,44.9642
10,44.9898
10,45.2575
10,45.3365
10,45.4711
10,45.5044
10,45.5198
10,45.5216
10,45.6148
10,45.6208
10,45.6320
10,45.7999
10,45.8193
10,45.8468
10,45.8812
10,45.9204
10,45.9382
10,45.9969
10,46.1538
10,46.5010
10,46.5798
10,46.6985
10,46.7191
10,46.7279
10,46.7847
10,47.0410
10,47.1955
10,47.2241
10,47.2486
10,47.3037
10,47.3580
10,47.4192
10,47.4722
10,47.5436
10,47.7372
10,47.7740
10,47.7993
10,47.9402
10,48.0322
10,48.0430
10,48.0765
10,48.1697
10,48.3275
10,48.6039
10,48.6707
10,48.6984
10,48.7266
10,48.7937
10,48.8863
10,48.9083
10,48.9838
10,49.2052
10,49.2281
10,49.2953
10,49.3421
10,49.4503
10,49.5059
10,49.5833
10,49.6017
10,49.6516
10,49.6638
10,49.6934
10,49.7117
10,49.9979
10,50.0146
10,50.0406
10,50.0525
10,50.0944
10,50.1134
10,50.3354
10,50.3481
10,50.4392
10,50.5384
10,50.6369
10,50.7036
10,50.9047
10,50.9724
10,51.0329
10,51.1202
10,51.1541
10,51.2687
10,51.4093
10,51.5732
10,51.6598
10,51.7317
10,52.2902
10,52.4061
10,52.6936
10,52.8254
10,53.0455
10,53.1228
10,53.1572
10,53.1597
10,53.2209
10,53.2276
10,53.4023
10,53.4488
10,53.5876
10,53.6297
10,53.7505
10,53.9415
10,54.0784
10,54.1069
10,54.2313
10,54.3145
10,54.3462
10,54.3816
10,54.4039
10,54.5157
10,54.6652
10,54.7517
10,55.0111
10,55.0327
10,55.1049
10,55.1065
10,55.2332
10,55.3041
10,55.4876
10,55.5643
10,55.6753
10,55.8263
10,55.8693
10,55.9521
10,56.0880
10,56.1251
10,56.1720
10,56.2003
10,56.2490
10,56.2635
10,56.3004
10,56.3086
10,56.3360
10,56.4008
10,56.4398
10,56.5331
10,56.6136
10,56.6807
10,56.6842
10,56.8922
10,56.9331
10,57.0178
10,57.1495
10,57.1745
10,57.1897
10,57.1922
10,57.3654
10,57.3852
10,57.7443
10,57.7764
10,57.8943
10,57.8979
10,58.0078
10,58.0249
10,58.0299
10,58.0389
10,58.1445
10,58.1543
10,58.1890
10,58.3219
10,58.3710
10,58.3738
10,58.3926
10,58.4176
10,58.4736
10,58.7574
10,58.8142
10,58.8872
10,58.9402
10,58.9551
10,59.0058
10,59.6172
10,59.6944
10,59.8394
10,59.9047
11,0.1360
11,0.4124
11,0.5538
11,0.6592
11,0.7059
11,0.7489
11,0.8223
11,0.9491
11,0.9715
11,1.0676
11,1.1060
11,1.2760
11,1.3236
11,1.3754
11,1.4830
11,1.5706
11,1.6672
11,1.6785
11,1.7571
11,1.7645
11,1.7904
11,1.8242
11,1.8542
11,1.8605
11,1.9053
11,1.9619
11,2.1323
11,2.2952
11,2.5470
11,2.8041
11,2.9082
11,3.2602
11,3.2930
11,3.3291
11,3.3429
11,3.3466
11,3.3544
11,3.3644
11,3.7021
11,3.7716
11,3.7992
11,3.8325
11,3.8499
11,3.9034
11,3.9503
11,4.1567
11,4.5129
11,4.5420
11,4.6826
11,4.7656
11,4.8664
11,4.9167
11,5.0960
11,5.2456
11,5.3308
11,5.4091
11,5.4220
11,5.4476
11,5.4739
11,5.4781
11,5.5219
11,5.6028
11,5.7514
11,5.7528
11,5.8219
11,6.0700
11,6.1047
11,6.1144
11,6.2514
11,6.3004
11,6.3966
11,6.4317
11,6.5039
11,6.7819
11,6.8196
11,6.9494
11,7.0394
11,7.1953
11,7.3456
11,7.4277
11,7.6751
11,7.6789
11,7.6862
11,7.6954
11,7.7773
11,7.7897
11,7.8590
11,7.9463
11,8.0258
11,8.0723
11,8.1451
11,8.2517
11,8.4403
11,8.4538
11,8.6177
11,8.6926
11,8.7020
11,8.7522
11,8.8089
11,8.8771
11,8.9480
11,9.1922
11,9.2575
11,9.3354
11,9.3498
11,9.4111
11,9.6003
11,9.6749
11,9.7124
11,9.7303
11,9.7632
11,9.7986
11,9.8104
11,10.1739
11,10.2138
11,10.2354
11,10.2733
11,10.2930
11,10.4457
11,10.4908
11,10.4912
11,10.5440
11,10.6499
11,10.6499
11,10.6936
11,10.7953
11,10.8080
11,10.8354
11,10.9216
11,11.2765
11,11.3109
11,11.5237
11,11.7164
11,11.7695
11,11.8229
11,11.8322
11,11.8489
11,11.8552
11,12.2395
11,12.3672
11,12.4077
11,12.4484
11,12.5478
11,12.8472
11,12.9255
11,12.9591
11,13.0764
11,13.1129
11,13.4044
11,13.4498
11,13.4628
11,13.5282
11,13.6310
11,13.6969
11,13.7457
11,13.7991
11,13.8627
11,13.9830
11,13.9863
11,14.1081
11,14.1249
11,14.1317
11,14.1392
11,14.2158
11,14.4547
11,14.4638
11,14.5492
11,14.8200
11,14.9841
11,15.0174
11,15.1696
11,15.1909
11,15.4667
11,15.4678
11,15.5306
11,15.5526
11,15.6310
11,15.6329
11,15.6709
11,15.7844
11,15.7906
11,16.2904
11,16.3648
11,16.3713
11,16.4003
11,16.5441
11,16.5529
11,16.6760
11,16.7724
11,16.7876
11,16.9720
11,17.1546
11,17.1826
11,17.2697
11,17.3645
11,17.4108
11,17.4205
11,17.4994
11,17.5614
11,17.6241
11,17.6509
11,17.6511
11,17.8030
11,17.9749
11,18.0928
11,18.1584
11,18.2235
11,18.2694
11,18.2810
11,18.5497
11,18.5732
11,18.5787
11,18.6036
11,18.6419
11,18.6875
11,18.7420
11,18.8868
11,19.2085
11,19.3116
11,19.6153
11,19.6383
11,19.7431
11,19.7627
11,19.8696
11,19.8823
11,19.9018
11,19.9197
11,19.9742
11,20.0981
11,20.0995
11,20.2975
11,20.3099
11,20.4059
11,20.4414
11,20.4481
11,20.4770
11,20.4900
11,20.5174
11,20.5180
11,20.6525
11,20.7890
11,20.9866
11,21.1224
11,21.5144
11,21.5196
11,21.5242
11,21.5355
11,21.5776
11,21.6761
11,21.6833
11,21.7534
11,21.9142
11,22.1474
11,22.1762
11,22.3433
11,22.3992
11,22.4097
11,22.4213
11,22.4546
11,22.4952
11,22.5130
11,22.5809
11,22.6606
11,22.8069
11,22.8242
11,22.9445
11,23.0051
11,23.0996
11,23.1742
11,23.2617
11,23.3452
11,23.6169
11,23.6601
11,23.6733
11,23.6846
11,23.7479
11,23.7767
11,23.8111
11,23.8140
11,23.8698
11,24.0164
11,24.0574
11,24.0893
11,24.1168
11,24.1583
11,24.4493
11,24.4843
11,24.4848
11,24.6110
11,24.6120
11,24.7128
11,24.8093
11,24.9948
11,25.0071
11,25.0522
11,25.3294
11,25.3700
11,25.3858
11,25.6015
11,25.6390
11,25.6427
11,25.7066
11,25.8009
11,25.8259
11,25.8765
11,25.9635
11,26.0540
11,26.1274
11,26.1330
11,26.1496
11,26.3020
11,26.3868
11,26.4601
11,26.6536
11,26.7047
11,26.7620
11,26.7822
11,26.8347
11,26.8887
11,26.8963
11,26.9669
11,26.9852
11,27.1409
11,27.1778
11,27.2376
11,27.3131
11,27.3217
11,27.4392
11,27.5980
11,27.6296
11,27.6959
11,27.7495
11,27.7876
11,27.8468
11,27.9565
11,27.9911
11,28.0233
11,28.2048
11,28.2130
11,28.2757
11,28.3603
11,28.5189
11,28.6961
11,28.7165
11,28.8954
11,29.0406
11,29.0510
11,29.1544
11,29.1888
11,29.2625
11,29.3258
11,29.4881
11,29.5185
11,29.5710
11,29.6005
11,29.9059
11,29.9078
11,30.0117
11,30.6992
11,30.7722
11,30.8803
11,31.1002
11,31.1280
11,31.1368
11,31.1572
11,31.2249
11,31.2870
11,31.4038
11,31.4349
11,31.5845
11,31.5991
11,31.6235
11,31.6701
11,31.7610
11,31.7771
11,31.9855
11,32.0903
11,32.1553
11,32.2121
11,32.2351
11,32.2509
11,32.3383
11,32.3614
11,32.3885
11,32.6214
11,32.6538
11,32.6658
11,32.6791
11,32.7251
11,32.7808
11,32.7992
11,32.9614
11,33.0447
11,33.0893
11,33.1613
11,33.1795
11,33.3059
11,33.3461
11,33.4090
11,33.5188
11,33.5383
11,33.5403
11,33.5703
11,33.7494
11,33.7707
11,33.8494
11,33.9600
11,33.9826
11,34.0995
11,34.3315
11,34.3382
11,34.3783
11,34.3837
11,34.5415
11,34.6521
11,34.6724
11,34.7492
11,34.7905
11,34.8160
11,34.9103
11,34.9338
11,34.9752
11,34.9971
11,35.0857
11,35.1113
11,35.1482
11,35.2088
11,35.2381
11,35.2807
11,35.6354
11,35.6872
11,35.7245
11,35.8007
11,35.9308
11,36.0188
11,36.2013
11,36.3169
11,36.3444
11,36.3801
11,36.3903
11,36.5184
11,36.5238
11,36.6664
11,36.7053
11,36.7984
11,36.8136
11,36.8346
11,37.0718
11,37.1846
11,37.2013
11,37.2179
11,37.3491
11,37.3828
11,37.7527
11,37.8015
11,38.0971
11,38.1289
11,38.2922
11,38.3096
11,38.4203
11,38.6574
11,38.7155
11,38.7425
11,38.7999
11,38.8252
11,38.9603
11,38.9669
11,38.9819
11,38.9965
11,39.0535
11,39.0643
11,39.0748
11,39.1930
11,39.2027
11,39.2954
11,39.3158
11,39.3183
11,39.3460
11,39.4331
11,39.4672
11,39.4767
11,39.5371
11,39.6505
11,39.7030
11,40.0676
11,40.1480
11,40.2101
11,40.2424
11,40.2915
11,40.3341
11,40.4906
11,40.5112
11,40.7078
11,40.7789
11,40.8884
11,41.0362
11,41.1459
11,41.1935
11,41.1941
11,41.5603
11,41.5790
11,41.5915
11,41.6908
11,41.7835
11,41.7983
11,42.0830
11,42.2030
11,42.3588
11,42.3736
11,42.3834
11,42.4764
11,42.4940
11,42.5232
11,42.7231
11,42.7255
11,42.8846
11,42.9206
11,42.9786
11,43.1307
11,43.2598
11,43.6019
11,43.9631
11,44.0122
11,44.0382
11,44.0624
11,44.1750
11,44.2189
11,44.2701
11,44.3743
11,44.4895
11,44.5443
11,44.6628
11,44.7316
11,44.7576
11,44.7915
11,44.9168
11,44.9264
11,45.0677
11,45.1009
11,45.1102
11,45.4008
11,45.4936
11,45.4941
11,45.5064
11,45.5780
11,45.5822
11,45.6136
11,45.6657
11,45.8274
11,45.8613
11,45.9358
11,46.0389
11,46.0539
11,46.1297
11,46.1908
11,46.2569
11,46.2719
11,46.3379
11,46.3506
11,46.4077
11,46.7199
11,46.7420
11,46.8908
11,46.9169
11,47.0077
11,47.0655
11,47.2736
11,47.3044
11,47.5842
11,47.6128
11,47.7545
11,47.8369
11,47.8678
11,47.9972
11,48.6356
11,48.7103
11,48.8621
11,48.8833
11,48.9634
11,49.1409
11,49.5324
11,49.5544
11,49.6709
11,49.6955
11,49.6973
11,49.7364
11,49.9503
11,49.9769
11,49.9984
11,50.0729
11,50.1360
11,50.1688
11,50.1702
11,50.2074
11,50.2718
11,50.3182
11,50.3285
11,50.3392
11,50.3463
11,50.3595
11,50.3957
11,50.4067
11,50.5528
11,50.5750
11,50.5866
11,50.7284
11,50.7583
11,50.7946
11,50.8083
11,50.8581
11,50.9487
11,50.9727
11,50.9831
11,50.9986
11,51.3580
11,51.3876
11,51.6044
11,51.6260
11,52.0194
11,52.0654
11,52.1465
11,52.1544
11,52.2063
11,52.2640
11,52.6297
11,52.8186
11,52.8880
11,53.0718
11,53.0759
11,53.4121
11,53.4962
11,53.6890
11,53.7592
11,54.0272
11,54.1692
11,54.4231
11,54.5520
11,54.6394
11,54.7675
11,54.9060
11,55.0380
11,55.2761
11,55.4666
11,55.7075
11,55.7436
11,56.0646
11,56.1270
11,56.1493
11,56.1693
11,56.2276
11,56.2476
11,56.2920
11,56.5117
11,56.5296
11,56.6209
11,56.6952
11,56.7028
11,56.7440
11,56.8574
11,57.0130
11,57.0870
11,57.1679
11,57.3802
11,57.5614
11,57.5828
11,57.6205
11,57.7204
11,57.7897
11,57.8897
11,57.9575
11,58.0559
11,58.1265
11,58.1585
11,58.4041
11,58.4132
11,58.4612
11,58.5441
11,58.7427
11,58.8098
11,58.8115
11,58.9976
11,59.1332
11,59.1985
11,59.2699
11,59.3111
11,59.5576
11,59.5711
11,59.6786
11,59.7518
11,59.8431
11,59.9452
12,0.0311
12,0.0918
12,0.1493
12,0.1532
12,0.1543
12,0.1729
12,0.3260
12,0.3279
12,0.3333
12,0.3613
12,0.3737
12,0.3893
12,0.4198
12,0.6087
12,0.6758
12,0.6761
12,0.7029
12,0.7513
12,0.7690
12,0.9224
12,0.9855
12,0.9953
12,0.9974
12,1.0218
12,1.1101
12,1.1588
12,1.1663
12,1.3182
12,1.3219
12,1.3633
12,1.4107
12,1.5657
12,1.5822
12,1.6360
12,1.6552
12,1.6996
12,1.7020
12,1.7574
12,1.7597
12,1.7885
12,1.7995
12,1.8947
12,1.9052
12,1.9219
12,1.9671
12,2.0084
12,2.0572
12,2.0707
12,2.1513
12,2.2397
12,2.2690
12,2.3139
12,2.4546
12,2.5083
12,2.5434
12,2.5657
12,2.6190
12,2.6695
12,2.8059
12,2.8144
12,2.8300
12,2.8505
12,2.8544
12,3.0226
12,3.1284
12,3.2450
12,3.3024
12,3.3566
12,3.4280
12,3.4547
12,3.4685
12,3.5251
12,3.5718
12,3.7002
12,3.7189
12,3.7255
12,3.8549
12,3.8806
12,3.9665
12,4.0142
12,4.0481
12,4.0774
12,4.2803
12,4.3730
12,4.4443
12,4.4655
12,4.4997
12,4.5259
12,4.7188
12,4.8880
12,4.9440
12,5.0988
12,5.1176
12,5.1835
12,5.2476
12,5.2864
12,5.3077
12,5.4160
12,5.5115
12,5.5414
12,5.5530
12,5.5761
12,5.6855
12,5.7595
12,5.7788
12,5.8387
12,5.8445
12,5.9099
12,5.9353
12,6.0005
12,6.0623
12,6.0704
12,6.1469
12,6.1835
12,6.4076
12,6.4646
12,6.5037
12,6.5211
12,6.5647
12,6.5791
12,6.6365
12,6.7176
12,6.7746
12,6.8906
12,6.8968
12,6.9061
12,7.0275
12,7.0288
12,7.0390
12,7.1108
12,7.1554
12,7.1614
12,7.1653
12,7.1773
12,7.1943
12,7.2902
12,7.3453
12,7.3885
12,7.3908
12,7.4159
12,7.4747
12,7.5612
12,7.6119
12,7.6416
12,7.7687
12,7.7711
12,7.8262
12,7.8739
12,7.9141
12,7.9402
12,7.9739
12,8.0010
12,8.0212
12,8.0509
12,8.1472
12,8.1733
12,8.2208
12,8.2416
12,8.2429
12,8.2577
12,8.2637
12,8.2869
12,8.2911
12,8.3411
12,8.3910
12,8.4174
12,8.4188
12,8.5087
12,8.5740
12,8.5977
12,8.7300
12,8.7314
12,8.7552
12,8.7761
12,8.7763
12,8.8167
12,8.8752
12,8.9720
12,9.0477
12,9.0850
12,9.0965
12,9.1019
12,9.1896
12,9.2889
12,9.3630
12,9.5071
12,9.6435
12,9.7327
12,9.8084
12,9.9281
12,9.9670
12,9.9846
12,10.0022
12,10.0804
12,10.1613
12,10.1875
12,10.1997
12,10.3199
12,10.4532
12,10.4835
12,10.5088
12,10.5428
12,10.5468
12,10.6273
12,10.6417
12,10.7113
12,10.7412
12,10.8194
12,10.8424
12,10.8738
12,10.9308
12,10.9357
12,10.9925
12,10.9989
12,11.0286
12,11.0982
12,11.1421
12,11.1760
12,11.2087
12,11.2502
12,11.3033
12,11.3135
12,11.4034
12,11.4700
12,11.5083
12,11.5121
12,11.5285
12,11.6866
12,11.7222
12,11.8321
12,11.8495
12,11.9031
12,11.9310
12,11.9686
12,12.0549
12,12.1200
12,12.1558
12,12.4062
12,12.4541
12,12.4829
12,12.6265
12,12.6708
12,12.6915
12,12.8533
12,12.8705
12,12.8889
12,12.9068
12,12.9104
12,12.9172
12,12.9257
12,12.9302
12,12.9614
12,13.0380
12,13.0458
12,13.0605
12,13.1902
12,13.2186
12,13.2244
12,13.2502
12,13.4075
12,13.4532
12,13.4533
12,13.6963
12,13.8486
12,13.9422
12,13.9425
12,13.9962
12,14.2599
12,14.2631
12,14.4178
12,14.5002
12,14.5204
12,14.6128
12,14.6160
12,14.6345
12,14.6371
12,14.6601
12,14.7205
12,14.8258
12,14.9544
12,15.0399
12,15.1804
12,15.3203
12,15.3652
12,15.3848
12,15.6122
12,15.6204
12,15.6503
12,15.6875
12,15.7285
12,15.7609
12,15.8730
12,15.9117
12,15.9880
12,15.9956
12,16.2382
12,16.2639
12,16.2716
12,16.3229
12,16.3486
12,16.4575
12,16.4857
12,16.4906
12,16.6646
12,16.6815
12,16.7041
12,16.7424
12,16.7670
12,16.7860
12,16.7984
12,16.8111
12,16.8504
12,16.9389
12,16.9517
12,16.9811
12,17.0267
12,17.1515
12,17.1712
12,17.2881
12,17.3381
12,17.3957
12,17.4568
12,17.5817
12,17.6072
12,17.6073
12,17.6092
12,17.7408
12,17.7435
12,17.7712
12,18.0652
12,18.1445
12,18.2062
12,18.2302
12,18.2792
12,18.3249
12,18.4150
12,18.4904
12,18.5082
12,18.5385
12,18.5473
12,18.5534
12,18.6434
12,18.6861
12,18.7278
12,18.8317
12,18.9172
12,18.9628
12,18.9679
12,18.9722
12,18.9905
12,19.0291
12,19.1559
12,19.2430
12,19.3333
12,19.3400
12,19.3428
12,19.3931
12,19.5026
12,19.5211
12,19.5464
12,19.6240
12,19.7841
12,19.7948
12,20.1295
12,20.1409
12,20.1654
12,20.2258
12,20.2632
12,20.2811
12,20.3179
12,20.3377
12,20.3741
12,20.4866
12,20.5451
12,20.6006
12,20.6176
12,20.7610
12,20.9307
12,20.9686
12,20.9920
12,21.0198
12,21.1509
12,21.1808
12,21.1813
12,21.1871
12,21.1903
12,21.2414
12,21.3447
12,21.3686
12,21.4126
12,21.4162
12,21.4699
12,21.6218
12,21.7048
12,21.8502
12,21.8779
12,21.9102
12,21.9673
12,21.9782
12,22.1521
12,22.2213
12,22.2300
12,22.2536
12,22.2758
12,22.3957
12,22.5279
12,22.5495
12,22.6486
12,22.6664
12,22.7152
12,22.7223
12,22.8453
12,22.8679
12,22.9819
12,23.0469
12,23.0685
12,23.1555
12,23.1664
12,23.2240
12,23.3280
12,23.3836
12,23.4334
12,23.4481
12,23.5007
12,23.6112
12,23.6678
12,23.6870
12,23.6903
12,23.7051
12,23.8354
12,23.8700
12,23.8740
12,23.9235
12,23.9358
12,24.1310
12,24.2323
12,24.4213
12,24.4932
12,24.5055
12,24.5097
12,24.5608
12,24.5645
12,24.8327
12,24.8598
12,24.9369
12,24.9744
12,25.0277
12,25.0838
12,25.2460
12,25.3432
12,25.3524
12,25.4818
12,25.4880
12,25.5018
12,25.5356
12,25.5363
12,25.5442
12,25.5448
12,25.5697
12,25.5824
12,25.6307
12,25.7306
12,25.7562
12,25.7973
12,25.7991
12,25.8361
12,25.8472
12,25.8810
12,25.9309
12,26.2333
12,26.4238
12,26.4622
12,26.5399
12,26.5500
12,26.5947
12,26.6468
12,26.6806
12,26.7037
12,26.7700
12,26.7769
12,26.8309
12,26.8329
12,26.8346
12,26.8472
12,26.9457
12,26.9706
12,27.0409
12,27.0931
12,27.2026
12,27.2070
12,27.3587
12,27.3926
12,27.4257
12,27.4788
12,27.5894
12,27.7553
12,27.7830
12,27.8163
12,27.8275
12,27.8686
12,27.8772
12,27.8947
12,27.9042
12,27.9372
12,27.9846
12,28.0357
12,28.1070
12,28.2367
12,28.2613
12,28.3297
12,28.3527
12,28.3761
12,28.5017
12,28.5360
12,28.5374
12,28.5583
12,28.6237
12,28.6500
12,28.7022
12,28.7129
12,28.7574
12,28.9638
12,28.9905
12,29.0063
12,29.0640
12,29.1045
12,29.3458
12,29.4551
12,29.4832
12,29.5579
12,29.6073
12,29.6666
12,29.7006
12,29.7147
12,29.7157
12,29.7457
12,29.7844
12,29.7913
12,29.8769
12,29.8973
12,29.9355
12,30.0306
12,30.0637
12,30.1304
12,30.2224
12,30.2629
12,30.2777
12,30.2789
12,30.3211
12,30.3958
12,30.4675
12,30.6483
12,30.7126
12,30.7565
12,30.7595
12,30.8312
12,30.9123
12,30.9423
12,30.9505
12,31.0105
12,31.0720
12,31.1089
12,31.1332
12,31.1529
12,31.1627
12,31.2050
12,31.2070
12,31.2187
12,31.2249
12,31.2471
12,31.2562
12,31.2710
12,31.3598
12,31.3628
12,31.3991
12,31.4142
12,31.5062
12,31.5111
12,31.5800
12,31.6315
12,31.6541
12,31.7916
12,31.8680
12,31.9757
12,32.0387
12,32.1455
12,32.2207
12,32.3733
12,32.4047
12,32.4723
12,32.6109
12,32.6927
12,32.7743
12,32.7766
12,32.8859
12,32.9092
12,32.9969
12,33.0982
12,33.1046
12,33.2553
12,33.2746
12,33.3245
12,33.3441
12,33.3447
12,33.3760
12,33.3782
12,33.4045
12,33.4247
12,33.5127
12,33.5560
12,33.5669
12,33.5847
12,33.6470
12,33.6545
12,33.6695
12,33.6713
12,33.7145
12,33.7720
12,33.7760
12,33.8062
12,34.1286
12,34.1373
12,34.3306
12,34.3966
12,34.4054
12,34.4307
12,34.5206
12,34.5327
12,34.5445
12,34.5670
12,34.5856
12,34.6041
12,34.7643
12,34.8529
12,34.8689
12,34.9314
12,35.0000
12,35.0202
12,35.3092
12,35.3342
12,35.3585
12,35.3926
12,35.4621
12,35.7542
12,35.7976
12,35.8160
12,35.8348
12,35.8725
12,35.8804
12,35.9055
12,35.9420
12,36.1506
12,36.4911
12,36.6100
12,36.6651
12,36.7767
12,36.7800
12,36.7900
12,36.7983
12,36.8349
12,36.8637
12,36.8884
12,36.9012
12,36.9516
12,36.9584
12,36.9600
12,36.9805
12,36.9947
12,37.0188
12,37.0331
12,37.0588
12,37.1955
12,37.2034
12,37.2172
12,37.2451
12,37.5823
12,37.5824
12,37.6050
12,37.6888
12,37.7379
12,37.7705
12,37.7786
12,37.7822
12,37.9091
12,37.9748
12,37.9842
12,38.0078
12,38.0996
12,38.1531
12,38.2236
12,38.2727
12,38.3093
12,38.3129
12,38.3170
12,38.4585
12,38.5421
12,38.5460
12,38.6099
12,38.6346
12,38.6432
12,38.6600
12,38.7814
12,38.8409
12,38.8413
12,38.9091
12,38.9093
12,39.0267
12,39.0783
12,39.1324
12,39.1333
12,39.1371
12,39.1752
12,39.1935
12,39.2306
12,39.2610
12,39.3560
12,39.3637
12,39.3877
12,39.4085
12,39.5178
12,39.5684
12,39.5822
12,39.6067
12,39.6210
12,39.6507
12,39.6858
12,39.7482
12,39.7853
12,39.9147
12,39.9607
12,39.9723
12,40.0305
12,40.0764
12,40.0829
12,40.0857
12,40.0979
12,40.1233
12,40.1287
12,40.1326
12,40.1730
12,40.1789
12,40.3407
12,40.3820
12,40.3914
12,40.5962
12,40.6412
12,40.7603
12,40.7972
12,40.8288
12,40.9821
12,41.0493
12,41.0959
12,41.1255
12,41.1674
12,41.2283
12,41.2846
12,41.3174
12,41.3335
12,41.3457
12,41.3647
12,41.3797
12,41.3798
12,41.4256
12,41.4952
12,41.6219
12,41.8399
12,41.9214
12,41.9536
12,41.9741
12,42.0322
12,42.1354
12,42.1675
12,42.1893
12,42.2814
12,42.2829
12,42.3715
12,42.3812
12,42.3873
12,42.4354
12,42.5487
12,42.5798
12,42.6285
12,42.7765
12,42.7882
12,42.8321
12,42.9114
12,42.9859
12,43.0407
12,43.0533
12,43.0763
12,43.0804
12,43.1497
12,43.1557
12,43.1562
12,43.1711
12,43.2033
12,43.2149
12,43.2734
12,43.2920
12,43.3226
12,43.3923
12,43.4175
12,43.4543
12,43.4720
12,43.5076
12,43.5173
12,43.5237
12,43.7017
12,43.7616
12,43.8235
12,43.8433
12,43.8657
12,43.9308
12,44.0103
12,44.0142
12,44.0237
12,44.0374
12,44.0935
12,44.2316
12,44.3127
12,44.3768
12,44.3805
12,44.3973
12,44.5337
12,44.5364
12,44.6255
12,44.6354
12,44.6727
12,44.6747
12,44.7720
12,44.7914
12,44.9032
12,44.9534
12,45.1306
12,45.2222
12,45.2228
12,45.2536
12,45.3254
12,45.3701
12,45.4982
12,45.5309
12,45.5959
12,45.6084
12,45.6845
12,45.7138
12,45.7296
12,45.8056
12,45.9769
12,45.9956
12,45.9990
12,46.0145
12,46.0237
12,46.1353
12,46.2141
12,46.2247
12,46.3553
12,46.4241
12,46.5801
12,46.5982
12,46.6521
12,46.6935
12,46.7206
12,46.7280
12,46.7707
12,46.7841
12,46.8597
12,47.0613
12,47.1304
12,47.1324
12,47.1587
12,47.1791
12,47.2371
12,47.3680
12,47.5371
12,47.5941
12,47.6239
12,47.6630
12,47.6864
12,47.7064
12,47.7320
12,47.7338
12,47.7844
12,47.9157
12,48.0809
12,48.1117
12,48.1251
12,48.1441
12,48.1887
12,48.2245
12,48.2354
12,48.2627
12,48.3329
12,48.3449
12,48.3598
12,48.4050
12,48.5115
12,48.5424
12,48.5508
12,48.5591
12,48.5878
12,48.7809
12,48.9327
12,48.9879
12,49.0555
12,49.0886
12,49.1791
12,49.1856
12,49.3131
12,49.3319
12,49.4276
12,49.4929
12,49.5181
12,49.5535
12,49.6012
12,49.6426
12,49.7877
12,49.8496
12,49.8630
12,50.0154
12,50.0502
12,50.0586
12,50.0668
12,50.0884
12,50.0887
12,50.1265
12,50.1270
12,50.1482
12,50.1773
12,50.2053
12,50.3126
12,50.3144
12,50.3703
12,50.3735
12,50.4661
12,50.4743
12,50.5127
12,50.5880
12,50.6834
12,50.7702
12,50.8050
12,50.9256
12,51.0183
12,51.1706
12,51.2246
12,51.2903
12,51.3135
12,51.3315
12,51.3330
12,51.3645
12,51.4047
12,51.4158
12,51.4209
12,51.4566
12,51.5066
12,51.7759
12,51.8549
12,51.8574
12,51.8923
12,51.8950
12,51.9118
12,51.9333
12,51.9910
12,52.0831
12,52.1153
12,52.1433
12,52.1878
12,52.2025
12,52.2235
12,52.2744
12,52.2910
12,52.2942
12,52.3167
12,52.3358
12,52.3500
12,52.3520
12,52.5376
12,52.5506
12,52.6050
12,52.6263
12,52.7585
12,52.7643
12,52.8831
12,52.8863
12,52.9925
12,53.0691
12,53.1076
12,53.1694
12,53.1760
12,53.2239
12,53.3259
12,53.5489
12,53.5529
12,53.6124
12,53.6286
12,53.6480
12,53.6729
12,53.7149
12,53.8736
12,53.8821
12,53.9430
12,53.9446
12,53.9877
12,53.9954
12,54.0392
12,54.0996
12,54.1310
12,54.1555
12,54.1922
12,54.2169
12,54.3055
12,54.3677
12,54.4076
12,54.4527
12,54.4794
12,54.4875
12,54.5000
12,54.5346
12,54.5392
12,54.6642
12,54.7390
12,54.8051
12,54.8715
12,54.8762
12,54.9076
12,55.0264
12,55.0767
12,55.1366
12,55.5464
12,55.5503
12,55.5621
12,55.5761
12,55.6147
12,55.8117
12,55.8359
12,55.9943
12,55.9954
12,56.0609
12,56.1600
12,56.1739
12,56.1892
12,56.2791
12,56.3082
12,56.3431
12,56.3942
12,56.4233
12,56.4777
12,56.4895
12,56.6343
12,56.7599
12,56.7880
12,56.7953
12,56.8209
12,56.8380
12,56.8466
12,56.8904
12,56.9167
12,56.9655
12,56.9937
12,57.1942
12,57.1976
12,57.2832
12,57.3105
12,57.3147
12,57.3828
12,57.4123
12,57.4852
12,57.5337
12,57.6339
12,57.6644
12,57.8223
12,57.8501
12,57.8518
12,58.1326
12,58.1611
12,58.1812
12,58.1941
12,58.2184
12,58.2564
12,58.2797
12,58.3211
12,58.3471
12,58.3926
12,58.3981
12,58.4086
12,58.4268
12,58.4497
12,58.4721
12,58.5186
12,58.7723
12,58.7948
12,58.9371
12,59.0254
12,59.1265
12,59.1518
12,59.2050
12,59.2771
12,59.2874
12,59.3998
12,59.4219
12,59.4357
12,59.5283
12,59.6124
12,59.6758
12,59.6758
12,59.7162
12,59.7274
12,59.7379
12,59.8497
12,59.8676
12,59.9163
12,59.9379
12,59.9577
12,59.9951
13,0.0144
13,0.2891
13,0.3345
13,0.3786
13,0.3807
13,0.4872
13,0.5390
13,0.5671
13,0.9485
13,1.0102
13,1.0455
13,1.1663
13,1.3492
13,1.3580
13,1.6683
13,1.9514
13,2.1333
13,2.1432
13,2.1903
13,2.2336
13,2.2551
13,2.2725
13,2.2792
13,2.3162
13,2.3496
13,2.3794
13,2.8785
13,2.9153
13,3.0028
13,3.0682
13,3.0937
13,3.2708
13,3.2730
13,3.3235
13,3.4007
13,3.5635
13,3.5888
13,3.6626
13,3.8405
13,3.8425
13,4.0375
13,4.0416
13,4.0507
13,4.2865
13,4.3030
13,4.4021
13,4.6433
13,4.7990
13,4.8086
13,4.8156
13,4.8431
13,4.8941
13,4.9335
13,5.0309
13,5.3024
13,5.3913
13,5.5207
13,5.5208
13,5.6748
13,5.7267
13,5.7820
13,5.7980
13,6.0251
13,6.1700
13,6.2267
13,6.3271
13,6.4380
13,6.4493
13,6.5634
13,6.6593
13,6.7003
13,6.7717
13,6.7718
13,6.9676
13,6.9726
13,7.0451
13,7.2033
13,7.2944
13,7.3984
13,7.4073
13,7.5755
13,7.6543
13,7.6860
13,7.7851
13,7.7899
13,7.8956
13,7.9258
13,7.9265
13,7.9816
13,8.0509
13,8.1037
13,8.1067
13,8.2012
13,8.2195
13,8.2695
13,8.3113
13,8.3755
13,8.3978
13,8.3997
13,8.4190
13,8.4319
13,8.5203
13,8.6127
13,8.6325
13,8.6862
13,8.7518
13,8.8060
13,9.0823
13,9.1686
13,9.4121
13,9.4581
13,9.4613
13,9.4955
13,9.5452
13,9.7425
13,9.8178
13,9.8655
13,9.9728
13,9.9964
13,10.0268
13,10.0403
13,10.0668
13,10.0803
13,10.1119
13,10.1490
13,10.2473
13,10.4844
13,10.5232
13,10.6847
13,10.8707
13,10.8787
13,11.0340
13,11.0370
13,11.0639
13,11.1108
13,11.1116
13,11.1868
13,11.2114
13,11.2614
13,11.3144
13,11.3280
13,11.3646
13,11.3846
13,11.6372
13,11.6643
13,11.6983
13,11.7682
13,11.8158
13,11.9130
13,11.9401
13,12.1265
13,12.2495
13,12.3558
13,12.4411
13,12.4748
13,12.4822
13,12.4861
13,12.5341
13,12.5817
13,12.6318
13,12.7516
13,12.8419
13,12.8608
13,12.9485
13,13.0181
13,13.0552
13,13.0924
13,13.1309
13,13.1312
13,13.2178
13,13.3612
13,13.3814
13,13.5170
13,13.5564
13,13.9429
13,13.9876
13,14.2634
13,14.3894
13,14.4004
13,14.4416
13,14.5113
13,14.7130
13,14.7400
13,14.7807
13,14.8654
13,14.8697
13,15.0198
13,15.0685
13,15.0741
13,15.0907
13,15.2789
13,15.2992
13,15.3661
13,15.3847
13,15.4523
13,15.4897
13,15.5415
13,15.6658
13,15.8487
13,15.8752
13,15.8782
13,15.9944
13,16.2125
13,16.2734
13,16.3033
13,16.3956
13,16.4692
13,16.4791
13,16.5107
13,16.5857
13,16.6839
13,16.8011
13,16.8342
13,16.9391
13,17.0413
13,17.0465
13,17.0473
13,17.0859
13,17.1630
13,17.1910
13,17.2314
13,17.2773
13,17.2803
13,17.3541
13,17.3991
13,17.4138
13,17.4466
13,17.8623
13,18.0535
13,18.2525
13,18.3171
13,18.3502
13,18.3781
13,18.3789
13,18.5036
13,18.5103
13,18.5518
13,18.7134
13,18.7583
13,18.7595
13,18.9046
13,18.9123
13,18.9845
13,18.9996
13,19.0368
13,19.0625
13,19.1058
13,19.1175
13,19.1474
13,19.2001
13,19.2320
13,19.2446
13,19.3882
13,19.5645
13,19.7505
13,19.7681
13,19.8107
13,19.9794
13,20.3375
13,20.3452
13,20.4141
13,20.4256
13,20.4978
13,20.5315
13,20.7134
13,20.7189
13,20.7462
13,20.8035
13,20.8338
13,20.8793
13,20.8932
13,21.0087
13,21.1320
13,21.1368
13,21.2139
13,21.2625
13,21.3016
13,21.3868
13,21.5509
13,21.6137
13,21.6221
13,21.6263
13,21.6916
13,21.7441
13,21.7688
13,21.7877
13,21.8235
13,21.8340
13,21.8661
13,21.8836
13,21.8975
13,21.9241
13,21.9327
13,22.1568
13,22.1749
13,22.2304
13,22.4718
13,22.5066
13,22.7777
13,23.0147
13,23.1208
13,23.1229
13,23.1472
13,23.2590
13,23.2844
13,23.2925
13,23.2998
13,23.3387
13,23.3849
13,23.4135
13,23.5047
13,23.6611
13,23.6790
13,23.7340
13,23.7431
13,23.9659
13,24.0786
13,24.2087
13,24.3648
13,24.3935
13,24.4444
13,24.6331
13,24.7539
13,24.8926
13,24.9081
13,24.9119
13,24.9233
13,24.9365
13,25.0247
13,25.1808
13,25.2161
13,25.2558
13,25.2585
13,25.3646
13,25.5189
13,25.6246
13,25.6840
13,25.7030
13,25.7852
13,25.8062
13,25.8243
13,25.8615
13,25.9117
13,25.9481
13,25.9741
13,26.0758
13,26.1060
13,26.2579
13,26.2774
13,26.3548
13,26.3548
13,26.4339
13,26.4929
13,26.5616
13,26.5618
13,26.5844
13,26.6694
13,26.7130
13,26.7794
13,26.8213
13,26.9313
13,26.9755
13,26.9974
13,27.0134
13,27.3318
13,27.3755
13,27.4655
13,27.6536
13,27.7122
13,27.7433
13,27.9416
13,27.9949
13,28.0796
13,28.1242
13,28.2187
13,28.2520
13,28.3394
13,28.4812
13,28.5395
13,28.7378
13,28.7534
13,28.9547
13,29.0389
13,29.0395
13,29.0952
13,29.1010
13,29.1088
13,29.1139
13,29.2194
13,29.3325
13,29.3692
13,29.4095
13,29.5138
13,29.5299
13,29.5330
13,29.5525
13,29.6862
13,29.7213
13,29.8340
13,30.0499
13,30.0522
13,30.1149
13,30.2155
13,30.2283
13,30.3024
13,30.3279
13,30.3987
13,30.4163
13,30.5778
13,30.7743
13,30.7829
13,30.9349
13,30.9831
13,30.9945
13,31.0122
13,31.1748
13,31.2453
13,31.2525
13,31.3076
13,31.4031
13,31.4487
13,31.4715
13,31.6428
13,31.9141
13,31.9612
13,32.0153
13,32.0320
13,32.1317
13,32.1941
13,32.2035
13,32.2597
13,32.2871
13,32.3101
13,32.3647
13,32.3788
13,32.5194
13,32.5374
13,32.6385
13,32.6449
13,32.7398
13,32.7774
13,32.7921
13,33.0177
13,33.0510
13,33.0786
13,33.1632
13,33.2303
13,33.2923
13,33.4339
13,33.5093
13,33.5451
13,33.6005
13,33.6142
13,33.6954
13,33.7414
13,33.7740
13,33.8677
13,34.0835
13,34.1641
13,34.1878
13,34.2226
13,34.3573
13,34.3838
13,34.4520
13,34.4908
13,34.4984
13,34.5379
13,34.5590
13,34.6005
13,34.7041
13,34.7563
13,34.7828
13,34.7855
13,34.8804
13,35.0080
13,35.0144
13,35.0927
13,35.1190
13,35.1277
13,35.1286
13,35.2628
13,35.2647
13,35.2877
13,35.4978
13,35.5022
13,35.5057
13,35.5218
13,35.7416
13,35.8220
13,35.8743
13,36.0211
13,36.0389
13,36.1146
13,36.1536
13,36.1710
13,36.2253
13,36.3262
13,36.3728
13,36.4023
13,36.4095
13,36.4703
13,36.4945
13,36.5244
13,36.5546
13,36.5983
13,36.6371
13,36.7684
13,36.8205
13,36.9009
13,36.9592
13,36.9616
13,36.9829
13,36.9958
13,37.0508
13,37.2436
13,37.2533
13,37.2898
13,37.3427
13,37.3697
13,37.4349
13,37.4655
13,37.5030
13,37.6028
13,37.6488
13,37.7331
13,37.7851
13,37.8021
13,37.8304
13,37.8904
13,37.9274
13,37.9325
13,37.9953
13,38.0718
13,38.0877
13,38.2462
13,38.2916
13,38.2993
13,38.3148
13,38.3643
13,38.3725
13,38.4122
13,38.5538
13,38.7566
13,38.8792
13,38.9174
13,39.0328
13,39.1129
13,39.2081
13,39.2783
13,39.2943
13,39.3752
13,39.4456
13,39.5368
13,39.5470
13,39.5844
13,39.5947
13,39.6007
13,39.6042
13,39.7429
13,39.8045
13,39.8657
13,40.2286
13,40.2433
13,40.2871
13,40.3408
13,40.4371
13,40.4699
13,40.5245
13,40.5539
13,40.7027
13,40.7632
13,40.9310
13,40.9979
13,41.1054
13,41.1889
13,41.2029
13,41.2224
13,41.2483
13,41.3115
13,41.4411
13,41.5102
13,41.5523
13,41.5668
13,41.6100
13,41.7971
13,41.8674
13,41.8916
13,41.9809
13,41.9900
13,42.0685
13,42.0833
13,42.0840
13,42.1350
13,42.2276
13,42.3220
13,42.4458
13,42.4916
13,42.5262
13,42.6015
13,42.7312
13,42.7447
13,42.8487
13,43.0111
13,43.1239
13,43.1541
13,43.2546
13,43.2865
13,43.3112
13,43.5255
13,43.5843
13,43.7022
13,43.7488
13,43.7898
13,43.8650
13,43.9710
13,44.0455
13,44.0930
13,44.1276
13,44.1571
13,44.1614
13,44.2400
13,44.3045
13,44.3251
13,44.3731
13,44.4636
13,44.4985
13,44.6929
13,44.7055
13,44.7288
13,44.8323
13,44.9333
13,45.0005
13,45.0568
13,45.0717
13,45.0898
13,45.1361
13,45.1580
13,45.1649
13,45.2474
13,45.4814
13,45.5189
13,45.5546
13,45.6014
13,45.6151
13,45.6694
13,45.7390
13,45.7526
13,45.7949
13,45.9088
13,45.9229
13,46.0010
13,46.0526
13,46.0611
13,46.0920
13,46.1234
13,46.1410
13,46.1948
13,46.1977
13,46.3845
13,46.4188
13,46.4591
13,46.4835
13,46.4978
13,46.5967
13,46.6403
13,46.6653
13,46.8417
13,46.9258
13,46.9608
13,47.0868
13,47.1702
13,47.2195
13,47.3425
13,47.3878
13,47.4145
13,47.5132
13,47.5441
13,47.6150
13,47.7016
13,48.0642
13,48.2061
13,48.2153
13,48.2219
13,48.3356
13,48.3677
13,48.3689
13,48.4444
13,48.5455
13,48.5582
13,48.6149
13,48.7118
13,48.7269
13,48.7353
13,48.7522
13,48.8326
13,48.8345
13,48.8875
13,48.9213
13,48.9675
13,48.9794
13,49.0093
13,49.0519
13,49.0546
13,49.0603
13,49.2626
13,49.2642
13,49.3842
13,49.4504
13,49.4511
13,49.4681
13,49.6371
13,49.6387
13,49.7067
13,49.7729
13,49.8872
13,49.9655
13,50.0549
13,50.0963
13,50.1310
13,50.1968
13,50.2269
13,50.2689
13,50.3255
13,50.3481
13,50.4015
13,50.4191
13,50.4263
13,50.4508
13,50.4578
13,50.4698
13,50.5876
13,50.6350
13,50.6377
13,50.9140
13,50.9248
13,50.9556
13,50.9649
13,51.0309
13,51.0853
13,51.1543
13,51.1882
13,51.4620
13,51.6379
13,51.7711
13,51.7776
13,51.8555
13,52.0398
13,52.1443
13,52.1456
13,52.2434
13,52.2730
13,52.3311
13,52.3471
13,52.3485
13,52.3493
13,52.3946
13,52.3979
13,52.4245
13,52.4994
13,52.5892
13,52.7863
13,52.8978
13,52.9157
13,52.9974
13,53.0577
13,53.0924
13,53.2105
13,53.2450
13,53.3170
13,53.3351
13,53.4090
13,53.4504
13,53.4837
13,53.5252
13,53.5819
13,53.7294
13,53.7958
13,53.8645
13,53.8718
13,53.9884
13,54.0807
13,54.0834
13,54.2717
13,54.2981
13,54.3022
13,54.5016
13,54.5194
13,54.5755
13,54.6533
13,54.6764
13,54.8009
13,54.8726
13,54.9402
13,55.0060
13,55.0595
13,55.1633
13,55.1768
13,55.2179
13,55.2555
13,55.2980
13,55.3903
13,55.4636
13,55.5099
13,55.5664
13,55.6649
13,55.8325
13,55.8522
13,55.9663
13,55.9977
13,56.1327
13,56.2029
13,56.2232
13,56.2988
13,56.3345
13,56.3596
13,56.4246
13,56.4637
13,56.4729
13,56.6297
13,56.6730
13,56.6899
13,56.7097
13,56.7502
13,56.9503
13,57.0107
13,57.0128
13,57.0185
13,57.1207
13,57.1423
13,57.2564
13,57.2740
13,57.3754
13,57.4005
13,57.4479
13,57.4950
13,57.5414
13,57.6161
13,57.6200
13,57.6451
13,57.6497
13,57.8118
13,57.8530
13,57.9476
13,57.9603
13,57.9663
13,58.0122
13,58.0578
13,58.0886
13,58.1452
13,58.1644
13,58.3283
13,58.3440
13,58.4162
13,58.5940
13,58.6173
13,58.6895
13,58.7068
13,58.8274
13,58.8385
13,58.8934
13,58.9944
13,59.0280
13,59.1146
13,59.3525
13,59.3693
13,59.4749
13,59.7186
13,59.7624
13,59.7695
13,59.8047
13,59.8104
13,59.9235
14,0.0132
14,0.0841
14,0.0860
14,0.1500
14,0.1692
14,0.2006
14,0.2014
14,0.2207
14,0.2531
14,0.2558
14,0.2941
14,0.3512
14,0.3724
14,0.3805
14,0.3880
14,0.4079
14,0.4676
14,0.5324
14,0.6969
14,0.7816
14,0.7994
14,0.9063
14,0.9208
14,0.9844
14,1.0240
14,1.0439
14,1.1808
14,1.1981
14,1.2191
14,1.2732
14,1.4081
14,1.4677
14,1.4681
14,1.4751
14,1.6241
14,1.6496
14,1.6523
14,1.6647
14,1.6791
14,1.7156
14,1.7382
14,1.8720
14,2.0862
14,2.1254
14,2.1434
14,2.1454
14,2.1517
14,2.1963
14,2.2558
14,2.2570
14,2.3418
14,2.3765
14,2.5599
14,2.6071
14,2.7244
14,2.7567
14,2.8293
14,2.8445
14,2.9987
14,2.9991
14,3.0247
14,3.0323
14,3.1118
14,3.1291
14,3.1329
14,3.1730
14,3.2162
14,3.2575
14,3.2684
14,3.3330
14,3.3891
14,3.5076
14,3.6093
14,3.7934
14,3.8801
14,3.9029
14,3.9360
14,3.9408
14,4.1051
14,4.1285
14,4.2602
14,4.3775
14,4.4156
14,4.4638
14,4.4957
14,4.4973
14,4.5997
14,4.6485
14,4.6805
14,4.6945
14,4.7137
14,4.7229
14,4.8295
14,4.8311
14,4.8352
14,4.8448
14,4.8858
14,4.9266
14,4.9690
14,4.9719
14,5.0003
14,5.1768
14,5.1988
14,5.2451
14,5.2818
14,5.3963
14,5.4647
14,5.4811
14,5.5131
14,5.5131
14,5.5342
14,5.6622
14,5.7626
14,5.7771
14,5.7771
14,5.8079
14,5.8132
14,5.9064
14,5.9213
14,5.9549
14,5.9693
14,6.0146
14,6.1072
14,6.1299
14,6.1433
14,6.1494
14,6.1638
14,6.3194
14,6.3250
14,6.3509
14,6.3518
14,6.4279
14,6.4395
14,6.5287
14,6.5726
14,6.6339
14,6.7161
14,6.7794
14,6.8963
14,6.9137
14,7.0585
14,7.1432
14,7.1615
14,7.2282
14,7.3123
14,7.3528
14,7.3908
14,7.4109
14,7.4136
14,7.4762
14,7.4863
14,7.6507
14,7.8256
14,7.8834
14,7.9527
14,7.9875
14,7.9944
14,8.1308
14,8.1430
14,8.1431
14,8.2932
14,8.4118
14,8.4151
14,8.5082
14,8.5758
14,8.6680
14,8.6868
14,8.7322
14,8.8142
14,8.8311
14,8.8807
14,8.9312
14,9.0219
14,9.0377
14,9.2044
14,9.2048
14,9.2081
14,9.2307
14,9.2558
14,9.2685
14,9.4430
14,9.4498
14,9.5430
14,9.6035
14,9.6142
14,9.6358
14,9.6388
14,9.6518
14,9.7440
14,9.8188
14,9.8217
14,9.8904
14,9.8923
14,9.8988
14,9.9024
14,9.9378
14,9.9430
14,9.9522
14,9.9944
14,10.0694
14,10.1211
14,10.1317
14,10.5205
14,10.5302
14,10.5579
14,10.5707
14,10.5864
14,10.6268
14,10.7801
14,10.9340
14,10.9671
14,10.9834
14,11.0057
14,11.0596
14,11.0634
14,11.1832
14,11.1861
14,11.2466
14,11.5908
14,11.6113
14,11.6955
14,11.7771
14,11.8115
14,11.8164
14,11.8499
14,11.8798
14,11.9156
14,12.0541
14,12.0652
14,12.1354
14,12.1792
14,12.2129
14,12.4179
14,12.5113
14,12.6792
14,12.8038
14,12.8611
14,12.9031
14,13.0651
14,13.0983
14,13.1762
14,13.2490
14,13.2622
14,13.2707
14,13.2917
14,13.3843
14,13.5246
14,13.5253
14,13.5785
14,13.6322
14,13.7593
14,13.8008
14,14.0503
14,14.0940
14,14.3403
14,14.3443
14,14.3814
14,14.4133
14,14.4609
14,14.5281
14,14.5405
14,14.5444
14,14.5549
14,14.5931
14,14.6082
14,14.7159
14,14.7367
14,14.8004
14,14.8941
14,14.9271
14,14.9535
14,14.9556
14,15.0628
14,15.0902
14,15.1294
14,15.1423
14,15.2123
14,15.2328
14,15.3031
14,15.3032
14,15.3505
14,15.4807
14,15.5156
14,15.5983
14,15.6529
14,15.6823
14,15.7346
14,15.7987
14,15.9169
14,15.9476
14,16.0024
14,16.0105
14,16.0593
14,16.2982
14,16.3523
14,16.3581
14,16.3725
14,16.4368
14,16.4578
14,16.4726
14,16.5414
14,16.6107
14,16.9320
14,16.9421
14,16.9847
14,16.9972
14,17.0538
14,17.0903
14,17.1159
14,17.1888
14,17.2703
14,17.2862
14,17.3031
14,17.3162
14,17.3426
14,17.4288
14,17.4398
14,17.4411
14,17.6459
14,17.6751
14,17.6752
14,17.7891
14,17.7962
14,17.8993
14,17.9475
14,18.0038
14,18.1147
14,18.1410
14,18.1419
14,18.1686
14,18.1858
14,18.2356
14,18.3145
14,18.4144
14,18.4784
14,18.4983
14,18.6123
14,18.7539
14,18.7572
14,18.8788
14,18.9371
14,18.9746
14,19.1302
14,19.1402
14,19.1922
14,19.2414
14,19.2468
14,19.2869
14,19.3038
14,19.3209
14,19.3991
14,19.4433
14,19.4779
14,19.6894
14,19.6973
14,19.7005
14,19.8557
14,19.8686
14,19.9299
14,20.0582
14,20.0925
14,20.1163
14,20.1319
14,20.1385
14,20.1515
14,20.1986
14,20.2400
14,20.2660
14,20.2883
14,20.2911
14,20.3729
14,20.3816
14,20.5503
14,20.5536
14,20.6117
14,20.6241
14,20.6309
14,20.6381
14,20.6954
14,20.8095
14,21.0030
14,21.1445
14,21.2117
14,21.4604
14,21.5897
14,21.6966
14,21.7669
14,21.8318
14,21.8884
14,21.9911
14,21.9958
14,22.0030
14,22.1062
14,22.1713
14,22.1933
14,22.2631
14,22.2977
14,22.3013
14,22.3335
14,22.3764
14,22.4366
14,22.5634
14,22.5640
14,22.6179
14,22.6219
14,22.6415
14,22.6637
14,22.9039
14,22.9440
14,22.9641
14,22.9808
14,22.9826
14,23.0070
14,23.0290
14,23.0567
14,23.0893
14,23.1218
14,23.1351
14,23.1441
14,23.1627
14,23.3447
14,23.4386
14,23.4604
14,23.5415
14,23.5496
14,23.5730
14,23.6830
14,23.6998
14,23.7829
14,23.8325
14,23.8648
14,23.9237
14,24.0997
14,24.1518
14,24.2053
14,24.2851
14,24.3102
14,24.3558
14,24.3751
14,24.4049
14,24.4770
14,24.5084
14,24.5089
14,24.5105
14,24.6796
14,24.7189
14,24.7785
14,24.8817
14,24.9206
14,24.9313
14,25.0113
14,25.0698
14,25.1684
14,25.3430
14,25.3469
14,25.3485
14,25.5825
14,25.6704
14,25.8291
14,25.8358
14,25.9212
14,26.0823
14,26.3376
14,26.4438
14,26.5645
14,26.6377
14,26.6468
14,26.7098
14,26.7452
14,26.7722
14,26.8037
14,26.8132
14,26.8945
14,26.8974
14,27.0078
14,27.0111
14,27.0379
14,27.0737
14,27.1691
14,27.2472
14,27.4350
14,27.4514
14,27.4715
14,27.4846
14,27.5019
14,27.5994
14,27.6360
14,27.7187
14,27.7377
14,27.7460
14,27.7900
14,27.8007
14,27.8536
14,27.8790
14,27.9066
14,28.0002
14,28.0420
14,28.0492
14,28.0740
14,28.1059
14,28.1561
14,28.3889
14,28.3929
14,28.4549
14,28.5639
14,28.5711
14,28.6935
14,28.7152
14,28.7166
14,28.8347
14,28.9141
14,28.9288
14,28.9644
14,28.9802
14,29.0407
14,29.0862
14,29.0981
14,29.1347
14,29.2324
14,29.2449
14,29.2757
14,29.3013
14,29.4448
14,29.4464
14,29.5401
14,29.5539
14,29.5562
14,29.5815
14,29.6164
14,29.7559
14,29.7663
14,29.9867
14,30.0584
14,30.0642
14,30.1671
14,30.2076
14,30.3938
14,30.4012
14,30.5411
14,30.5454
14,30.5674
14,30.5788
14,30.7425
14,30.7915
14,30.8330
14,30.8487
14,30.8516
14,30.9222
14,30.9806
14,31.3956
14,31.4221
14,31.4900
14,31.5155
14,31.5630
14,31.6235
14,31.6731
14,31.7465
14,31.8942
14,31.9270
14,31.9379
14,31.9826
14,32.0436
14,32.0600
14,32.0885
14,32.1600
14,32.2098
14,32.2799
14,32.2863
14,32.3369
14,32.3896
14,32.4704
14,32.4974
14,32.5195
14,32.5821
14,32.6533
14,32.7649
14,32.8299
14,32.8854
14,32.9007
14,32.9113
14,32.9815
14,33.0664
14,33.0693
14,33.0824
14,33.1214
14,33.1739
14,33.1823
14,33.2838
14,33.3837
14,33.4138
14,33.5222
14,33.5678
14,33.5899
14,33.5951
14,33.6210
14,33.6572
14,33.7019
14,33.7907
14,33.8059
14,33.8165
14,33.8505
14,33.8790
14,33.8965
14,33.9431
14,33.9558
14,34.0627
14,34.1272
14,34.1689
14,34.1692
14,34.2216
14,34.3000
14,34.3703
14,34.3900
14,34.4125
14,34.4593
14,34.4879
14,34.5572
14,34.6759
14,34.7307
14,34.7527
14,34.7644
14,34.7764
14,34.8123
14,35.0074
14,35.0150
14,35.0501
14,35.0664
14,35.1348
14,35.2143
14,35.2146
14,35.3493
14,35.3889
14,35.4911
14,35.4997
14,35.6440
14,35.6882
14,35.6959
14,35.7309
14,35.9359
14,35.9642
14,35.9702
14,36.1958
14,36.3629
14,36.4116
14,36.4509
14,36.5048
14,36.5354
14,36.5838
14,36.7352
14,36.7890
14,36.8056
14,36.8063
14,36.8513
14,36.9180
14,37.0595
14,37.0846
14,37.1434
14,37.1643
14,37.2086
14,37.2958
14,37.3655
14,37.4008
14,37.4560
14,37.5124
14,37.5307
14,37.5468
14,37.6240
14,37.7329
14,37.8019
14,38.0464
14,38.1259
14,38.1410
14,38.3053
14,38.3824
14,38.3987
14,38.4301
14,38.4516
14,38.4556
14,38.6370
14,38.6526
14,38.6918
14,38.6964
14,38.7282
14,38.7748
14,38.8376
14,38.9408
14,38.9464
14,38.9472
14,38.9910
14,39.0168
14,39.1837
14,39.2484
14,39.2617
14,39.2736
14,39.3942
14,39.3981
14,39.4750
14,39.6377
14,39.6620
14,39.7479
14,39.8846
14,39.9722
14,40.0142
14,40.0671
14,40.1614
14,40.2617
14,40.3088
14,40.3177
14,40.5499
14,40.5652
14,40.5745
14,40.6233
14,40.6265
14,40.6648
14,40.7433
14,40.7981
14,40.9916
14,41.1159
14,41.2208
14,41.3204
14,41.3823
14,41.3995
14,41.4018
14,41.6553
14,41.7078
14,41.7783
14,41.9021
14,41.9882
14,42.0603
14,42.0639
14,42.0962
14,42.1329
14,42.2357
14,42.2358
14,42.2583
14,42.3152
14,42.3700
14,42.3780
14,42.3866
14,42.4176
14,42.4859
14,42.6063
14,42.6146
14,42.6170
14,42.7380
14,42.7670
14,43.0498
14,43.1349
14,43.2427
14,43.2861
14,43.2888
14,43.2962
14,43.3513
14,43.4136
14,43.4230
14,43.4275
14,43.4361
14,43.4494
14,43.7496
14,43.8078
14,43.8924
14,43.9814
14,44.1042
14,44.1452
14,44.1679
14,44.2535
14,44.4242
14,44.5152
14,44.5303
14,44.5493
14,44.5677
14,44.6415
14,44.6878
14,44.8560
14,44.8729
14,45.0740
14,45.0858
14,45.0859
14,45.1806
14,45.2932
14,45.3376
14,45.3565
14,45.3582
14,45.4403
14,45.4548
14,45.4824
14,45.5530
14,45.5651
14,45.5660
14,45.5775
14,45.6678
14,45.6954
14,45.8045
14,45.8119
14,45.8587
14,45.8693
14,45.8889
14,45.9026
14,45.9841
14,46.1193
14,46.1397
14,46.3391
14,46.3412
14,46.5611
14,46.6828
14,46.7329
14,46.8574
14,46.8889
14,46.9321
14,47.0713
14,47.0780
14,47.2049
14,47.2278
14,47.2711
14,47.2911
14,47.3976
14,47.4628
14,47.4993
14,47.6538
14,47.7126
14,47.7846
14,47.9397
14,48.0304
14,48.1828
14,48.1890
14,48.2290
14,48.2946
14,48.3635
14,48.3949
14,48.5338
14,48.5858
14,48.6316
14,48.7253
14,48.7347
14,48.7501
14,48.7821
14,48.8239
14,48.8932
14,48.9587
14,48.9988
14,49.0308
14,49.0445
14,49.0852
14,49.1074
14,49.1190
14,49.1215
14,49.1722
14,49.2841
14,49.3799
14,49.4625
14,49.5101
14,49.6286
14,49.6364
14,49.6418
14,49.6467
14,49.6803
14,49.6880
14,49.7298
14,49.7657
14,49.8237
14,49.8727
14,49.9315
14,49.9476
14,49.9717
14,50.0576
14,50.1092
14,50.1448
14,50.2967
14,50.3067
14,50.4602
14,50.4606
14,50.4804
14,50.4852
14,50.5930
14,50.6031
14,50.6059
14,50.7632
14,50.8656
14,50.9396
14,50.9945
14,51.0600
14,51.1328
14,51.1642
14,51.3627
14,51.4321
14,51.4594
14,51.5281
14,51.7242
14,51.7396
14,51.7425
14,51.7976
14,51.8117
14,51.8979
14,51.9890
14,52.0720
14,52.0883
14,52.2027
14,52.3275
14,52.4859
14,52.5638
14,52.6535
14,52.6559
14,52.8449
14,52.8766
14,52.9463
14,52.9839
14,53.0092
14,53.1913
14,53.2193
14,53.2381
14,53.2804
14,53.2855
14,53.2899
14,53.3323
14,53.3863
14,53.4949
14,53.5310
14,53.5793
14,53.7060
14,53.8382
14,53.8524
14,53.9019
14,53.9421
14,53.9783
14,54.0098
14,54.0210
14,54.1487
14,54.1608
14,54.1793
14,54.1830
14,54.2199
14,54.3161
14,54.3178
14,54.3207
14,54.3760
14,54.3846
14,54.4043
14,54.4370
14,54.4607
14,54.4706
14,54.4717
14,54.5566
14,54.6283
14,54.6906
14,54.6970
14,54.7021
14,54.7090
14,54.9005
14,54.9077
14,54.9785
14,55.0278
14,55.1904
14,55.3255
14,55.3435
14,55.3674
14,55.4122
14,55.6632
14,55.9753
14,55.9897
14,56.0065
14,56.1917
14,56.2441
14,56.2491
14,56.2828
14,56.2861
14,56.3782
14,56.3880
14,56.4866
14,56.6267
14,56.7102
14,56.7843
14,56.8082
14,56.8767
14,56.9309
14,57.0170
14,57.0176
14,57.0662
14,57.0702
14,57.1134
14,57.1382
14,57.1627
14,57.2218
14,57.2474
14,57.3230
14,57.3811
14,57.3875
14,57.4376
14,57.4422
14,57.4904
14,57.5465
14,57.6531
14,57.6782
14,57.7033
14,57.7822
14,57.8435
14,57.9618
14,58.0022
14,58.0185
14,58.0336
14,58.0542
14,58.1722
14,58.2499
14,58.2747
14,58.3807
14,58.3917
14,58.5435
14,58.5499
14,58.6750
14,58.6916
14,58.7704
14,58.7761
14,58.7986
14,58.8099
14,58.9447
14,58.9573
14,58.9849
14,58.9898
14,59.0333
14,59.3145
14,59.3363
14,59.5999
14,59.6542
14,59.6780
14,59.7521
14,59.7548
14,59.8388
14,59.8848
14,59.9169
14,59.9887
15,0.1257
15,0.1430
15,0.2805
15,0.3161
15,0.3266
15,0.4227
15,0.5081
15,0.6940
15,0.7465
15,0.7768
15,0.9466
15,0.9560
15,0.9723
15,1.0413
15,1.0416
15,1.0951
15,1.1916
15,1.2273
15,1.3763
15,1.3852
15,1.4167
15,1.4716
15,1.5735
15,1.5830
15,1.7619
15,1.8060
15,2.0446
15,2.0970
15,2.1813
15,2.3140
15,2.3407
15,2.4312
15,2.5016
15,2.5100
15,2.6542
15,2.6585
15,2.8083
15,2.8316
15,2.9506
15,3.0438
15,3.2797
15,3.3486
15,3.4859
15,3.5951
15,3.6122
15,3.6957
15,3.7415
15,3.8032
15,3.8264
15,3.8321
15,3.8630
15,3.9628
15,3.9760
15,3.9969
15,4.2174
15,4.6363
15,4.6736
15,4.6928
15,4.7181
15,4.8371
15,4.8389
15,4.9424
15,5.0232
15,5.0292
15,5.2564
15,5.3083
15,5.3411
15,5.3715
15,5.4542
15,5.7301
15,5.8337
15,5.8766
15,5.9566
15,5.9780
15,6.1854
15,6.5821
15,6.6530
15,6.6813
15,6.6969
15,7.1344
15,7.3292
15,7.5537
15,7.5543
15,7.6220
15,7.7201
15,7.9226
15,8.0763
15,8.0959
15,8.2244
15,8.2820
15,8.4998
15,8.5216
15,8.6785
15,8.6807
15,8.7785
15,9.1909
15,9.4055
15,9.4059
15,9.6909
15,9.7746
15,9.7912
15,9.8136
15,9.8855
15,9.9092
15,10.1144
15,10.2251
15,10.4655
15,10.5519
15,10.6758
15,10.7055
15,10.7365
15,10.7686
15,10.7834
15,10.7983
15,10.9091
15,10.9232
15,10.9515
15,11.0479
15,11.0580
15,11.1031
15,11.1080
15,11.1861
15,11.1894
15,11.1894
15,11.2658
15,11.4114
15,11.4179
15,11.5418
15,11.6491
15,11.6724
15,11.7073
15,11.8579
15,12.2171
15,12.3403
15,12.4245
15,12.5928
15,12.6722
15,12.7053
15,12.8050
15,12.9522
15,12.9542
15,13.0837
15,13.2497
15,13.3409
15,13.5314
15,13.6959
15,13.8044
15,13.8452
15,13.8468
15,13.9816
15,14.0040
15,14.1099
15,14.2824
15,14.3263
15,14.3389
15,14.3718
15,14.4798
15,14.5093
15,14.5212
15,14.5445
15,14.6830
15,14.7165
15,14.7686
15,14.7990
15,14.9056
15,15.0070
15,15.0209
15,15.0483
15,15.0497
15,15.1328
15,15.3005
15,15.4443
15,15.5272
15,15.6043
15,15.9552
15,15.9625
15,15.9886
15,16.1247
15,16.2464
15,16.3137
15,16.3501
15,16.4420
15,16.5480
15,16.5837
15,16.6846
15,16.7542
15,16.8342
15,16.8768
15,16.9970
15,17.0709
15,17.0889
15,17.1426
15,17.1792
15,17.1792
15,17.3041
15,17.3300
15,17.3641
15,17.3758
15,17.4139
15,17.4717
15,17.5498
15,17.6283
15,17.7184
15,17.7358
15,17.8283
15,17.9504
15,17.9842
15,18.0292
15,18.1896
15,18.3045
15,18.6575
15,18.7849
15,18.7862
15,18.8002
15,18.9168
15,18.9244
15,18.9359
15,18.9708
15,19.0679
15,19.1791
15,19.2167
15,19.2534
15,19.2553
15,19.3883
15,19.3978
15,19.4751
15,19.5082
15,19.6692
15,19.6893
15,19.8326
15,19.8605
15,20.0182
15,20.0663
15,20.1015
15,20.1029
15,20.1301
15,20.1394
15,20.2337
15,20.3181
15,20.3685
15,20.3899
15,20.4081
15,20.7760
15,20.9216
15,21.0323
15,21.0624
15,21.0891
15,21.1276
15,21.3646
15,21.4338
15,21.4661
15,21.4709
15,21.6091
15,21.7078
15,21.7961
15,21.8365
15,21.8796
15,21.9322
15,22.0875
15,22.0896
15,22.1045
15,22.2764
15,22.3088
15,22.3330
15,22.3904
15,22.3966
15,22.4511
15,22.5189
15,22.5800
15,22.6044
15,22.6763
15,22.8255
15,23.0526
15,23.0528
15,23.1365
15,23.2779
15,23.2853
15,23.3914
15,23.5751
15,23.5983
15,23.7101
15,24.0049
15,24.0368
15,24.0432
15,24.1001
15,24.2365
15,24.2454
15,24.3765
15,24.6551
15,25.0263
15,25.2175
15,25.3699
15,25.3854
15,25.4827
15,25.5011
15,25.5859
15,25.6131
15,25.6324
15,25.9428
15,26.0189
15,26.0883
15,26.1788
15,26.3029
15,26.3278
15,26.4351
15,26.6027
15,26.6247
15,26.7347
15,26.7851
15,26.8473
15,26.8793
15,26.9153
15,26.9374
15,26.9534
15,27.0572
15,27.1152
15,27.1199
15,27.1582
15,27.2371
15,27.2719
15,27.5193
15,27.6605
15,27.8517
15,27.9704
15,28.0299
15,28.1156
15,28.2061
15,28.2500
15,28.2822
15,28.3046
15,28.4615
15,28.5003
15,28.5338
15,28.6226
15,28.6354
15,28.6720
15,28.7544
15,28.9249
15,28.9256
15,29.0483
15,29.0747
15,29.2461
15,29.2672
15,29.3615
15,29.4621
15,29.5595
15,29.6509
15,29.7736
15,29.9083
15,30.0097
15,30.0777
15,30.1171
15,30.1656
15,30.1708
15,30.2041
15,30.2799
15,30.3687
15,30.5191
15,30.5292
15,30.7080
15,30.7514
15,30.7845
15,30.8592
15,31.1196
15,31.1602
15,31.2471
15,31.4540
15,31.4575
15,31.5091
15,31.5537
15,31.6587
15,31.8295
15,31.9081
15,32.2206
15,32.4522
15,32.5350
15,32.5915
15,32.6175
15,32.6193
15,32.6908
15,32.8520
15,32.8658
15,32.9181
15,32.9241
15,33.0810
15,33.1994
15,33.2060
15,33.2064
15,33.2260
15,33.4151
15,33.6628
15,33.6979
15,33.8016
15,33.9198
15,33.9841
15,34.0118
15,34.0278
15,34.0936
15,34.1489
15,34.1629
15,34.3468
15,34.3507
15,34.3531
15,34.3636
15,34.4917
15,34.5040
15,34.5113
15,34.5123
15,34.5131
15,34.5609
15,34.5869
15,34.7682
15,34.7935
15,34.8433
15,35.0305
15,35.0937
15,35.1885
15,35.4367
15,35.5180
15,35.5409
15,35.5523
15,35.5569
15,35.5656
15,35.6587
15,35.7060
15,35.7167
15,35.7467
15,35.7993
15,35.8411
15,35.9031
15,35.9096
15,36.1829
15,36.3329
15,36.4172
15,36.5437
15,36.8865
15,36.9304
15,36.9356
15,36.9851
15,37.0421
15,37.1628
15,37.1668
15,37.3780
15,37.4845
15,37.6108
15,37.6775
15,37.6945
15,37.7296
15,37.7414
15,37.8434
15,37.9116
15,37.9928
15,38.0542
15,38.2702
15,38.3639
15,38.6280
15,38.6303
15,38.7190
15,38.7190
15,38.7467
15,38.8586
15,39.1030
15,39.2355
15,39.6715
15,39.7871
15,39.9764
15,40.0826
15,40.4245
15,40.6417
15,40.7408
15,40.8339
15,40.8650
15,40.9244
15,40.9575
15,40.9806
15,41.0656
15,41.0810
15,41.2112
15,41.3499
15,41.4156
15,41.4215
15,41.6101
15,41.6129
15,41.6858
15,41.6992
15,41.7053
15,41.7684
15,41.7778
15,41.9905
15,42.2519
15,42.4207
15,42.5238
15,42.5356
15,42.8010
15,42.8225
15,42.8510
15,42.9307
15,42.9802
15,43.1142
15,43.2300
15,43.3344
15,43.5971
15,43.7478
15,43.7715
15,43.9606
15,44.0980
15,44.1057
15,44.3289
15,44.3938
15,44.4858
15,44.4982
15,44.8032
15,44.8389
15,44.9059
15,44.9854
15,45.0614
15,45.0870
15,45.0920
15,45.1982
15,45.2095
15,45.2499
15,45.3933
15,45.4548
15,45.4762
15,45.5023
15,45.5684
15,45.6711
15,45.7117
15,46.0849
15,46.1694
15,46.2831
15,46.4172
15,46.5335
15,46.5517
15,46.6513
15,46.8628
15,47.0330
15,47.0397
15,47.0611
15,47.0639
15,47.2286
15,47.2581
15,47.3068
15,47.4941
15,47.5405
15,47.5999
15,47.6289
15,47.7710
15,47.9106
15,47.9900
15,48.0007
15,48.0263
15,48.0378
15,48.2070
15,48.3018
15,48.4044
15,48.7662
15,48.8564
15,48.8596
15,48.9298
15,49.0123
15,49.1549
15,49.2663
15,49.2890
15,49.3296
15,49.3394
15,49.3480
15,49.4127
15,49.4583
15,49.4735
15,49.5107
15,49.5784
15,49.6083
15,49.7004
15,49.8998
15,50.2174
15,50.2263
15,50.4598
15,50.4841
15,50.6758
15,50.8401
15,51.0321
15,51.3230
15,51.4128
15,51.4249
15,51.4284
15,51.5445
15,51.6077
15,51.6149
15,51.6437
15,51.8633
15,51.8668
15,52.0345
15,52.0838
15,52.1531
15,52.2069
15,52.3304
15,52.4951
15,52.5073
15,52.5630
15,52.7090
15,52.7845
15,52.8808
15,52.9560
15,53.0025
15,53.0806
15,53.1114
15,53.2407
15,53.3791
15,53.3928
15,53.4806
15,53.4974
15,53.6042
15,53.6459
15,54.0128
15,54.0842
15,54.0870
15,54.1449
15,54.2773
15,54.2961
15,54.3502
15,54.3548
15,54.4426
15,54.4655
15,54.4709
15,54.6169
15,54.9111
15,55.4657
15,55.4850
15,55.6281
15,55.6947
15,55.7156
15,55.8164
15,55.9576
15,56.0814
15,56.0993
15,56.2757
15,56.3236
15,56.3310
15,56.3313
15,56.3462
15,56.3972
15,56.5196
15,56.5326
15,56.7628
15,56.7652
15,56.8787
15,57.1225
15,57.5301
15,57.5973
15,57.6531
15,57.7880
15,57.9104
15,57.9410
15,58.0026
15,58.0425
15,58.1647
15,58.1982
15,58.5217
15,58.8397
15,58.8473
15,58.8582
15,58.9719
15,58.9840
15,59.1710
15,59.2392
15,59.2757
15,59.2913
15,59.3430
15,59.4156
15,59.4872
15,59.6131
15,59.6268
15,59.6994
15,59.7108
15,59.7443
15,59.7748
15,59.7957
15,59.8102
15,59.8111
15,59.9727
16,0.1819
16,0.1823
16,0.4098
16,0.4490
16,0.5497
16,0.7996
16,0.8225
16,0.8720
16,0.8801
16,1.0047
16,1.0914
16,1.1789
16,1.2518
16,1.2696
16,1.2944
16,1.4898
16,1.5792
16,1.7966
16,1.8505
16,2.1279
16,2.2113
16,2.2674
16,2.3182
16,2.4433
16,2.4459
16,2.5715
16,2.5801
16,2.7301
16,3.0952
16,3.1398
16,3.2192
16,3.5171
16,3.5365
16,3.9930
16,4.2431
16,4.2878
16,4.3775
16,4.4613
16,4.6827
16,4.7489
16,4.8611
16,4.8773
16,5.0171
16,5.0551
16,5.1344
16,5.2301
16,5.2335
16,5.2680
16,5.5291
16,5.5895
16,5.6866
16,5.6966
16,6.2026
16,6.5503
16,6.6320
16,6.6355
16,6.8454
16,6.9046
16,6.9394
16,7.0238
16,7.3755
16,7.4243
16,7.4492
16,7.6937
16,7.7747
16,7.8282
16,7.9089
16,7.9570
16,8.0290
16,8.1926
16,8.2176
16,8.2658
16,8.4327
16,8.4881
16,8.6473
16,8.6626
16,8.7453
16,8.7528
16,8.8411
16,8.8496
16,8.9094
16,9.0390
16,9.1230
16,9.2463
16,9.3134
16,9.3210
16,9.6418
16,9.6475
16,9.7294
16,9.9232
16,9.9433
16,10.1852
16,10.2215
16,10.2281
16,10.2289
16,10.2449
16,10.4269
16,10.4989
16,10.5835
16,10.6522
16,10.7435
16,10.7610
16,10.7857
16,10.9829
16,11.0129
16,11.0335
16,11.2195
16,11.3653
16,11.5482
16,11.5574
16,11.5712
16,11.6751
16,11.7517
16,11.8036
16,11.9267
16,12.1741
16,12.2980
16,12.6236
16,12.6572
16,12.6823
16,12.7005
16,12.8756
16,13.1421
16,13.2670
16,13.2740
16,13.3031
16,13.3060
16,13.7233
16,13.7702
16,13.7822
16,13.8973
16,13.9275
16,14.2617
16,14.3771
16,14.5063
16,14.5964
16,14.6148
16,14.6241
16,14.6831
16,14.9776
16,14.9789
16,15.4261
16,15.5316
16,15.5638
16,15.6992
16,15.7365
16,15.7478
16,15.8044
16,15.8362
16,16.1801
16,16.2160
16,16.2538
16,16.2984
16,16.4131
16,16.5132
16,16.7714
16,16.9149
16,16.9246
16,17.2269
16,17.2353
16,17.2539
16,17.2714
16,17.4914
16,17.6884
16,17.8556
16,18.2956
16,18.3112
16,18.3127
16,18.3231
16,18.3520
16,18.4698
16,18.6012
16,18.6031
16,18.7847
16,18.9376
16,18.9709
16,19.2588
16,19.4422
16,19.4801
16,19.4881
16,19.5509
16,19.6429
16,19.6575
16,19.7161
16,19.9239
16,20.0079
16,20.2044
16,20.2479
16,20.4598
16,20.5031
16,20.7057
16,20.8065
16,20.8183
16,20.8693
16,21.0460
16,21.0748
16,21.2571
16,21.2691
16,21.2809
16,21.3482
16,21.4648
16,21.6659
16,21.8168
16,21.9529
16,22.0782
16,22.1150
16,22.3147
16,22.3614
16,22.4345
16,22.6203
16,22.6445
16,22.6921
16,22.7316
16,23.4593
16,23.6052
16,23.6434
16,23.6665
16,23.6971
16,23.8754
16,23.9276
16,23.9547
16,24.1543
16,24.2333
16,24.4017
16,24.5866
16,24.6667
16,24.8905
16,24.9251
16,24.9291
16,24.9816
16,25.0408
16,25.1588
16,25.2456
16,25.4976
16,25.8055
16,25.9090
16,26.1313
16,26.4650
16,26.5730
16,26.6296
16,26.8200
16,27.0464
16,27.3037
16,27.3152
16,27.3964
16,27.4641
16,27.6346
16,27.7154
16,28.0547
16,28.3134
16,28.3146
16,28.4412
16,28.5107
16,28.5491
16,28.7211
16,28.7809
16,28.8457
16,28.9160
16,29.0864
16,29.1619
16,29.1679
16,29.3430
16,29.4638
16,29.4808
16,29.5244
16,29.6056
16,29.7850
16,29.8169
16,30.1563
16,30.1869
16,30.2125
16,30.5326
16,30.8035
16,30.8362
16,30.9433
16,31.1193
16,31.1220
16,31.1988
16,31.3568
16,31.7480
16,31.8765
16,31.8968
16,31.8975
16,31.9143
16,32.0948
16,32.1958
16,32.2801
16,32.4948
16,32.5828
16,32.5928
16,32.6729
16,32.9535
16,32.9671
16,33.8919
16,34.1127
16,34.1352
16,34.1524
16,34.3523
16,34.8314
16,34.8321
16,34.9417
16,35.0187
16,35.0597
16,35.0894
16,35.1042
16,35.1543
16,35.3755
16,35.3869
16,35.6830
16,35.8066
16,35.8139
16,35.9719
16,36.0181
16,36.0748
16,36.1852
16,36.2860
16,36.6983
16,36.8654
16,36.9446
16,37.0060
16,37.0490
16,37.0520
16,37.2596
16,37.3053
16,37.4397
16,37.5181
16,37.6831
16,37.7376
16,37.9756
16,38.0471
16,38.0545
16,38.0968
16,38.1809
16,38.4237
16,38.4919
16,38.4974
16,38.5737
16,38.6664
16,38.7440
16,39.3746
16,39.4331
16,39.6019
16,39.7480
16,39.7937
16,39.8007
16,39.9343
16,40.0902
16,40.2146
16,40.3110
16,40.5295
16,40.5887
16,40.6206
16,40.6914
16,40.9619
16,41.0738
16,41.0967
16,41.1201
16,41.2145
16,41.2786
16,41.2933
16,41.4229
16,41.6483
16,41.6837
16,41.7772
16,41.7825
16,41.8174
16,42.4716
16,42.6355
16,42.6496
16,42.8321
16,42.9636
16,43.0477
16,43.1240
16,43.1845
16,43.1955
16,43.4028
16,43.5200
16,43.5564
16,43.5603
16,43.5649
16,43.5717
16,43.6345
16,43.7996
16,43.8396
16,43.9866
16,43.9872
16,44.0347
16,44.3664
16,44.4486
16,44.5154
16,44.7695
16,44.8009
16,44.8095
16,44.9272
16,45.0795
16,45.1740
16,45.2102
16,45.3129
16,45.4235
16,45.4886
16,45.4987
16,45.7450
16,46.0595
16,46.3439
16,46.4465
16,46.4728
16,46.5638
16,46.5955
16,46.7280
16,46.7620
16,46.9369
16,46.9738
16,47.0031
16,47.0652
16,47.1608
16,47.4302
16,47.4647
16,47.7260
16,47.8602
16,47.9740
16,48.1605
16,48.1953
16,48.2449
16,48.2476
16,48.4030
16,48.4151
16,48.6401
16,48.7419
16,48.9109
16,48.9769
16,49.0984
16,49.0988
16,49.1046
16,49.2295
16,49.3371
16,49.4186
16,49.6863
16,49.7050
16,49.8388
16,49.9093
16,50.0653
16,50.1518
16,50.2977
16,50.3603
16,50.4469
16,50.5830
16,50.6140
16,50.6931
16,50.9064
16,50.9983
16,51.0075
16,51.0457
16,51.3265
16,51.3673
16,51.4655
16,51.6063
16,51.7398
16,51.8937
16,52.0091
16,52.0802
16,52.0833
16,52.1693
16,52.2357
16,52.2945
16,52.4148
16,52.4447
16,52.4650
16,52.5367
16,52.5801
16,52.6725
16,52.7603
16,52.8533
16,52.9251
16,52.9451
16,53.1207
16,53.1271
16,53.3525
16,53.5461
16,53.7217
16,53.8740
16,54.1213
16,54.3957
16,54.4563
16,54.8857
16,54.9548
16,54.9780
16,55.2774
16,55.3039
16,55.3157
16,55.6387
16,55.6449
16,55.8270
16,56.3837
16,56.5226
16,56.6730
16,56.7810
16,56.8399
16,56.8729
16,57.3847
16,57.6256
16,57.7275
16,57.7401
16,57.7453
16,57.7841
16,57.8119
16,58.2776
16,58.4396
16,58.4536
16,58.7436
16,58.8641
16,58.9258
16,58.9564
16,59.1695
16,59.2976
16,59.3202
16,59.5361
16,59.9984
17,0.0552
17,0.0857
17,0.1749
17,0.2451
17,0.2570
17,0.2652
17,0.3315
17,0.3360
17,0.5072
17,0.5818
17,0.9827
17,1.1454
17,1.2298
17,1.2974
17,1.5300
17,1.5896
17,1.7132
17,1.7573
17,1.8300
17,1.9392
17,2.0448
17,2.1469
17,2.1862
17,2.2534
17,2.3177
17,2.3387
17,2.5802
17,2.5893
17,2.6484
17,2.7787
17,2.7829
17,2.7962
17,2.9281
17,2.9798
17,3.0429
17,3.1290
17,3.1361
17,3.2599
17,3.2791
17,3.3720
17,3.4781
17,3.6584
17,3.6692
17,3.6811
17,3.7975
17,3.8593
17,3.8687
17,3.9001
17,4.1182
17,4.1751
17,4.3521
17,4.4525
17,4.5814
17,4.6053
17,4.6634
17,4.7239
17,4.8312
17,4.8881
17,4.9807
17,5.1450
17,5.1789
17,5.2117
17,5.2395
17,5.2666
17,5.3007
17,5.3134
17,5.3358
17,5.3473
17,5.4376
17,5.6084
17,5.6736
17,5.8531
17,5.9097
17,5.9137
17,5.9416
17,5.9816
17,6.0256
17,6.1251
17,6.1748
17,6.2621
17,6.3011
17,6.3343
17,6.5181
17,6.7440
17,6.7965
17,6.9267
17,7.0024
17,7.1040
17,7.1050
17,7.1171
17,7.1230
17,7.1358
17,7.1833
17,7.2969
17,7.3007
17,7.3197
17,7.3465
17,7.4406
17,7.4463
17,7.4478
17,7.4987
17,7.6023
17,7.6241
17,7.6769
17,7.7107
17,7.8228
17,7.8738
17,8.1066
17,8.2265
17,8.3728
17,8.3824
17,8.4227
17,8.4995
17,8.7410
17,8.7446
17,8.7777
17,8.8268
17,8.8465
17,8.8675
17,8.8918
17,9.0449
17,9.0601
17,9.0692
17,9.0709
17,9.2723
17,9.2887
17,9.3408
17,9.4444
17,9.5109
17,9.5395
17,9.5409
17,9.5647
17,9.7783
17,9.7819
17,9.8563
17,9.9059
17,9.9099
17,9.9614
17,10.0068
17,10.0218
17,10.0328
17,10.0333
17,10.2458
17,10.2778
17,10.4531
17,10.5196
17,10.6193
17,10.7649
17,10.7757
17,10.8150
17,10.8363
17,10.9025
17,10.9041
17,10.9539
17,10.9852
17,11.0055
17,11.0546
17,11.1043
17,11.1408
17,11.1966
17,11.2060
17,11.3148
17,11.4308
17,11.5960
17,11.6643
17,11.6877
17,11.9035
17,11.9566
17,11.9994
17,12.0162
17,12.0790
17,12.2948
17,12.3461
17,12.5304
17,12.6647
17,12.9167
17,13.0442
17,13.0748
17,13.2119
17,13.2287
17,13.2338
17,13.2928
17,13.3905
17,13.5804
17,13.5844
17,13.6247
17,13.7006
17,13.7248
17,13.8341
17,13.8458
17,14.0076
17,14.1307
17,14.1621
17,14.2127
17,14.2248
17,14.4088
17,14.4574
17,14.4919
17,14.6392
17,14.6787
17,14.6851
17,14.7565
17,14.7776
17,14.8476
17,14.8991
17,14.9050
17,15.0629
17,15.1283
17,15.2339
17,15.5704
17,15.6293
17,15.6388
17,15.8093
17,15.9874
17,16.0067
17,16.0438
17,16.0690
17,16.0886
17,16.2436
17,16.2592
17,16.3170
17,16.3424
17,16.3924
17,16.6311
17,16.7027
17,16.7460
17,16.7719
17,16.8595
17,16.9513
17,17.0542
17,17.0851
17,17.1066
17,17.1318
17,17.1997
17,17.2902
17,17.3753
17,17.4316
17,17.6875
17,17.7212
17,17.9169
17,17.9596
17,18.0136
17,18.5056
17,18.5805
17,18.7485
17,18.8705
17,18.9307
17,18.9755
17,19.0633
17,19.1491
17,19.2961
17,19.3985
17,19.4473
17,19.5498
17,19.5896
17,19.6012
17,19.6823
17,19.6965
17,19.7038
17,19.7726
17,19.8539
17,19.8696
17,19.9508
17,20.0374
17,20.0719
17,20.1928
17,20.1988
17,20.2831
17,20.2886
17,20.2996
17,20.3219
17,20.4585
17,20.4652
17,20.5533
17,20.6148
17,20.6182
17,20.6408
17,20.7720
17,20.8048
17,20.9258
17,20.9424
17,21.0360
17,21.0596
17,21.0739
17,21.1118
17,21.1776
17,21.1833
17,21.2096
17,21.2347
17,21.2546
17,21.2944
17,21.2988
17,21.4604
17,21.5471
17,21.5518
17,21.5644
17,21.5877
17,21.6191
17,21.9880
17,22.0740
17,22.0845
17,22.1169
17,22.1509
17,22.2695
17,22.3060
17,22.3568
17,22.5138
17,22.5390
17,22.6750
17,22.7174
17,22.7392
17,22.7838
17,22.8510
17,22.9154
17,22.9654
17,22.9782
17,23.1602
17,23.1883
17,23.2621
17,23.3253
17,23.3542
17,23.5208
17,23.5289
17,23.5704
17,23.7328
17,23.7362
17,23.8917
17,23.9295
17,23.9772
17,24.0331
17,24.0372
17,24.0691
17,24.0851
17,24.2542
17,24.3355
17,24.3646
17,24.3949
17,24.4025
17,24.4138
17,24.5471
17,24.5492
17,24.5786
17,24.7392
17,24.8697
17,24.9182
17,25.1205
17,25.3060
17,25.4594
17,25.5066
17,25.5087
17,25.6468
17,25.6607
17,25.6784
17,25.7527
17,25.8187
17,25.9917
17,26.0216
17,26.2608
17,26.2748
17,26.3110
17,26.3270
17,26.4862
17,26.5373
17,26.5738
17,26.7523
17,26.7669
17,26.7831
17,26.8166
17,26.8971
17,26.8985
17,26.9123
17,27.0374
17,27.1014
17,27.1173
17,27.2115
17,27.2206
17,27.3077
17,27.3412
17,27.5261
17,27.5478
17,27.5829
17,27.6197
17,27.6280
17,27.6444
17,27.6829
17,27.7003
17,27.7302
17,27.9213
17,27.9719
17,28.0073
17,28.0478
17,28.0503
17,28.1303
17,28.1461
17,28.4473
17,28.4494
17,28.5644
17,28.7576
17,28.7619
17,28.9716
17,28.9883
17,29.0148
17,29.1680
17,29.1892
17,29.3437
17,29.3567
17,29.4394
17,29.4952
17,29.6704
17,29.7296
17,29.8661
17,29.8812
17,29.8978
17,29.9579
17,30.4244
17,30.4544
17,30.5380
17,30.5430
17,30.5433
17,30.7571
17,30.7682
17,30.9462
17,31.0565
17,31.0948
17,31.2883
17,31.4276
17,31.4307
17,31.4660
17,31.4951
17,31.5102
17,31.5141
17,31.6204
17,31.7635
17,31.7790
17,31.8179
17,32.0199
17,32.0868
17,32.0990
17,32.1805
17,32.1887
17,32.2640
17,32.2840
17,32.2919
17,32.3418
17,32.4083
17,32.4159
17,32.4662
17,32.5065
17,32.5377
17,32.6616
17,32.7110
17,32.7437
17,32.7511
17,32.7540
17,32.8522
17,32.8824
17,33.0070
17,33.0081
17,33.2164
17,33.2600
17,33.2956
17,33.3733
17,33.4182
17,34.0472
17,34.0987
17,34.2010
17,34.2325
17,34.3295
17,34.4219
17,34.5290
17,34.5827
17,34.6094
17,34.6173
17,34.8118
17,34.8432
17,34.8594
17,34.8697
17,34.9018
17,34.9105
17,34.9228
17,34.9982
17,35.0190
17,35.3295
17,35.4036
17,35.4858
17,35.5124
17,35.5298
17,35.6005
17,35.7483
17,35.8531
17,35.8919
17,35.9354
17,35.9426
17,36.0435
17,36.0969
17,36.2416
17,36.2621
17,36.3409
17,36.5652
17,36.5675
17,36.6162
17,36.6274
17,36.7444
17,36.7602
17,36.8525
17,36.9445
17,37.0642
17,37.1199
17,37.1220
17,37.1236
17,37.2844
17,37.4567
17,37.6025
17,37.6691
17,37.7968
17,37.8117
17,37.8316
17,37.8627
17,37.9626
17,38.0166
17,38.1298
17,38.1653
17,38.2769
17,38.3675
17,38.5349
17,38.5701
17,38.6548
17,38.8281
17,38.9671
17,38.9736
17,39.1064
17,39.2732
17,39.3037
17,39.3607
17,39.3954
17,39.4943
17,39.6927
17,39.7329
17,39.7909
17,39.8024
17,39.8501
17,39.8773
17,39.9225
17,40.0215
17,40.1415
17,40.1498
17,40.2997
17,40.3084
17,40.3813
17,40.5066
17,40.5701
17,40.7124
17,40.7379
17,40.8775
17,40.9234
17,40.9939
17,41.1327
17,41.1602
17,41.2577
17,41.2800
17,41.3428
17,41.3796
17,41.4073
17,41.6038
17,41.6420
17,41.6680
17,41.6765
17,41.8346
17,41.9153
17,41.9955
17,41.9989
17,42.0078
17,42.1519
17,42.1743
17,42.1860
17,42.1945
17,42.2456
17,42.2672
17,42.3424
17,42.4635
17,42.6453
17,42.6904
17,42.7139
17,42.7732
17,42.8274
17,43.0288
17,43.1484
17,43.1649
17,43.3041
17,43.3249
17,43.4186
17,43.4903
17,43.5655
17,43.5787
17,43.6196
17,43.6769
17,43.7764
17,43.9324
17,43.9361
17,43.9503
17,43.9883
17,44.0015
17,44.1207
17,44.2843
17,44.4187
17,44.4332
17,44.4963
17,44.5692
17,44.6120
17,44.6350
17,44.7082
17,44.7349
17,44.7418
17,44.7943
17,44.9332
17,44.9357
17,45.0577
17,45.1106
17,45.1654
17,45.3009
17,45.3019
17,45.3067
17,45.3282
17,45.4281
17,45.4691
17,45.6120
17,45.6836
17,45.7858
17,46.1604
17,46.1988
17,46.2930
17,46.3774
17,46.4972
17,46.6955
17,46.7457
17,46.8221
17,47.0351
17,47.1180
17,47.1377
17,47.2455
17,47.2750
17,47.3297
17,47.3594
17,47.6105
17,47.7952
17,47.8029
17,47.9374
17,48.0382
17,48.0498
17,48.0650
17,48.1002
17,48.1930
17,48.2838
17,48.2899
17,48.3417
17,48.3739
17,48.3786
17,48.4912
17,48.4958
17,48.6310
17,48.7316
17,48.8122
17,48.8599
17,49.0662
17,49.1046
17,49.1195
17,49.1415
17,49.1426
17,49.3014
17,49.3580
17,49.6391
17,49.7168
17,49.8332
17,49.9072
17,50.0570
17,50.0787
17,50.0909
17,50.0973
17,50.2031
17,50.2079
17,50.2996
17,50.5023
17,50.9921
17,51.0868
17,51.0887
17,51.0917
17,51.2161
17,51.6219
17,51.6679
17,51.7455
17,51.7723
17,51.8552
17,51.8587
17,51.9126
17,52.1358
17,52.1732
17,52.1926
17,52.3639
17,52.4139
17,52.5654
17,52.6479
17,52.6738
17,53.0024
17,53.0172
17,53.1351
17,53.2428
17,53.4045
17,53.4295
17,53.4494
17,53.5652
17,53.5788
17,53.6385
17,53.6485
17,53.7471
17,53.7804
17,53.9923
17,54.0700
17,54.1360
17,54.1559
17,54.2495
17,54.3016
17,54.3335
17,54.4220
17,54.7129
17,54.7416
17,54.8752
17,54.9061
17,54.9682
17,54.9833
17,55.0443
17,55.1150
17,55.1589
17,55.2157
17,55.3107
17,55.3505
17,55.3765
17,55.5637
17,55.5922
17,55.6377
17,55.7216
17,55.7388
17,55.9765
17,56.1936
17,56.4397
17,56.5032
17,56.5432
17,56.8421
17,56.9395
17,56.9660
17,57.0800
17,57.0952
17,57.1021
17,57.3841
17,57.3856
17,57.3957
17,57.4079
17,57.4169
17,57.6677
17,57.7450
17,57.9190
17,58.0468
17,58.0948
17,58.2964
17,58.3149
17,58.5105
17,58.5456
17,58.5587
17,58.6612
17,59.0652
17,59.1155
17,59.1257
17,59.1352
17,59.1802
17,59.3607
17,59.4602
17,59.5731
17,59.7591
17,59.8280
17,59.9496
17,59.9865
18,0.1041
18,0.2876
18,0.4572
18,0.5775
18,0.5845
18,0.8772
18,0.8919
18,0.9072
18,0.9325
18,1.0065
18,1.0096
18,1.0149
18,1.1211
18,1.6025
18,2.1464
18,2.2334
18,2.4492
18,2.6211
18,2.7717
18,3.3557
18,3.4843
18,3.7248
18,3.8712
18,4.0137
18,4.2694
18,4.4294
18,4.4788
18,4.6309
18,4.8444
18,5.5007
18,5.8270
18,5.9605
18,6.0313
18,6.0389
18,6.1620
18,6.1993
18,6.3040
18,6.5345
18,6.8652
18,7.0698
18,7.9580
18,8.1687
18,8.3233
18,8.3610
18,8.6048
18,8.6081
18,8.9659
18,9.5676
18,9.7197
18,10.1467
18,10.2500
18,10.2661
18,10.3034
18,10.3422
18,10.5901
18,10.7164
18,10.9090
18,11.2621
18,11.2832
18,11.2946
18,11.4876
18,11.5273
18,11.7596
18,11.9906
18,12.2784
18,12.5880
18,12.9004
18,13.2134
18,13.5815
18,14.1070
18,14.1800
18,14.6844
18,14.8695
18,14.8956
18,14.9568
18,15.0180
18,15.0337
18,15.1891
18,15.5170
18,15.5402
18,16.2262
18,16.4002
18,16.5377
18,16.6560
18,16.7655
18,16.8008
18,17.0183
18,17.0957
18,17.1132
18,17.5110
18,17.5402
18,18.2644
18,18.3898
18,18.4314
18,18.8696
18,19.0446
18,19.0544
18,19.1374
18,19.3177
18,19.5761
18,19.9285
18,19.9445
18,20.0773
18,20.5751
18,20.6872
18,20.7238
18,21.1807
18,21.4073
18,21.6983
18,21.8926
18,21.9586
18,22.1367
18,22.1733
18,22.3088
18,22.4707
18,22.4971
18,22.5189
18,22.5698
18,22.6152
18,22.8344
18,22.9969
18,23.0408
18,23.1068
18,23.2198
18,23.2265
18,23.4781
18,23.5199
18,23.5545
18,23.6794
18,23.7785
18,23.9412
18,24.4479
18,24.5226
18,24.9211
18,24.9431
18,25.5828
18,25.5913
18,25.6157
18,25.7432
18,25.9087
18,26.0503
18,26.3346
18,26.9876
18,26.9966
18,27.0134
18,27.0141
18,27.0461
18,27.0863
18,27.4172
18,27.4229
18,27.5025
18,27.5661
18,27.6873
18,27.7085
18,27.8298
18,27.8938
18,28.1139
18,28.3077
18,28.9154
18,28.9896
18,29.2594
18,29.2635
18,29.2884
18,29.3078
18,30.1021
18,30.1110
18,30.1501
18,30.2763
18,30.3773
18,30.4082
18,31.0439
18,31.0559
18,31.1394
18,31.3426
18,31.3961
18,31.5726
18,31.5968
18,31.6489
18,31.6538
18,31.7245
18,31.7247
18,32.0083
18,32.0471
18,32.0595
18,32.0943
18,32.2691
18,32.3501
18,32.8520
18,32.8757
18,33.0233
18,33.0676
18,33.4386
18,33.5816
18,34.0230
18,34.0276
18,34.0799
18,34.2292
18,34.9822
18,35.0351
18,35.5137
18,35.6225
18,35.7498
18,36.0220
18,36.1208
18,36.2134
18,36.2909
18,36.3845
18,36.5977
18,36.6155
18,36.6335
18,36.6918
18,36.8719
18,36.9065
18,37.2549
18,37.2735
18,37.5917
18,37.7494
18,37.9453
18,38.1790
18,38.2480
18,38.3235
18,38.5174
18,38.8167
18,38.8420
18,38.8734
18,38.9155
18,38.9944
18,39.1976
18,39.2355
18,39.3764
18,39.5718
18,39.7102
18,39.7694
18,39.8203
18,39.9678
18,40.1948
18,40.2440
18,40.7217
18,40.8305
18,40.9482
18,41.4705
18,41.6865
18,42.1558
18,42.3049
18,42.3263
18,42.3357
18,42.5228
18,42.6549
18,43.2362
18,43.7917
18,44.2909
18,44.4593
18,44.6374
18,44.7231
18,44.9486
18,45.0848
18,45.1397
18,45.2601
18,45.3449
18,45.4467
18,45.4689
18,45.5695
18,45.5950
18,45.7180
18,45.7414
18,45.9191
18,46.0244
18,46.2353
18,46.3606
18,46.5608
18,46.6248
18,46.7124
18,46.7716
18,46.8013
18,46.8122
18,47.0009
18,47.0413
18,47.2559
18,47.2830
18,47.3552
18,47.4899
18,47.5672
18,47.8560
18,48.0097
18,48.0584
18,48.1344
18,48.5183
18,48.5797
18,48.6513
18,48.8239
18,49.3313
18,49.4530
18,49.4889
18,51.2502
18,51.2820
18,51.4790
18,51.5272
18,51.9216
18,52.1410
18,52.1845
18,52.1942
18,52.6773
18,52.8172
18,52.9310
18,53.5465
18,53.9007
18,53.9438
18,54.0236
18,54.0685
18,54.4388
18,54.8217
18,55.5234
18,55.6298
18,55.6862
18,55.7305
18,56.2563
18,56.5018
18,56.8173
18,57.1080
18,57.1769
18,57.4643
18,57.4956
18,57.6920
18,57.7856
18,58.0701
18,58.0985
18,58.3178
18,58.3855
18,58.6211
18,58.9654
18,59.0537
18,59.2003
18,59.2904
18,59.3654
18,59.3938
18,59.5160
19,0.0274
19,0.1049
19,0.2188
19,0.2611
19,0.4145
19,0.4152
19,0.5297
19,0.5377
19,0.5726
19,1.1128
19,1.1140
19,1.2449
19,1.3119
19,1.3666
19,1.3820
19,1.4457
19,1.4596
19,1.5625
19,1.5700
19,1.6012
19,1.6333
19,1.6659
19,1.6670
19,1.9413
19,2.0845
19,2.1677
19,2.1814
19,2.2148
19,2.2456
19,2.2899
19,2.3018
19,2.3272
19,2.3323
19,2.5571
19,2.5692
19,2.5908
19,2.6214
19,2.6336
19,2.7663
19,2.9400
19,3.0795
19,3.1594
19,3.2370
19,3.2863
19,3.2873
19,3.3285
19,3.3398
19,3.3404
19,3.3681
19,3.3687
19,3.3862
19,3.3867
19,3.4556
19,3.4695
19,3.6237
19,3.6373
19,3.7931
19,3.8516
19,3.8885
19,3.9193
19,3.9379
19,4.0075
19,4.0317
19,4.0516
19,4.0558
19,4.0954
19,4.1344
19,4.2229
19,4.2796
19,4.4142
19,4.4562
19,4.5917
19,4.6127
19,4.6251
19,4.6478
19,4.7293
19,4.8329
19,4.9027
19,4.9593
19,5.1796
19,5.3926
19,5.3967
19,5.4409
19,5.4624
19,5.5578
19,5.7230
19,5.8143
19,5.8890
19,5.9791
19,5.9798
19,6.2869
19,6.3359
19,6.3825
19,6.4082
19,6.4812
19,6.5274
19,6.5750
19,6.5879
19,6.6264
19,6.6326
19,6.6678
19,6.6838
19,6.8223
19,6.9024
19,6.9169
19,6.9331
19,6.9416
19,7.0313
19,7.1475
19,7.1686
19,7.2366
19,7.2446
19,7.2536
19,7.2711
19,7.2838
19,7.3822
19,7.3854
19,7.4982
19,7.5135
19,7.5366
19,7.5471
19,7.5513
19,7.6650
19,7.6901
19,7.7254
19,7.7475
19,7.7713
19,7.7918
19,7.8329
19,7.8636
19,7.8887
19,7.8939
19,7.9106
19,8.0308
19,8.1039
19,8.1132
19,8.1527
19,8.2852
19,8.3370
19,8.4533
19,8.5705
19,8.5777
19,8.6456
19,8.6790
19,8.6953
19,8.7136
19,8.7788
19,9.1611
19,9.1874
19,9.2713
19,9.3187
19,9.3454
19,9.3555
19,9.6028
19,9.6356
19,9.6393
19,9.6668
19,9.8350
19,9.8782
19,9.8782
19,9.8808
19,9.9052
19,9.9782
19,10.0046
19,10.1285
19,10.1455
19,10.2362
19,10.2969
19,10.3282
19,10.3801
19,10.4856
19,10.5082
19,10.5770
19,10.6021
19,10.6745
19,10.6921
19,10.7547
19,10.7995
19,10.8197
19,11.0097
19,11.0710
19,11.1808
19,11.4597
19,11.5920
19,11.7391
19,11.7762
19,11.7948
19,11.8338
19,11.8505
19,11.9245
19,12.0092
19,12.0440
19,12.0988
19,12.1091
19,12.1534
19,12.1577
19,12.2257
19,12.2346
19,12.3437
19,12.4156
19,12.4251
19,12.4560
19,12.4711
19,12.4712
19,12.6174
19,12.6188
19,12.6445
19,12.6903
19,12.7323
19,12.7550
19,12.8223
19,12.9597
19,12.9729
19,12.9837
19,12.9866
19,12.9949
19,13.0088
19,13.0116
19,13.0722
19,13.1296
19,13.1430
19,13.1959
19,13.2277
19,13.2985
19,13.3071
19,13.4254
19,13.4662
19,13.4977
19,13.5469
19,13.6732
19,13.7106
19,13.7281
19,13.8278
19,13.8568
19,13.8912
19,13.9983
19,14.0789
19,14.0977
19,14.1219
19,14.2435
19,14.2515
19,14.2847
19,14.3450
19,14.3838
19,14.4193
19,14.5361
19,14.5727
19,14.6410
19,14.7615
19,14.7661
19,14.8850
19,14.8857
19,14.9667
19,15.0300
19,15.0378
19,15.1045
19,15.1785
19,15.2283
19,15.3364
19,15.3647
19,15.3648
19,15.3731
19,15.4300
19,15.6231
19,15.8291
19,15.9601
19,15.9772
19,16.0209
19,16.0393
19,16.0645
19,16.0947
19,16.2144
19,16.3187
19,16.4614
19,16.4683
19,16.4986
19,16.5210
19,16.5369
19,16.5452
19,16.5971
19,16.6090
19,16.6524
19,16.6757
19,16.6805
19,16.7088
19,16.7269
19,16.8695
19,16.9381
19,16.9617
19,17.0040
19,17.1702
19,17.2181
19,17.3523
19,17.3667
19,17.4731
19,17.6252
19,17.6571
19,17.6919
19,17.7439
19,17.8069
19,17.8445
19,17.8552
19,17.8620
19,17.9587
19,17.9707
19,17.9736
19,18.0057
19,18.0345
19,18.1507
19,18.1543
19,18.2337
19,18.2740
19,18.3043
19,18.3490
19,18.3856
19,18.3948
19,18.4067
19,18.4764
19,18.4817
19,18.5072
19,18.5264
19,18.5362
19,18.5989
19,18.6469
19,18.7580
19,18.8384
19,18.8596
19,18.8991
19,18.9196
19,18.9550
19,18.9595
19,19.0711
19,19.1726
19,19.1847
19,19.2078
19,19.2314
19,19.2376
19,19.2648
19,19.3163
19,19.3195
19,19.4109
19,19.5334
19,19.6567
19,19.7271
19,19.7477
19,19.7573
19,19.7869
19,19.8451
19,19.8468
19,20.0431
19,20.1572
19,20.2445
19,20.3497
19,20.3722
19,20.4063
19,20.4088
19,20.4573
19,20.4640
19,20.4640
19,20.4724
19,20.5063
19,20.5502
19,20.5949
19,20.6699
19,20.6874
19,20.7067
19,20.8378
19,20.9123
19,21.0007
19,21.3647
19,21.5241
19,21.7005
19,21.9460
19,21.9941
19,22.0297
19,22.0309
19,22.1221
19,22.2864
19,22.3315
19,22.3356
19,22.3471
19,22.3518
19,22.3892
19,22.4658
19,22.5729
19,22.6769
19,22.6799
19,22.6989
19,22.7071
19,22.7423
19,22.8588
19,22.8656
19,23.0262
19,23.0849
19,23.0928
19,23.0994
19,23.1033
19,23.1040
19,23.3028
19,23.3680
19,23.4456
19,23.5133
19,23.6721
19,24.1176
19,24.1218
19,24.1762
19,24.2805
19,24.3466
19,24.3929
19,24.5094
19,24.5116
19,24.6756
19,24.7720
19,24.7724
19,24.9235
19,24.9648
19,25.0508
19,25.2540
19,25.2564
19,25.2610
19,25.2714
19,25.2756
19,25.3489
19,25.3731
19,25.4225
19,25.5184
19,25.9747
19,25.9818
19,26.0196
19,26.0555
19,26.0854
19,26.1383
19,26.1759
19,26.2017
19,26.2615
19,26.2801
19,26.3095
19,26.3215
19,26.3353
19,26.3495
19,26.3924
19,26.4070
19,26.4227
19,26.5152
19,26.6256
19,26.6417
19,26.6908
19,26.7440
19,26.7459
19,26.7484
19,26.8111
19,26.8191
19,26.8835
19,26.9104
19,26.9183
19,27.0344
19,27.0593
19,27.0780
19,27.1275
19,27.1970
19,27.2111
19,27.2868
19,27.2901
19,27.3372
19,27.3791
19,27.4359
19,27.5390
19,27.6569
19,28.0418
19,28.1238
19,28.1482
19,28.2432
19,28.3475
19,28.4516
19,28.4564
19,28.6066
19,28.6450
19,28.7125
19,28.8587
19,28.9213
19,28.9512
19,29.0105
19,29.1320
19,29.1565
19,29.1638
19,29.1778
19,29.3342
19,29.3559
19,29.3757
19,29.4290
19,29.4470
19,29.5184
19,29.5933
19,29.6872
19,29.7006
19,29.7188
19,29.7821
19,29.8202
19,29.8511
19,29.8522
19,29.8611
19,29.8950
19,30.0099
19,30.1400
19,30.1720
19,30.2211
19,30.2762
19,30.2933
19,30.2988
19,30.3201
19,30.3354
19,30.3825
19,30.4376
19,30.4658
19,30.5118
19,30.5407
19,30.5666
19,30.5892
19,30.7604
19,30.7749
19,30.8048
19,30.8656
19,30.8686
19,30.8892
19,30.8922
19,30.8937
19,30.9056
19,30.9359
19,31.0152
19,31.0427
19,31.0644
19,31.1184
19,31.2580
19,31.2696
19,31.3071
19,31.3095
19,31.4184
19,31.4539
19,31.4632
19,31.4865
19,31.5209
19,31.5403
19,31.5951
19,31.6665
19,31.6675
19,31.6944
19,31.7649
19,31.8303
19,31.8797
19,31.9672
19,31.9891
19,32.1031
19,32.1069
19,32.1200
19,32.1229
19,32.1629
19,32.2320
19,32.2591
19,32.2754
19,32.2900
19,32.3438
19,32.3743
19,32.5551
19,32.6044
19,32.6661
19,32.6694
19,32.8748
19,32.8978
19,33.1276
19,33.1509
19,33.2446
19,33.2449
19,33.2727
19,33.2904
19,33.3049
19,33.3256
19,33.3459
19,33.3925
19,33.4055
19,33.4324
19,33.4436
19,33.4603
19,33.5436
19,33.5436
19,33.6819
19,33.7050
19,33.7314
19,33.8795
19,33.9165
19,34.0704
19,34.1019
19,34.1044
19,34.1293
19,34.1647
19,34.2951
19,34.3888
19,34.3916
19,34.4286
19,34.5406
19,34.6277
19,34.6341
19,34.7001
19,34.8461
19,34.9159
19,35.0371
19,35.1299
19,35.1707
19,35.1970
19,35.2131
19,35.2225
19,35.2351
19,35.3306
19,35.3532
19,35.4368
19,35.5199
19,35.5613
19,35.6695
19,35.7011
19,35.7782
19,35.9240
19,35.9716
19,36.0078
19,36.1921
19,36.3432
19,36.7060
19,36.7421
19,36.7964
19,36.9275
19,36.9348
19,36.9817
19,37.0477
19,37.0990
19,37.1392
19,37.2447
19,37.2552
19,37.2740
19,37.3743
19,37.3967
19,37.5027
19,37.5032
19,37.5356
19,37.5506
19,37.5692
19,37.7183
19,37.7420
19,37.7476
19,37.8456
19,37.9663
19,37.9975
19,38.0153
19,38.0178
19,38.1121
19,38.1815
19,38.2304
19,38.2766
19,38.3760
19,38.3871
19,38.4239
19,38.5000
19,38.5263
19,38.6294
19,38.6656
19,38.7081
19,38.7628
19,38.8734
19,38.8772
19,38.9844
19,38.9849
19,39.0645
19,39.0687
19,39.2005
19,39.2910
19,39.3165
19,39.4149
19,39.4409
19,39.5690
19,39.7151
19,39.7394
19,39.7602
19,39.8064
19,39.8122
19,39.9703
19,40.0511
19,40.1374
19,40.2118
19,40.2119
19,40.2998
19,40.3588
19,40.5143
19,40.5735
19,40.5904
19,40.6783
19,40.7244
19,40.7688
19,40.7850
19,40.9301
19,40.9579
19,40.9618
19,40.9748
19,40.9840
19,40.9868
19,40.9930
19,41.0129
19,41.0231
19,41.0530
19,41.2136
19,41.2974
19,41.3733
19,41.3786
19,41.4130
19,41.4706
19,41.5143
19,41.5670
19,41.6127
19,41.6798
19,41.8449
19,41.8644
19,41.8825
19,41.8953
19,41.9118
19,41.9371
19,41.9990
19,42.0353
19,42.1572
19,42.1756
19,42.2514
19,42.3002
19,42.3093
19,42.3778
19,42.4225
19,42.5008
19,42.5998
19,42.6156
19,42.6867
19,42.7198
19,42.7213
19,42.7240
19,42.8109
19,42.8949
19,42.8997
19,42.9423
19,42.9820
19,43.1217
19,43.1868
19,43.3129
19,43.4053
19,43.4299
19,43.4470
19,43.4540
19,43.4985
19,43.5021
19,43.6669
19,43.7487
19,43.7964
19,43.8112
19,43.9316
19,44.0310
19,44.0332
19,44.1107
19,44.1316
19,44.2608
19,44.2648
19,44.2806
19,44.4763
19,44.5020
19,44.5225
19,44.5231
19,44.5815
19,44.5865
19,44.6428
19,44.6684
19,44.7003
19,44.7273
19,44.7599
19,44.8348
19,44.8757
19,45.0304
19,45.1613
19,45.2957
19,45.4891
19,45.4934
19,45.5972
19,45.6053
19,45.6249
19,45.6341
19,45.6552
19,45.6649
19,45.7506
19,45.8647
19,45.9881
19,46.0378
19,46.1049
19,46.1697
19,46.2269
19,46.2390
19,46.3115
19,46.3127
19,46.4475
19,46.4500
19,46.5631
19,46.6766
19,46.7996
19,46.9174
19,46.9620
19,46.9640
19,47.1489
19,47.1532
19,47.2022
19,47.2909
19,47.3252
19,47.3472
19,47.3625
19,47.3954
19,47.4066
19,47.5904
19,47.5909
19,47.6012
19,47.6467
19,47.6944
19,47.7895
19,47.9132
19,47.9333
19,48.0056
19,48.0497
19,48.0980
19,48.1197
19,48.1774
19,48.1967
19,48.2068
19,48.2260
19,48.2435
19,48.3824
19,48.3962
19,48.3978
19,48.4084
19,48.4336
19,48.5195
19,48.5389
19,48.5581
19,48.5605
19,48.5973
19,48.6348
19,48.6558
19,48.6740
19,48.7756
19,48.8161
19,48.8400
19,48.8419
19,48.8495
19,48.9282
19,48.9727
19,49.0549
19,49.1092
19,49.1217
19,49.3886
19,49.4024
19,49.4778
19,49.4953
19,49.5698
19,49.6433
19,49.7070
19,49.9853
19,50.0062
19,50.0078
19,50.0280
19,50.0565
19,50.0812
19,50.2135
19,50.3689
19,50.4153
19,50.5366
19,50.5833
19,50.6833
19,50.6901
19,50.7922
19,50.8346
19,51.1068
19,51.1193
19,51.2147
19,51.2807
19,51.3280
19,51.3437
19,51.4315
19,51.4423
19,51.4483
19,51.4659
19,51.4790
19,51.4950
19,51.5671
19,51.5792
19,51.7234
19,51.8059
19,51.8228
19,51.8505
19,51.9124
19,51.9240
19,52.1620
19,52.1786
19,52.1838
19,52.3806
19,52.4335
19,52.4367
19,52.5194
19,52.5237
19,52.5330
19,52.5461
19,52.5747
19,52.5788
19,52.6158
19,52.6732
19,52.6999
19,52.7000
19,52.7879
19,52.8148
19,52.9448
19,52.9711
19,52.9740
19,53.0087
19,53.1457
19,53.2640
19,53.3567
19,53.3922
19,53.4043
19,53.4193
19,53.4194
19,53.4429
19,53.4452
19,53.5093
19,53.5530
19,53.5713
19,53.6628
19,53.6679
19,53.7403
19,53.8122
19,53.8443
19,53.9692
19,54.0360
19,54.1075
19,54.2991
19,54.4151
19,54.4582
19,54.4599
19,54.4600
19,54.5727
19,54.6345
19,54.8309
19,54.8826
19,54.9593
19,55.1621
19,55.2308
19,55.2758
19,55.3108
19,55.4280
19,55.4553
19,55.5209
19,55.5565
19,55.7533
19,55.7824
19,55.8621
19,56.0124
19,56.0804
19,56.0923
19,56.1061
19,56.1150
19,56.1739
19,56.2194
19,56.2661
19,56.3386
19,56.3466
19,56.4307
19,56.4315
19,56.4317
19,56.4476
19,56.4551
19,56.4756
19,56.6006
19,56.7908
19,56.8019
19,56.8469
19,56.9233
19,56.9318
19,56.9530
19,57.0004
19,57.0018
19,57.0390
19,57.0483
19,57.0790
19,57.0796
19,57.1059
19,57.1105
19,57.1884
19,57.2092
19,57.2212
19,57.2591
19,57.3493
19,57.3514
19,57.3749
19,57.4255
19,57.4481
19,57.5664
19,57.6293
19,57.8704
19,57.8997
19,58.0366
19,58.0522
19,58.1514
19,58.1642
19,58.2878
19,58.3205
19,58.3512
19,58.3781
19,58.4405
19,58.4784
19,58.6687
19,58.7110
19,58.9215
19,58.9532
19,58.9667
19,59.0315
19,59.0611
19,59.1035
19,59.1425
19,59.2723
19,59.3234
19,59.3387
19,59.3804
19,59.4291
19,59.4757
19,59.5602
19,59.5611
19,59.5628
19,59.6274
19,59.6290
19,59.8321
19,59.9293
20,0.0073
20,0.0106
20,0.2314
20,0.2430
20,0.3952
20,0.4488
20,0.4839
20,0.7217
20,0.8613
20,0.9427
20,0.9722
20,1.1456
20,1.1463
20,1.1868
20,1.2179
20,1.2183
20,1.3459
20,1.3526
20,1.3846
20,1.4128
20,1.4984
20,1.5320
20,1.5546
20,1.5734
20,1.6442
20,1.6589
20,1.7699
20,1.7728
20,1.8083
20,1.8821
20,1.9490
20,2.0062
20,2.0286
20,2.0934
20,2.2186
20,2.3118
20,2.3511
20,2.4074
20,2.4119
20,2.4629
20,2.4659
20,2.4913
20,2.6086
20,2.6395
20,2.7000
20,2.7360
20,2.7666
20,2.8872
20,3.0542
20,3.0824
20,3.1027
20,3.1236
20,3.1714
20,3.2644
20,3.3600
20,3.3836
20,3.3859
20,3.4072
20,3.4959
20,3.5647
20,3.6816
20,3.9144
20,3.9281
20,3.9605
20,4.0339
20,4.1316
20,4.1948
20,4.3105
20,4.3218
20,4.3285
20,4.3453
20,4.4669
20,4.4859
20,4.5187
20,4.8849
20,4.9954
20,5.0132
20,5.0196
20,5.0553
20,5.2168
20,5.2318
20,5.2573
20,5.2964
20,5.3665
20,5.4361
20,5.6383
20,5.6495
20,5.8717
20,5.8853
20,5.9171
20,5.9351
20,6.0024
20,6.0149
20,6.0724
20,6.1322
20,6.1541
20,6.2235
20,6.2420
20,6.2628
20,6.3443
20,6.3505
20,6.3643
20,6.4220
20,6.4332
20,6.4996
20,6.5469
20,6.7147
20,6.9090
20,6.9697
20,7.0404
20,7.3358
20,7.3518
20,7.3619
20,7.4347
20,7.4497
20,7.4737
20,7.6240
20,7.7383
20,7.7860
20,7.8336
20,7.9411
20,7.9721
20,8.0056
20,8.0436
20,8.1866
20,8.2076
20,8.3438
20,8.4517
20,8.4944
20,8.5453
20,8.7575
20,8.7658
20,8.8050
20,8.8988
20,8.9893
20,9.0226
20,9.0229
20,9.2116
20,9.3595
20,9.3902
20,9.4079
20,9.4313
20,9.4773
20,9.4951
20,9.5372
20,9.5477
20,9.5524
20,9.5752
20,9.5835
20,9.6085
20,9.7478
20,9.7815
20,9.8914
20,9.9048
20,10.0519
20,10.2080
20,10.2423
20,10.2438
20,10.3227
20,10.3470
20,10.3719
20,10.5869
20,10.5911
20,10.6526
20,10.7125
20,10.7342
20,10.7594
20,10.7616
20,10.7812
20,10.7929
20,10.8032
20,10.8129
20,10.8232
20,10.8388
20,10.8643
20,10.8886
20,10.9840
20,11.0140
20,11.0490
20,11.1735
20,11.1845
20,11.2069
20,11.2106
20,11.2176
20,11.2280
20,11.4439
20,11.5089
20,11.5268
20,11.5573
20,11.5583
20,11.7239
20,11.8751
20,11.9682
20,11.9691
20,11.9942
20,12.0739
20,12.1417
20,12.1470
20,12.1632
20,12.1653
20,12.4932
20,12.6071
20,12.7920
20,12.7983
20,12.9422
20,13.0057
20,13.2261
20,13.2512
20,13.3831
20,13.4799
20,13.6273
20,13.7071
20,13.7770
20,13.8434
20,13.8853
20,13.9837
20,14.0066
20,14.1063
20,14.1328
20,14.3349
20,14.4860
20,14.5012
20,14.5603
20,14.5722
20,14.6312
20,14.6398
20,14.6492
20,14.8246
20,14.8468
20,14.8724
20,14.9710
20,14.9782
20,15.0300
20,15.0795
20,15.0843
20,15.1819
20,15.2966
20,15.3372
20,15.4243
20,15.5761
20,15.6713
20,15.7569
20,15.7778
20,15.8287
20,15.8717
20,15.8856
20,15.9355
20,15.9723
20,16.0184
20,16.0342
20,16.1790
20,16.3396
20,16.4642
20,16.4721
20,16.5477
20,16.5614
20,16.5716
20,16.6856
20,16.6939
20,16.7133
20,16.7185
20,16.8687
20,16.8993
20,17.0764
20,17.1394
20,17.2043
20,17.2898
20,17.3200
20,17.5216
20,17.5770
20,17.6371
20,17.6450
20,17.9304
20,17.9596
20,17.9732
20,18.0247
20,18.1161
20,18.1286
20,18.2661
20,18.3234
20,18.5032
20,18.5095
20,18.6010
20,18.6293
20,18.8241
20,18.8738
20,18.9270
20,18.9848
20,19.0723
20,19.1546
20,19.2158
20,19.2372
20,19.3311
20,19.3511
20,19.4942
20,19.5557
20,19.5658
20,19.6989
20,19.8209
20,19.8370
20,19.8760
20,19.9505
20,20.1131
20,20.2268
20,20.6979
20,20.7292
20,20.8942
20,20.9111
20,20.9455
20,20.9734
20,20.9791
20,21.0200
20,21.1269
20,21.1902
20,21.2748
20,21.3900
20,21.4156
20,21.5180
20,21.6568
20,21.8522
20,21.8695
20,22.0099
20,22.1987
20,22.2655
20,22.3247
20,22.3404
20,22.4283
20,22.5230
20,22.5565
20,22.6647
20,22.7126
20,22.7629
20,22.8240
20,22.8526
20,22.9825
20,22.9915
20,23.0337
20,23.0690
20,23.2379
20,23.3858
20,23.3889
20,23.4037
20,23.5654
20,23.5854
20,23.5934
20,23.6085
20,23.7586
20,23.7717
20,23.8245
20,23.8357
20,23.8716
20,24.0252
20,24.1854
20,24.1982
20,24.2109
20,24.2458
20,24.2835
20,24.3582
20,24.4133
20,24.4135
20,24.6588
20,24.6857
20,24.7016
20,24.7138
20,24.7631
20,24.7928
20,24.8101
20,24.9414
20,24.9715
20,24.9773
20,25.0927
20,25.1343
20,25.1680
20,25.2327
20,25.2351
20,25.2376
20,25.2911
20,25.3858
20,25.3881
20,25.4075
20,25.5576
20,25.7045
20,25.7781
20,25.8579
20,26.1193
20,26.1315
20,26.1975
20,26.2583
20,26.2759
20,26.3356
20,26.4206
20,26.4351
20,26.4478
20,26.6249
20,26.6441
20,26.6966
20,26.7044
20,26.7472
20,26.8269
20,26.8396
20,26.8472
20,26.9342
20,27.0433
20,27.1092
20,27.2851
20,27.3351
20,27.4110
20,27.4325
20,27.4478
20,27.5525
20,27.5865
20,27.5959
20,27.6231
20,27.6552
20,27.7387
20,27.9090
20,27.9167
20,28.1926
20,28.4201
20,28.4517
20,28.5609
20,28.6171
20,28.6325
20,28.6696
20,28.6806
20,28.7196
20,28.7710
20,28.7740
20,28.9351
20,28.9776
20,29.0396
20,29.1145
20,29.2464
20,29.2762
20,29.4044
20,29.4356
20,29.5285
20,29.5336
20,29.6591
20,29.7076
20,29.7204
20,29.9795
20,30.0456
20,30.0833
20,30.1217
20,30.1422
20,30.1752
20,30.2097
20,30.2141
20,30.2917
20,30.2933
20,30.3181
20,30.3777
20,30.5074
20,30.5230
20,30.6180
20,30.7585
20,30.9252
20,31.1829
20,31.1931
20,31.1938
20,31.3869
20,31.4123
20,31.7481
20,31.8329
20,32.0537
20,32.1153
20,32.2623
20,32.2921
20,32.3707
20,32.4641
20,32.4658
20,32.4856
20,32.7569
20,32.8842
20,32.9156
20,32.9322
20,32.9370
20,33.0010
20,33.0024
20,33.0027
20,33.1077
20,33.1277
20,33.1385
20,33.1632
20,33.1854
20,33.2083
20,33.2131
20,33.2214
20,33.2609
20,33.3005
20,33.3246
20,33.5440
20,33.7481
20,33.7616
20,33.9066
20,34.0431
20,34.1388
20,34.2947
20,34.3392
20,34.3895
20,34.5212
20,34.6199
20,34.6403
20,34.6457
20,34.6651
20,34.6668
20,34.7217
20,34.7865
20,34.8779
20,34.8949
20,35.0546
20,35.2197
20,35.2529
20,35.4316
20,35.4948
20,35.6434
20,35.7658
20,35.7662
20,35.8153
20,35.8492
20,35.8666
20,35.8739
20,36.1149
20,36.1673
20,36.1940
20,36.3358
20,36.3466
20,36.5646
20,36.5946
20,36.5974
20,36.6121
20,36.6223
20,36.8290
20,36.9540
20,36.9717
20,36.9911
20,37.1412
20,37.1450
20,37.2014
20,37.2653
20,37.2657
20,37.3419
20,37.3440
20,37.4405
20,37.4857
20,37.5198
20,37.5589
20,37.7354
20,37.7618
20,37.7652
20,38.1478
20,38.1543
20,38.1697
20,38.1827
20,38.2430
20,38.2618
20,38.3109
20,38.4012
20,38.4269
20,38.5014
20,38.6140
20,38.6255
20,38.7297
20,38.7335
20,38.7734
20,38.7887
20,38.7965
20,38.8170
20,38.8693
20,38.9401
20,39.0316
20,39.2232
20,39.2785
20,39.3164
20,39.5429
20,39.5661
20,39.5847
20,39.6387
20,39.6684
20,39.6732
20,39.6860
20,39.7592
20,39.8547
20,39.9062
20,39.9071
20,39.9297
20,39.9852
20,40.0093
20,40.0537
20,40.0730
20,40.1521
20,40.1775
20,40.2258
20,40.2485
20,40.2589
20,40.2599
20,40.3718
20,40.4518
20,40.4833
20,40.7001
20,40.8146
20,40.8791
20,40.9173
20,40.9670
20,41.0349
20,41.0620
20,41.1271
20,41.1367
20,41.2991
20,41.3500
20,41.3568
20,41.5362
20,41.5697
20,41.5765
20,41.5794
20,41.7565
20,41.7726
20,41.8125
20,41.8369
20,41.8531
20,41.9203
20,41.9414
20,41.9921
20,42.0576
20,42.1992
20,42.2024
20,42.2433
20,42.2535
20,42.3196
20,42.4100
20,42.4254
20,42.4704
20,42.5562
20,42.5785
20,42.6420
20,42.6943
20,42.8218
20,42.8784
20,42.9018
20,42.9253
20,43.0314
20,43.1883
20,43.2042
20,43.4200
20,43.4486
20,43.4726
20,43.4902
20,43.5252
20,43.5782
20,43.8210
20,43.8901
20,43.8998
20,43.9959
20,44.0076
20,44.0911
20,44.1144
20,44.1432
20,44.1786
20,44.2760
20,44.3141
20,44.5523
20,44.5808
20,44.5883
20,44.7709
20,44.9301
20,44.9608
20,44.9660
20,44.9818
20,45.0404
20,45.0728
20,45.2773
20,45.3591
20,45.3920
20,45.3941
20,45.7602
20,45.7998
20,45.9227
20,45.9417
20,45.9469
20,45.9598
20,46.0812
20,46.0905
20,46.2758
20,46.3946
20,46.4570
20,46.4726
20,46.4828
20,46.5047
20,46.5751
20,46.6161
20,46.6622
20,46.7670
20,46.7964
20,46.8558
20,46.8745
20,46.9096
20,46.9114
20,46.9133
20,46.9212
20,46.9364
20,46.9404
20,47.0155
20,47.1511
20,47.1524
20,47.2907
20,47.2910
20,47.3048
20,47.4786
20,47.5202
20,47.5210
20,47.6283
20,47.6613
20,47.7341
20,47.8265
20,47.8525
20,48.1644
20,48.1771
20,48.4154
20,48.5255
20,48.5351
20,48.5356
20,48.5535
20,48.5629
20,48.5666
20,48.6597
20,48.7662
20,48.7711
20,48.7810
20,48.9183
20,48.9636
20,49.1154
20,49.1216
20,49.2920
20,49.3222
20,49.3631
20,49.3941
20,49.3945
20,49.4042
20,49.4330
20,49.4543
20,49.5453
20,49.5597
20,49.7015
20,49.7060
20,49.7353
20,49.8463
20,49.8563
20,50.0255
20,50.0772
20,50.2134
20,50.2516
20,50.3065
20,50.3650
20,50.4169
20,50.4538
20,50.5485
20,50.6850
20,50.7397
20,50.8725
20,50.9234
20,51.0618
20,51.0887
20,51.1180
20,51.1646
20,51.1680
20,51.3290
20,51.4031
20,51.4499
20,51.4517
20,51.5223
20,51.5231
20,51.5310
20,51.5881
20,51.5973
20,51.6175
20,51.7157
20,52.3712
20,52.4398
20,52.5532
20,52.5759
20,52.6027
20,52.7339
20,52.8095
20,52.9921
20,53.0236
20,53.0601
20,53.1464
20,53.1849
20,53.1922
20,53.3596
20,53.4662
20,53.4704
20,53.5380
20,53.5933
20,53.7459
20,53.7789
20,53.7880
20,53.8627
20,53.9130
20,53.9425
20,54.4491
20,54.5168
20,54.5474
20,54.5656
20,54.7314
20,54.7359
20,54.8706
20,54.8796
20,54.8853
20,54.9233
20,54.9918
20,55.1930
20,55.2080
20,55.2086
20,55.2113
20,55.2406
20,55.2696
20,55.3102
20,55.3194
20,55.4441
20,55.4819
20,55.4876
20,55.6165
20,55.6459
20,55.7073
20,55.8806
20,55.9297
20,55.9303
20,55.9308
20,56.3520
20,56.3895
20,56.4181
20,56.4213
20,56.4633
20,56.5393
20,56.8053
20,56.8066
20,56.8696
20,56.9110
20,56.9263
20,56.9496
20,57.0500
20,57.1200
20,57.1362
20,57.1786
20,57.1903
20,57.2697
20,57.2805
20,57.3480
20,57.3847
20,57.4368
20,57.5452
20,57.6252
20,57.6676
20,57.6684
20,57.7432
20,57.8582
20,58.0073
20,58.0613
20,58.0649
20,58.0991
20,58.1122
20,58.1234
20,58.2397
20,58.2408
20,58.2600
20,58.2689
20,58.3661
20,58.5742
20,58.5980
20,58.6297
20,58.6427
20,58.7411
20,58.8551
20,58.9182
20,58.9361
20,58.9498
20,59.0168
20,59.1615
20,59.6694
20,59.7857
20,59.8666
20,59.8942
20,59.9394
21,0.0620
21,0.0652
21,0.0707
21,0.1149
21,0.1204
21,0.1680
21,0.2746
21,0.3178
21,0.4769
21,0.4867
21,0.4988
21,0.5176
21,0.5835
21,0.6372
21,0.6865
21,0.7108
21,0.7270
21,0.7286
21,0.7559
21,0.7957
21,0.8113
21,0.8808
21,0.9114
21,0.9198
21,0.9748
21,0.9816
21,1.0329
21,1.0779
21,1.1659
21,1.2381
21,1.5159
21,1.7765
21,1.7879
21,1.8858
21,1.8935
21,1.9246
21,1.9600
21,1.9609
21,2.0469
21,2.0565
21,2.0638
21,2.1356
21,2.2044
21,2.2467
21,2.3607
21,2.3802
21,2.3958
21,2.4159
21,2.5262
21,2.5432
21,2.6138
21,2.7382
21,2.7412
21,2.7731
21,2.8573
21,2.8760
21,2.8867
21,2.9865
21,3.1156
21,3.1259
21,3.1529
21,3.3528
21,3.4162
21,3.4878
21,3.6903
21,3.7504
21,3.7724
21,3.7728
21,3.8210
21,3.9009
21,3.9203
21,3.9491
21,3.9498
21,4.0193
21,4.2723
21,4.2752
21,4.3611
21,4.3688
21,4.4448
21,4.4781
21,4.7043
21,4.7804
21,4.9964
21,5.0726
21,5.1701
21,5.1726
21,5.3096
21,5.5551
21,5.7131
21,5.7316
21,5.8239
21,6.0374
21,6.1266
21,6.1881
21,6.2782
21,6.2882
21,6.3310
21,6.4342
21,6.4882
21,6.5317
21,6.5895
21,6.6267
21,6.7709
21,6.7721
21,6.8150
21,6.8262
21,6.8541
21,6.8645
21,6.9519
21,6.9885
21,7.1339
21,7.2979
21,7.4079
21,7.5141
21,7.5727
21,7.6162
21,7.7119
21,7.7316
21,7.8006
21,7.8038
21,7.8646
21,7.8833
21,7.9623
21,8.0382
21,8.0950
21,8.1366
21,8.1516
21,8.2076
21,8.2088
21,8.2398
21,8.2768
21,8.2832
21,8.3042
21,8.4147
21,8.5622
21,8.5980
21,8.8617
21,8.8843
21,8.9530
21,8.9615
21,9.2145
21,9.2639
21,9.3025
21,9.3564
21,9.5280
21,9.6565
21,9.6823
21,9.7008
21,9.7043
21,9.8332
21,9.8485
21,9.8692
21,9.8941
21,9.9014
21,9.9301
21,10.0188
21,10.0819
21,10.1205
21,10.1834
21,10.2876
21,10.2951
21,10.3285
21,10.3601
21,10.4279
21,10.4307
21,10.5321
21,10.5526
21,10.5722
21,10.5990
21,10.6348
21,10.7588
21,10.7677
21,10.7779
21,10.9259
21,11.0775
21,11.1831
21,11.1903
21,11.2209
21,11.2379
21,11.2403
21,11.2674
21,11.5800
21,11.6303
21,11.6560
21,11.6656
21,11.6667
21,11.6779
21,11.6847
21,11.7493
21,11.7674
21,11.8406
21,12.0198
21,12.0646
21,12.0810
21,12.1017
21,12.1798
21,12.1839
21,12.1923
21,12.2456
21,12.3098
21,12.4351
21,12.5543
21,12.5636
21,12.5936
21,12.5966
21,12.6103
21,12.6464
21,12.6820
21,12.7068
21,12.7441
21,12.7828
21,12.8186
21,12.9678
21,12.9819
21,13.0194
21,13.0621
21,13.1083
21,13.1125
21,13.2870
21,13.4078
21,13.4398
21,13.4564
21,13.5149
21,13.6256
21,13.8722
21,13.8748
21,13.8839
21,13.9997
21,14.1055
21,14.1124
21,14.3197
21,14.5788
21,14.7239
21,14.7746
21,14.8222
21,14.8255
21,14.9605
21,15.0756
21,15.0993
21,15.2609
21,15.2761
21,15.2893
21,15.3880
21,15.4582
21,15.4849
21,15.6177
21,15.7234
21,15.7402
21,15.8496
21,15.9098
21,15.9451
21,16.0442
21,16.0454
21,16.0582
21,16.1065
21,16.1557
21,16.2056
21,16.2313
21,16.2737
21,16.4108
21,16.4278
21,16.4540
21,16.4840
21,16.5467
21,16.5736
21,16.5792
21,16.5886
21,16.6114
21,16.6434
21,16.9151
21,17.2078
21,17.3682
21,17.5118
21,17.5552
21,17.5733
21,17.6665
21,17.8514
21,17.9073
21,17.9607
21,17.9838
21,18.0174
21,18.0840
21,18.0947
21,18.2436
21,18.2546
21,18.3677
21,18.3766
21,18.4068
21,18.5583
21,18.7568
21,18.9190
21,18.9408
21,18.9847
21,19.0966
21,19.3588
21,19.3653
21,19.3658
21,19.4252
21,19.4299
21,19.5189
21,19.6382
21,19.6819
21,19.7167
21,19.9134
21,20.0237
21,20.0565
21,20.1477
21,20.2786
21,20.3178
21,20.3824
21,20.5106
21,20.6016
21,20.6237
21,20.6476
21,20.7350
21,20.7834
21,20.8911
21,20.9727
21,21.0700
21,21.1340
21,21.2653
21,21.3211
21,21.3248
21,21.3548
21,21.5114
21,21.5247
21,21.6325
21,21.6713
21,21.6872
21,21.6978
21,21.8249
21,21.9468
21,21.9980
21,22.0571
21,22.1292
21,22.2380
21,22.2764
21,22.3526
21,22.3618
21,22.4113
21,22.4349
21,22.4527
21,22.5431
21,22.5631
21,22.6078
21,22.7033
21,22.7344
21,22.7497
21,22.7568
21,22.8805
21,22.9719
21,23.0275
21,23.0342
21,23.0470
21,23.0537
21,23.0569
21,23.1673
21,23.1823
21,23.1897
21,23.3094
21,23.3307
21,23.4892
21,23.5703
21,23.5931
21,23.5961
21,23.6111
21,23.6376
21,23.6556
21,23.6623
21,23.6840
21,23.7033
21,23.7247
21,23.7848
21,23.9550
21,23.9894
21,23.9946
21,24.0935
21,24.1524
21,24.1640
21,24.2289
21,24.3032
21,24.3124
21,24.3372
21,24.3795
21,24.4079
21,24.4154
21,24.5459
21,24.5566
21,24.5619
21,24.6124
21,24.8256
21,24.9093
21,24.9449
21,24.9804
21,25.0403
21,25.1620
21,25.3603
21,25.3682
21,25.3790
21,25.4157
21,25.4673
21,25.5567
21,25.5988
21,25.6643
21,25.7884
21,25.8993
21,25.9923
21,25.9977
21,26.1193
21,26.1557
21,26.1612
21,26.1710
21,26.1949
21,26.2228
21,26.2801
21,26.5962
21,26.6119
21,26.6923
21,26.7792
21,26.9206
21,26.9511
21,27.0137
21,27.0296
21,27.0529
21,27.0703
21,27.1521
21,27.2954
21,27.3465
21,27.3577
21,27.4516
21,27.5417
21,27.5480
21,27.7178
21,27.7542
21,27.7562
21,27.8476
21,27.8603
21,28.0331
21,28.0448
21,28.0987
21,28.1943
21,28.1990
21,28.3679
21,28.4778
21,28.4817
21,28.6608
21,28.6809
21,28.7933
21,28.9568
21,29.0126
21,29.0163
21,29.1520
21,29.4027
21,29.4361
21,29.4649
21,29.4771
21,29.5740
21,29.6311
21,29.6393
21,29.6568
21,29.6789
21,29.6791
21,29.7270
21,29.7334
21,29.7985
21,29.8235
21,29.8397
21,29.8795
21,29.8831
21,29.8982
21,29.9071
21,30.0343
21,30.1496
21,30.1757
21,30.1798
21,30.2586
21,30.2954
21,30.3175
21,30.3299
21,30.3489
21,30.5193
21,30.5785
21,30.6231
21,30.6745
21,30.6794
21,30.7975
21,30.8313
21,30.9303
21,30.9594
21,30.9988
21,31.0386
21,31.0402
21,31.0649
21,31.0698
21,31.2888
21,31.3246
21,31.4121
21,31.4878
21,31.5314
21,31.6284
21,31.7341
21,31.7954
21,31.8046
21,31.8362
21,31.8569
21,32.0594
21,32.0681
21,32.1309
21,32.2342
21,32.2565
21,32.2586
21,32.2806
21,32.3139
21,32.3282
21,32.3634
21,32.4327
21,32.5316
21,32.5347
21,32.6021
21,32.6451
21,32.6994
21,32.7267
21,32.9297
21,32.9342
21,32.9506
21,32.9750
21,33.0233
21,33.2194
21,33.2339
21,33.2716
21,33.3527
21,33.3580
21,33.4030
21,33.5137
21,33.6159
21,33.6501
21,33.7648
21,33.7754
21,33.7764
21,33.8056
21,33.8114
21,33.8464
21,33.8671
21,34.0695
21,34.0799
21,34.1106
21,34.1794
21,34.2055
21,34.3440
21,34.4890
21,34.5250
21,34.5344
21,34.6855
21,34.7185
21,34.7807
21,34.7968
21,34.9761
21,35.0263
21,35.4225
21,35.4299
21,35.4558
21,35.5603
21,35.5668
21,35.5682
21,35.6303
21,35.6361
21,35.7351
21,35.8869
21,35.9320
21,35.9396
21,35.9784
21,36.0404
21,36.2300
21,36.2390
21,36.2392
21,36.2504
21,36.2823
21,36.2853
21,36.3053
21,36.3285
21,36.3362
21,36.3671
21,36.3872
21,36.3998
21,36.4328
21,36.5074
21,36.5692
21,36.6249
21,36.7921
21,36.7971
21,36.8260
21,36.8340
21,36.9675
21,37.0674
21,37.1922
21,37.2284
21,37.2568
21,37.2833
21,37.3391
21,37.3979
21,37.4767
21,37.4992
21,37.6153
21,37.7452
21,37.7617
21,37.8061
21,37.8744
21,37.9201
21,38.2074
21,38.3278
21,38.3513
21,38.3702
21,38.3862
21,38.4036
21,38.4077
21,38.5004
21,38.5031
21,38.5156
21,38.6391
21,38.6701
21,38.7692
21,38.8221
21,38.8340
21,38.8605
21,38.8965
21,38.9838
21,38.9962
21,39.1581
21,39.1778
21,39.2479
21,39.3044
21,39.4355
21,39.4568
21,39.5088
21,39.5972
21,39.6463
21,39.7074
21,39.7565
21,39.9322
21,40.1312
21,40.1504
21,40.1928
21,40.2370
21,40.3187
21,40.3501
21,40.4009
21,40.4257
21,40.4873
21,40.5287
21,40.5889
21,40.5955
21,40.6471
21,40.6749
21,40.8049
21,40.8170
21,40.9284
21,40.9340
21,40.9375
21,41.0178
21,41.0304
21,41.0305
21,41.0567
21,41.0957
21,41.1110
21,41.1566
21,41.2002
21,41.2860
21,41.3991
21,41.4849
21,41.5635
21,41.6301
21,41.6768
21,41.6788
21,41.7571
21,41.7758
21,41.7822
21,41.7844
21,41.7932
21,41.8049
21,41.8088
21,41.8907
21,41.9365
21,41.9461
21,41.9900
21,41.9914
21,42.0963
21,42.1375
21,42.1807
21,42.1946
21,42.2382
21,42.2759
21,42.3846
21,42.4034
21,42.5287
21,42.7195
21,42.7558
21,42.9628
21,43.0932
21,43.1405
21,43.2039
21,43.2452
21,43.3225
21,43.3250
21,43.3655
21,43.3678
21,43.5957
21,43.7370
21,43.7487
21,43.7627
21,43.7943
21,43.8597
21,43.9190
21,43.9386
21,43.9666
21,43.9759
21,43.9887
21,44.0044
21,44.1632
21,44.2954
21,44.3665
21,44.4353
21,44.4654
21,44.4694
21,44.5148
21,44.5201
21,44.5202
21,44.5345
21,44.5804
21,44.6769
21,44.7087
21,44.7894
21,44.7949
21,44.8205
21,44.8970
21,44.9147
21,45.0185
21,45.0208
21,45.2665
21,45.4180
21,45.5185
21,45.5410
21,45.5435
21,45.5596
21,45.6263
21,45.6709
21,45.6776
21,45.6839
21,45.7927
21,45.8208
21,45.8477
21,45.8848
21,46.0737
21,46.1970
21,46.4152
21,46.5603
21,46.6015
21,46.6515
21,46.7064
21,46.7517
21,46.8118
21,46.8761
21,46.9725
21,47.0117
21,47.0938
21,47.1348
21,47.3337
21,47.4021
21,47.4642
21,47.4981
21,47.5086
21,47.5155
21,47.5268
21,47.6545
21,47.6659
21,47.7905
21,47.8242
21,47.9250
21,47.9799
21,48.0387
21,48.1232
21,48.1481
21,48.1528
21,48.2172
21,48.2458
21,48.2973
21,48.3691
21,48.3845
21,48.4175
21,48.4433
21,48.4483
21,48.4843
21,48.5547
21,48.5552
21,48.5867
21,48.6120
21,48.6646
21,48.6734
21,48.6888
21,48.7557
21,48.7902
21,48.8346
21,48.8929
21,48.8988
21,48.9608
21,49.0307
21,49.0699
21,49.1223
21,49.2609
21,49.3891
21,49.4533
21,49.5425
21,49.6701
21,49.7727
21,49.8426
21,49.9303
21,50.0050
21,50.0547
21,50.0992
21,50.2139
21,50.3077
21,50.3268
21,50.4321
21,50.6853
21,50.7328
21,50.7779
21,50.8118
21,50.8932
21,50.9073
21,50.9148
21,50.9477
21,51.1358
21,51.1900
21,51.2784
21,51.3557
21,51.3786
21,51.4500
21,51.4628
21,51.4669
21,51.4804
21,51.5393
21,51.5683
21,51.6074
21,51.6440
21,51.6801
21,51.7636
21,51.8211
21,52.0337
21,52.0720
21,52.1330
21,52.2375
21,52.2394
21,52.2433
21,52.3040
21,52.3106
21,52.3349
21,52.4874
21,52.6438
21,52.6482
21,52.6843
21,52.7322
21,52.8567
21,52.9696
21,53.0122
21,53.0514
21,53.0809
21,53.1493
21,53.1803
21,53.1878
21,53.2274
21,53.2517
21,53.4021
21,53.4292
21,53.4384
21,53.6341
21,53.7783
21,53.8055
21,53.8260
21,53.8564
21,53.9509
21,54.0447
21,54.0455
21,54.1209
21,54.1262
21,54.1583
21,54.1737
21,54.1863
21,54.2360
21,54.3297
21,54.3656
21,54.4504
21,54.4973
21,54.5524
21,54.5734
21,54.7311
21,54.8857
21,54.9293
21,54.9690
21,54.9699
21,54.9951
21,55.1268
21,55.2441
21,55.2770
21,55.2801
21,55.4307
21,55.4482
21,55.4605
21,55.6631
21,55.7042
21,55.8063
21,55.9102
21,56.0522
21,56.0645
21,56.0938
21,56.0972
21,56.1571
21,56.3810
21,56.4377
21,56.4977
21,56.5915
21,56.6365
21,56.6717
21,56.7204
21,56.7399
21,56.7604
21,56.7940
21,56.8332
21,56.9193
21,56.9614
21,57.1060
21,57.1696
21,57.2745
21,57.2917
21,57.3503
21,57.5627
21,57.5646
21,57.6114
21,57.6445
21,57.6489
21,57.6551
21,57.7079
21,57.7846
21,57.9300
21,58.0309
21,58.2312
21,58.2332
21,58.4477
21,58.5063
21,58.5613
21,58.5878
21,58.6592
21,58.8435
21,58.9072
21,58.9255
21,58.9901
21,59.0348
21,59.0582
21,59.1070
21,59.1409
21,59.1595
21,59.1625
21,59.1722
21,59.2927
21,59.3277
21,59.3491
21,59.3972
21,59.4661
21,59.5270
21,59.5473
21,59.8494
21,59.8696
21,59.8924
21,59.9251
22,0.1346
22,0.1966
22,0.2615
22,0.3479
22,0.3844
22,0.4652
22,0.5509
22,0.8880
22,0.9918
22,1.0634
22,1.1323
22,1.1519
22,1.2520
22,1.2844
22,1.3220
22,1.4284
22,1.5135
22,1.5397
22,1.6540
22,1.7899
22,1.8118
22,1.8372
22,1.9453
22,1.9854
22,1.9963
22,2.2571
22,2.2870
22,2.5288
22,2.5833
22,2.6506
22,2.6797
22,2.9533
22,2.9989
22,3.0209
22,3.0311
22,3.1782
22,3.2833
22,3.2986
22,3.4894
22,3.5378
22,3.5899
22,3.6982
22,4.0315
22,4.0990
22,4.2181
22,4.4615
22,4.6455
22,4.7624
22,4.8635
22,5.0228
22,5.0654
22,5.1520
22,5.3326
22,5.3535
22,5.4009
22,5.4641
22,5.4859
22,5.5667
22,5.5692
22,6.0243
22,6.0879
22,6.1052
22,6.1800
22,6.3041
22,6.5820
22,6.6212
22,6.6993
22,6.7110
22,6.7373
22,6.7690
22,6.7692
22,6.8423
22,6.8597
22,6.9188
22,7.1145
22,7.1535
22,7.1541
22,7.2248
22,7.3716
22,7.6185
22,7.6316
22,7.8446
22,8.0620
22,8.1843
22,8.2617
22,8.3611
22,8.3747
22,8.6715
22,8.8796
22,8.9424
22,8.9683
22,9.5341
22,9.6071
22,9.7120
22,10.0718
22,10.0881
22,10.1582
22,10.2717
22,10.3226
22,10.4018
22,10.5725
22,10.5787
22,10.5969
22,10.6639
22,10.8250
22,10.8568
22,10.9050
22,11.0351
22,11.0649
22,11.2761
22,11.4034
22,11.4763
22,11.5393
22,11.5869
22,11.6380
22,11.8051
22,11.8072
22,11.9102
22,12.1912
22,12.4403
22,12.5199
22,12.5368
22,12.5611
22,12.6268
22,12.6541
22,12.6682
22,12.6788
22,12.7443
22,12.9406
22,13.0144
22,13.1077
22,13.1117
22,13.1592
22,13.1945
22,13.3105
22,13.3193
22,13.4356
22,13.4560
22,13.4628
22,13.5189
22,13.5868
22,13.7059
22,13.7096
22,13.8151
22,13.8709
22,14.2444
22,14.3884
22,14.5695
22,14.8813
22,15.0204
22,15.0507
22,15.2632
22,15.4736
22,15.5495
22,15.5569
22,15.5846
22,15.6037
22,15.6380
22,15.7473
22,15.7647
22,15.7656
22,16.0210
22,16.0353
22,16.0704
22,16.0944
22,16.1674
22,16.1999
22,16.2592
22,16.2673
22,16.3465
22,16.3674
22,16.4110
22,16.4694
22,16.5152
22,16.5866
22,16.7645
22,16.7994
22,16.8852
22,16.9555
22,17.0626
22,17.0796
22,17.1451
22,17.1596
22,17.2537
22,17.2704
22,17.2920
22,17.3363
22,17.4093
22,17.4489
22,17.5649
22,17.5809
22,17.6704
22,17.8006
22,17.9128
22,17.9698
22,18.1028
22,18.1528
22,18.1609
22,18.2010
22,18.2541
22,18.2555
22,18.3145
22,18.3206
22,18.4820
22,18.4855
22,18.5380
22,18.6330
22,18.8187
22,18.8588
22,18.9136
22,18.9387
22,19.0419
22,19.0675
22,19.1651
22,19.2573
22,19.4833
22,19.5469
22,19.5785
22,19.6113
22,19.9649
22,19.9986
22,20.0995
22,20.2334
22,20.4448
22,20.5057
22,20.8981
22,20.9265
22,20.9808
22,21.1131
22,21.3633
22,21.3834
22,21.5578
22,21.5948
22,21.6572
22,21.7448
22,22.0332
22,22.3144
22,22.4075
22,22.5095
22,23.0539
22,23.1805
22,23.2991
22,23.3713
22,23.3988
22,23.4324
22,23.5336
22,23.5939
22,23.6969
22,23.8755
22,23.8932
22,23.9112
22,24.1476
22,24.1931
22,24.3717
22,24.4507
22,24.5501
22,24.6780
22,24.7524
22,24.7784
22,24.8844
22,25.2804
22,25.3774
22,25.3857
22,25.4169
22,25.6027
22,25.7575
22,25.7802
22,25.9093
22,25.9424
22,26.1323
22,26.1769
22,26.2560
22,26.3351
22,26.4711
22,26.6584
22,26.7482
22,26.7798
22,26.8772
22,27.1624
22,27.6047
22,27.7069
22,27.7109
22,27.7248
22,27.7533
22,27.8641
22,27.9161
22,28.0962
22,28.2992
22,28.4603
22,28.4753
22,28.5547
22,28.6929
22,28.7234
22,28.7833
22,28.8165
22,28.8261
22,28.9036
22,28.9473
22,29.0041
22,29.0118
22,29.0497
22,29.1534
22,29.3488
22,29.4788
22,29.5856
22,29.6198
22,29.6322
22,29.6758
22,29.6952
22,29.8052
22,30.0828
22,30.2374
22,30.2999
22,30.3412
22,30.4237
22,30.4523
22,30.7262
22,31.0574
22,31.1551
22,31.2618
22,31.4544
22,31.5377
22,31.5577
22,31.7133
22,31.7519
22,31.8243
22,31.9384
22,31.9441
22,32.1163
22,32.5029
22,32.5253
22,32.6464
22,32.8797
22,32.8952
22,32.8987
22,32.9176
22,33.1155
22,33.3153
22,33.6628
22,33.7058
22,33.7714
22,33.8300
22,33.8614
22,34.1250
22,34.2910
22,34.4202
22,34.4881
22,34.5392
22,34.5606
22,34.6206
22,35.1095
22,35.1385
22,35.1518
22,35.1594
22,35.2019
22,35.6444
22,35.6655
22,35.6696
22,35.8157
22,35.8363
22,35.9552
22,35.9967
22,36.0207
22,36.1399
22,36.1650
22,36.2072
22,36.4357
22,36.6160
22,36.6184
22,36.6217
22,36.6419
22,36.9044
22,37.0445
22,37.0772
22,37.1325
22,37.2562
22,37.3746
22,37.3879
22,37.4538
22,37.5062
22,37.6057
22,37.6504
22,37.7160
22,37.9574
22,38.0177
22,38.1707
22,38.3039
22,38.3089
22,38.4602
22,38.6007
22,38.7158
22,38.9596
22,39.1624
22,39.3159
22,39.4780
22,39.4883
22,39.8599
22,39.9246
22,40.3340
22,40.8546
22,40.8592
22,40.8665
22,40.9790
22,41.1031
22,41.2965
22,41.5075
22,41.6189
22,41.6536
22,41.6589
22,41.6808
22,41.8349
22,42.0832
22,42.1542
22,42.1877
22,42.1914
22,42.2433
22,42.4119
22,42.4160
22,42.5186
22,42.5321
22,42.5863
22,42.6215
22,42.6415
22,42.6827
22,42.7572
22,42.7651
22,42.7869
22,42.8141
22,42.8177
22,42.8473
22,42.8820
22,42.9209
22,42.9211
22,43.0000
22,43.0888
22,43.1843
22,43.2207
22,43.3004
22,43.3715
22,43.3871
22,43.4283
22,43.4920
22,43.5404
22,43.5981
22,43.6545
22,43.6973
22,43.8365
22,43.9336
22,43.9401
22,43.9860
22,44.0468
22,44.3662
22,44.4415
22,44.5024
22,44.6844
22,44.7549
22,44.9376
22,45.0289
22,45.0865
22,45.4487
22,45.5571
22,45.6629
22,45.6694
22,45.6779
22,46.1064
22,46.1585
22,46.1714
22,46.1908
22,46.1995
22,46.4399
22,46.4937
22,46.5069
22,46.5360
22,46.5794
22,46.6996
22,46.7982
22,46.9922
22,47.0049
22,47.1656
22,47.2364
22,47.2711
22,47.2959
22,47.3000
22,47.3536
22,47.3790
22,47.4309
22,47.4342
22,47.5284
22,47.5517
22,47.5704
22,47.6242
22,47.9770
22,47.9868
22,48.0566
22,48.0824
22,48.0840
22,48.1357
22,48.1764
22,48.2233
22,48.8156
22,48.8470
22,48.8614
22,48.9259
22,48.9324
22,49.1918
22,49.3949
22,49.4511
22,49.5299
22,49.5736
22,49.6366
22,49.7228
22,49.8787
22,49.9384
22,49.9596
22,49.9696
22,50.0003
22,50.2503
22,50.3818
22,50.7050
22,50.8317
22,51.1531
22,51.2512
22,51.3314
22,52.1564
22,52.2543
22,52.4198
22,52.4320
22,52.5045
22,52.5310
22,52.5692
22,52.6258
22,52.6821
22,52.8258
22,53.0158
22,53.0614
22,53.0840
22,53.2877
22,53.3628
22,53.7613
22,53.9507
22,53.9972
22,54.2426
22,54.4404
22,54.4639
22,54.4711
22,54.5363
22,54.7185
22,54.7760
22,54.8318
22,54.8551
22,54.8579
22,54.8917
22,55.2545
22,55.2787
22,55.3116
22,55.4539
22,55.5410
22,55.5709
22,55.7114
22,55.8257
22,55.8532
22,56.0196
22,56.0601
22,56.2039
22,56.2212
22,56.2680
22,56.6238
22,56.7796
22,56.8123
22,56.8437
22,56.9870
22,57.0559
22,57.0579
22,57.0896
22,57.1213
22,57.1492
22,57.3968
22,57.5551
22,57.5626
22,57.6602
22,57.8966
22,57.9308
22,58.0239
22,58.5393
22,58.7275
22,58.7355
22,58.7704
22,59.0974
22,59.2680
22,59.2781
22,59.3012
22,59.4132
22,59.4453
22,59.6761
22,59.7256
22,59.9873
23,0.0158
23,0.0499
23,0.1241
23,0.1392
23,0.2122
23,0.3319
23,0.3628
23,0.4200
23,0.4786
23,0.5146
23,0.5269
23,0.7189
23,0.7347
23,0.7789
23,0.8414
23,0.8700
23,0.9183
23,0.9625
23,0.9840
23,1.0016
23,1.0068
23,1.0914
23,1.2852
23,1.3412
23,1.4181
23,1.4683
23,1.5012
23,1.5362
23,1.5406
23,1.5985
23,1.6157
23,1.7118
23,1.7548
23,1.7703
23,1.7861
23,1.7904
23,1.8417
23,1.8652
23,1.8675
23,1.8706
23,1.9179
23,1.9486
23,1.9666
23,1.9764
23,2.0100
23,2.0346
23,2.0529
23,2.0600
23,2.1732
23,2.3107
23,2.3406
23,2.3788
23,2.4132
23,2.4613
23,2.4635
23,2.5798
23,2.6394
23,2.6688
23,2.6984
23,2.7135
23,2.7388
23,2.8138
23,2.8520
23,2.8631
23,2.9273
23,3.0532
23,3.0541
23,3.0563
23,3.1563
23,3.1718
23,3.2091
23,3.2535
23,3.2811
23,3.3273
23,3.3469
23,3.4598
23,3.4662
23,3.5066
23,3.5689
23,3.6073
23,3.6329
23,3.6638
23,3.6739
23,3.7008
23,3.7364
23,3.8589
23,3.9050
23,3.9503
23,3.9577
23,4.1011
23,4.1136
23,4.1472
23,4.1578
23,4.1921
23,4.2294
23,4.3262
23,4.3727
23,4.3747
23,4.3764
23,4.5832
23,4.5967
23,4.6108
23,4.7185
23,4.7311
23,4.7334
23,4.8095
23,4.9178
23,4.9261
23,4.9496
23,5.0030
23,5.0219
23,5.0875
23,5.1159
23,5.1311
23,5.1770
23,5.4856
23,5.5312
23,5.5945
23,5.5981
23,5.6128
23,5.7272
23,5.7544
23,5.7650
23,5.7890
23,5.7913
23,5.8128
23,5.9014
23,6.0502
23,6.1041
23,6.2799
23,6.3446
23,6.3625
23,6.3650
23,6.4120
23,6.5175
23,6.5769
23,6.6002
23,6.6557
23,6.6811
23,6.7111
23,6.8098
23,6.8333
23,6.8551
23,6.9211
23,7.0439
23,7.0631
23,7.1030
23,7.1713
23,7.1953
23,7.2297
23,7.2574
23,7.2970
23,7.4413
23,7.4603
23,7.5502
23,7.6072
23,7.6487
23,7.7962
23,7.8823
23,7.9248
23,7.9343
23,7.9538
23,8.0197
23,8.0620
23,8.1573
23,8.3378
23,8.3731
23,8.4730
23,8.4770
23,8.4996
23,8.5863
23,8.5928
23,8.6182
23,8.6618
23,8.8827
23,8.9927
23,9.0234
23,9.0571
23,9.0599
23,9.0654
23,9.2626
23,9.2743
23,9.3440
23,9.3510
23,9.3613
23,9.3730
23,9.3831
23,9.3944
23,9.4220
23,9.5412
23,9.5594
23,9.5791
23,9.5905
23,9.6419
23,9.7034
23,9.8080
23,9.9066
23,10.0241
23,10.0265
23,10.1167
23,10.1186
23,10.1248
23,10.1747
23,10.1858
23,10.2031
23,10.2870
23,10.5023
23,10.5061
23,10.5066
23,10.5145
23,10.5287
23,10.6413
23,10.7093
23,10.7210
23,10.7448
23,11.1685
23,11.2641
23,11.2796
23,11.3009
23,11.3049
23,11.3771
23,11.3944
23,11.4756
23,11.4882
23,11.4886
23,11.5300
23,11.5590
23,11.6420
23,11.6629
23,11.7052
23,11.7568
23,11.7682
23,12.0102
23,12.1410
23,12.1537
23,12.1674
23,12.2720
23,12.2948
23,12.3006
23,12.3745
23,12.4406
23,12.4710
23,12.6746
23,12.6910
23,12.7549
23,12.8538
23,12.8756
23,12.8851
23,12.9921
23,13.0948
23,13.1111
23,13.1807
23,13.1810
23,13.2036
23,13.2317
23,13.3131
23,13.3185
23,13.3885
23,13.3927
23,13.4322
23,13.4436
23,13.4489
23,13.4878
23,13.5028
23,13.5612
23,13.5906
23,13.6146
23,13.6289
23,13.6648
23,13.6709
23,13.6709
23,13.6713
23,13.7363
23,13.8352
23,13.9052
23,13.9160
23,13.9185
23,13.9274
23,13.9504
23,14.0108
23,14.1316
23,14.2463
23,14.2870
23,14.2963
23,14.3202
23,14.3865
23,14.3933
23,14.4590
23,14.5366
23,14.6142
23,14.6394
23,14.7050
23,14.7327
23,14.9131
23,14.9851
23,15.0061
23,15.0979
23,15.1763
23,15.2091
23,15.2694
23,15.2870
23,15.3865
23,15.4420
23,15.4541
23,15.5093
23,15.5405
23,15.6408
23,15.6711
23,15.7006
23,15.8108
23,15.8199
23,15.8948
23,16.0272
23,16.0598
23,16.1220
23,16.1277
23,16.2055
23,16.2344
23,16.3846
23,16.4538
23,16.5074
23,16.6528
23,16.6972
23,16.7400
23,16.7919
23,16.8152
23,16.8285
23,16.8665
23,16.8942
23,16.8947
23,16.9511
23,16.9604
23,16.9939
23,17.0831
23,17.1729
23,17.1921
23,17.2063
23,17.2337
23,17.3042
23,17.3172
23,17.3351
23,17.3494
23,17.4373
23,17.4423
23,17.4514
23,17.4997
23,17.5886
23,17.7084
23,17.7179
23,17.7352
23,17.8995
23,17.9073
23,18.1650
23,18.1796
23,18.2782
23,18.3504
23,18.4688
23,18.4931
23,18.4995
23,18.6344
23,18.6357
23,18.6416
23,18.6567
23,18.7300
23,18.7552
23,18.7878
23,18.8060
23,18.8344
23,18.8504
23,18.9289
23,19.2203
23,19.2558
23,19.3483
23,19.3580
23,19.4049
23,19.4078
23,19.4097
23,19.5137
23,19.5911
23,19.6578
23,19.7203
23,19.7572
23,19.7926
23,19.7989
23,19.8058
23,19.8350
23,19.9585
23,20.0656
23,20.0873
23,20.1947
23,20.1979
23,20.3353
23,20.4068
23,20.4119
23,20.4815
23,20.5364
23,20.5496
23,20.5775
23,20.6316
23,20.6361
23,20.6478
23,20.7051
23,20.8547
23,20.8784
23,20.8884
23,20.8919
23,20.9822
23,21.0020
23,21.0406
23,21.0724
23,21.2183
23,21.2389
23,21.2968
23,21.3170
23,21.3282
23,21.3766
23,21.4770
23,21.4799
23,21.5024
23,21.5136
23,21.5426
23,21.6173
23,21.6244
23,21.6836
23,21.6925
23,21.7215
23,21.7745
23,21.8451
23,21.9013
23,21.9784
23,21.9955
23,22.0431
23,22.0550
23,22.0923
23,22.0942
23,22.1130
23,22.1458
23,22.2234
23,22.2248
23,22.2611
23,22.2674
23,22.2961
23,22.4446
23,22.5203
23,22.5539
23,22.6381
23,22.7137
23,22.7337
23,22.7478
23,22.8963
23,22.9025
23,22.9135
23,22.9316
23,23.0006
23,23.0328
23,23.2010
23,23.2453
23,23.4328
23,23.5064
23,23.5480
23,23.6758
23,23.7300
23,23.7394
23,23.7949
23,23.8519
23,23.8611
23,23.8894
23,23.9399
23,23.9884
23,24.0815
23,24.2670
23,24.3152
23,24.3655
23,24.4616
23,24.4645
23,24.4889
23,24.5193
23,24.7891
23,25.0179
23,25.0219
23,25.0367
23,25.0818
23,25.0828
23,25.1051
23,25.2880
23,25.3406
23,25.3731
23,25.4240
23,25.4973
23,25.5496
23,25.5687
23,25.6041
23,25.6563
23,25.6768
23,25.6791
23,25.7421
23,25.7602
23,25.7664
23,25.7718
23,25.8596
23,25.9238
23,25.9660
23,26.0595
23,26.1396
23,26.1877
23,26.1986
23,26.4210
23,26.5261
23,26.5899
23,26.6004
23,26.6202
23,26.6220
23,26.7728
23,26.8682
23,26.8735
23,26.9446
23,26.9956
23,27.0126
23,27.0609
23,27.1905
23,27.2366
23,27.2452
23,27.3493
23,27.3845
23,27.4218
23,27.5885
23,27.7295
23,27.7427
23,27.7473
23,27.7871
23,27.8023
23,28.0815
23,28.0981
23,28.1307
23,28.1365
23,28.2723
23,28.2880
23,28.3191
23,28.3597
23,28.3873
23,28.4462
23,28.4545
23,28.5456
23,28.5995
23,28.6199
23,28.6339
23,28.6839
23,28.8843
23,28.9180
23,28.9296
23,28.9346
23,28.9795
23,28.9934
23,29.1182
23,29.2541
23,29.2582
23,29.2929
23,29.3611
23,29.3770
23,29.4089
23,29.4530
23,29.6269
23,29.6547
23,29.6641
23,29.6648
23,29.7391
23,29.7436
23,29.7945
23,29.9007
23,29.9218
23,29.9862
23,30.0800
23,30.1349
23,30.1429
23,30.1813
23,30.3291
23,30.4648
23,30.5008
23,30.6114
23,30.6342
23,30.6889
23,30.7052
23,30.7275
23,30.7458
23,30.7898
23,30.8125
23,30.8435
23,30.8995
23,30.9004
23,30.9735
23,30.9877
23,31.0994
23,31.1885
23,31.1943
23,31.2067
23,31.2862
23,31.2960
23,31.2980
23,31.3246
23,31.3295
23,31.3416
23,31.3583
23,31.4227
23,31.4489
23,31.4612
23,31.5077
23,31.5292
23,31.6138
23,31.7174
23,31.7299
23,31.7343
23,31.7481
23,31.8090
23,31.8969
23,32.0018
23,32.1052
23,32.1330
23,32.1630
23,32.2593
23,32.2769
23,32.4085
23,32.4338
23,32.4441
23,32.5068
23,32.5362
23,32.5885
23,32.6050
23,32.6114
23,32.6767
23,32.7103
23,32.7492
23,32.7670
23,32.7827
23,32.8640
23,32.9626
23,32.9665
23,33.0100
23,33.0117
23,33.0243
23,33.0813
23,33.1228
23,33.1282
23,33.1489
23,33.1608
23,33.2166
23,33.3617
23,33.4099
23,33.4753
23,33.4780
23,33.5307
23,33.5568
23,33.5711
23,33.5745
23,33.5814
23,33.5879
23,33.6094
23,33.6121
23,33.7452
23,33.7942
23,33.8497
23,33.8583
23,33.8848
23,33.9042
23,33.9178
23,33.9435
23,34.0441
23,34.1373
23,34.3795
23,34.3825
23,34.4056
23,34.4180
23,34.4660
23,34.4901
23,34.5872
23,34.6846
23,34.7274
23,34.7369
23,34.7392
23,34.7455
23,34.8434
23,34.8925
23,34.9155
23,34.9562
23,34.9790
23,35.0138
23,35.0291
23,35.0533
23,35.0681
23,35.0721
23,35.0723
23,35.1058
23,35.1633
23,35.1694
23,35.2090
23,35.3679
23,35.3894
23,35.4075
23,35.4087
23,35.4435
23,35.4633
23,35.4667
23,35.6200
23,35.6988
23,35.7248
23,35.7696
23,35.8911
23,35.8963
23,35.9081
23,35.9773
23,35.9985
23,36.0382
23,36.0734
23,36.0898
23,36.0973
23,36.1373
23,36.1405
23,36.2459
23,36.2519
23,36.2679
23,36.3047
23,36.3201
23,36.3324
23,36.3391
23,36.3422
23,36.3460
23,36.4119
23,36.4319
23,36.4796
23,36.6126
23,36.7135
23,36.7209
23,36.8700
23,36.9184
23,37.0805
23,37.1729
23,37.2373
23,37.4463
23,37.5425
23,37.5539
23,37.6973
23,37.7930
23,37.7981
23,37.8054
23,37.8934
23,37.9014
23,37.9467
23,37.9501
23,37.9510
23,38.0202
23,38.0530
23,38.0809
23,38.0900
23,38.1205
23,38.1303
23,38.2631
23,38.2697
23,38.3094
23,38.3606
23,38.3960
23,38.3983
23,38.4633
23,38.4648
23,38.5894
23,38.6159
23,38.6646
23,38.6901
23,38.7040
23,38.7753
23,38.7996
23,38.8323
23,38.9552
23,38.9626
23,39.1605
23,39.1918
23,39.2054
23,39.2806
23,39.3985
23,39.4091
23,39.4169
23,39.5841
23,39.6029
23,39.6674
23,39.7437
23,39.7438
23,39.8170
23,39.8248
23,39.8610
23,39.8886
23,39.9469
23,39.9933
23,40.2016
23,40.2398
23,40.3425
23,40.3633
23,40.4015
23,40.4128
23,40.4155
23,40.4351
23,40.4753
23,40.5923
23,40.6203
23,40.6241
23,40.6278
23,40.6411
23,40.6643
23,40.6931
23,40.6935
23,40.7297
23,40.8695
23,40.9323
23,40.9567
23,40.9800
23,40.9984
23,41.0325
23,41.0402
23,41.0584
23,41.1980
23,41.2386
23,41.2419
23,41.2425
23,41.2540
23,41.2690
23,41.2731
23,41.2792
23,41.2916
23,41.2963
23,41.3113
23,41.3485
23,41.4083
23,41.4234
23,41.4642
23,41.5080
23,41.5197
23,41.6067
23,41.6565
23,41.6697
23,41.7387
23,41.8114
23,41.8181
23,41.8208
23,41.8658
23,42.0278
23,42.0972
23,42.1902
23,42.3084
23,42.3121
23,42.3364
23,42.3575
23,42.3998
23,42.4245
23,42.4265
23,42.4371
23,42.4429
23,42.5221
23,42.5442
23,42.5682
23,42.6025
23,42.6540
23,42.7310
23,42.7547
23,42.8576
23,42.8744
23,42.8981
23,42.9173
23,42.9188
23,42.9901
23,43.0258
23,43.0259
23,43.1743
23,43.2004
23,43.2211
23,43.2344
23,43.2881
23,43.3431
23,43.3709
23,43.4157
23,43.4386
23,43.4472
23,43.4848
23,43.5546
23,43.5898
23,43.6059
23,43.6287
23,43.6680
23,43.9285
23,43.9305
23,43.9489
23,43.9651
23,44.0004
23,44.0256
23,44.0598
23,44.1037
23,44.1662
23,44.2564
23,44.4264
23,44.4518
23,44.4542
23,44.4866
23,44.5372
23,44.5410
23,44.5449
23,44.6419
23,44.6523
23,44.6850
23,44.6910
23,44.7318
23,44.7579
23,44.8968
23,44.9410
23,45.0080
23,45.1154
23,45.1232
23,45.1498
23,45.2970
23,45.3580
23,45.4017
23,45.4435
23,45.5390
23,45.5533
23,45.6025
23,45.6823
23,45.7036
23,45.7994
23,45.9733
23,46.0091
23,46.0186
23,46.0639
23,46.0835
23,46.1313
23,46.2032
23,46.4659
23,46.4713
23,46.5659
23,46.6126
23,46.7173
23,46.7701
23,46.8296
23,46.8534
23,46.9290
23,47.0055
23,47.0288
23,47.0920
23,47.1478
23,47.2042
23,47.2384
23,47.2428
23,47.2573
23,47.4503
23,47.4850
23,47.6373
23,47.6729
23,47.7216
23,47.7471
23,47.7884
23,47.9091
23,47.9674
23,48.0301
23,48.1072
23,48.1159
23,48.1174
23,48.1655
23,48.2758
23,48.2923
23,48.5128
23,48.5322
23,48.5365
23,48.5478
23,48.6844
23,48.6968
23,48.6985
23,48.7102
23,48.7241
23,48.7769
23,48.8031
23,48.9426
23,49.0566
23,49.0869
23,49.1764
23,49.2796
23,49.3143
23,49.3172
23,49.3475
23,49.3494
23,49.5164
23,49.5469
23,49.5970
23,49.6938
23,49.7667
23,49.7670
23,49.8107
23,49.8357
23,50.0258
23,50.0995
23,50.1017
23,50.1398
23,50.1623
23,50.2081
23,50.2137
23,50.2389
23,50.2666
23,50.3673
23,50.3845
23,50.4048
23,50.4717
23,50.6125
23,50.6412
23,50.7022
23,50.7182
23,50.7407
23,50.8384
23,50.8753
23,50.8900
23,50.9152
23,50.9795
23,50.9796
23,51.0054
23,51.1569
23,51.2306
23,51.3196
23,51.3210
23,51.3618
23,51.4740
23,51.5359
23,51.5415
23,51.6619
23,51.7095
23,51.7157
23,51.8752
23,52.2219
23,52.2314
23,52.2758
23,52.3033
23,52.3329
23,52.4504
23,52.4890
23,52.4945
23,52.5514
23,52.5780
23,52.6323
23,52.6562
23,52.8125
23,52.8486
23,52.8626
23,52.9600
23,53.0027
23,53.0463
23,53.1275
23,53.1487
23,53.2201
23,53.2356
23,53.2751
23,53.2808
23,53.2885
23,53.3613
23,53.4382
23,53.5314
23,53.5340
23,53.5385
23,53.5861
23,53.6497
23,53.6519
23,53.6999
23,53.9107
23,54.0774
23,54.1082
23,54.1395
23,54.1727
23,54.1967
23,54.1987
23,54.2109
23,54.2203
23,54.3652
23,54.3975
23,54.4539
23,54.5197
23,54.5285
23,54.6004
23,54.6087
23,54.6383
23,54.6516
23,54.6769
23,54.7326
23,54.8124
23,54.8298
23,54.8345
23,54.9326
23,54.9342
23,54.9375
23,54.9833
23,55.0180
23,55.1065
23,55.1068
23,55.1280
23,55.1726
23,55.1890
23,55.1926
23,55.2804
23,55.5262
23,55.5748
23,55.6235
23,55.6685
23,55.6945
23,55.7876
23,55.9758
23,56.0125
23,56.0340
23,56.0547
23,56.0632
23,56.0780
23,56.0909
23,56.1607
23,56.1873
23,56.1889
23,56.1997
23,56.2290
23,56.2462
23,56.2472
23,56.3315
23,56.3361
23,56.4606
23,56.5033
23,56.5130
23,56.7545
23,56.8108
23,56.9326
23,57.0642
23,57.0778
23,57.1009
23,57.1366
23,57.2210
23,57.2432
23,57.3029
23,57.3211
23,57.3238
23,57.3261
23,57.3490
23,57.3770
23,57.4329
23,57.4938
23,57.5011
23,57.5280
23,57.5501
23,57.5526
23,57.5595
23,57.7367
23,57.7403
23,57.8419
23,57.9580
23,58.3030
23,58.3051
23,58.3225
23,58.3371
23,58.4098
23,58.4730
23,58.5157
23,58.5557
23,58.5691
23,58.6977
23,58.7595
23,58.7630
23,58.7715
23,58.7987
23,58.9970
23,59.2006
23,59.2126
23,59.3919
23,59.4062
23,59.4364
23,59.5329
23,59.5694
23,59.5870
23,59.8276
23,59.8635
23,59.9642
23,59.9985
24,0.0488
24,0.1197
24,0.1539
24,0.1986
24,0.3326
24,0.4168
24,0.5795
24,0.5888
24,0.7242
24,0.7386
24,0.7402
24,0.8335
24,0.8549
24,0.8664
24,0.8949
24,0.9138
24,1.0682
24,1.0758
24,1.0814
24,1.1094
24,1.1265
24,1.1511
24,1.1604
24,1.2641
24,1.3062
24,1.3144
24,1.3886
24,1.4200
24,1.5024
24,1.5187
24,1.5671
24,1.5688
24,1.8834
24,1.9465
24,2.2405
24,2.2869
24,2.2871
24,2.3870
24,2.4774
24,2.4877
24,2.5210
24,2.5687
24,2.6773
24,2.7864
24,2.8150
24,2.8181
24,2.8515
24,2.8834
24,2.9058
24,3.0673
24,3.2564
24,3.3395
24,3.3401
24,3.3403
24,3.4761
24,3.6068
24,3.6176
24,3.6190
24,3.7523
24,3.8935
24,3.9324
24,3.9544
24,4.0937
24,4.0955
24,4.1632
24,4.1897
24,4.2011
24,4.2462
24,4.2528
24,4.2732
24,4.3802
24,4.4738
24,4.5270
24,4.5365
24,4.5980
24,4.6328
24,4.6673
24,4.7076
24,4.7436
24,4.7561
24,4.7604
24,4.7805
24,4.8045
24,4.8200
24,4.8221
24,4.8752
24,4.9235
24,4.9263
24,4.9849
24,5.0514
24,5.0655
24,5.0747
24,5.1316
24,5.1874
24,5.1965
24,5.2246
24,5.2838
24,5.3708
24,5.3972
24,5.4652
24,5.5881
24,5.6089
24,5.6395
24,5.6763
24,5.7504
24,5.7605
24,5.8133
24,5.9074
24,5.9176
24,5.9501
24,5.9764
24,6.0265
24,6.1047
24,6.1150
24,6.3668
24,6.3769
24,6.4427
24,6.4707
24,6.4945
24,6.4990
24,6.6162
24,6.6445
24,6.7143
24,6.7363
24,6.7418
24,6.8730
24,6.8958
24,6.9394
24,7.0019
24,7.3293
24,7.4077
24,7.4412
24,7.4741
24,7.5504
24,7.5531
24,7.6018
24,7.6559
24,7.6727
24,7.7598
24,7.8876
24,7.9412
24,7.9498
24,7.9978
24,8.0145
24,8.1754
24,8.1807
24,8.4531
24,8.4573
24,8.5338
24,8.5655
24,8.6422
24,8.6509
24,8.7411
24,8.7570
24,8.7867
24,8.8577
24,8.9188
24,8.9580
24,8.9637
24,9.0058
24,9.1093
24,9.1218
24,9.1442
24,9.1952
24,9.1954
24,9.2573
24,9.3883
24,9.3953
24,9.4150
24,9.4151
24,9.4156
24,9.4244
24,9.4390
24,9.4640
24,9.5507
24,9.5540
24,9.7779
24,9.9915
24,10.0105
24,10.0557
24,10.0672
24,10.1969
24,10.2515
24,10.2589
24,10.2598
24,10.2929
24,10.3974
24,10.4061
24,10.4328
24,10.4677
24,10.5750
24,10.5938
24,10.6069
24,10.6690
24,10.7289
24,10.7847
24,10.8087
24,10.8106
24,10.8416
24,10.9122
24,10.9975
24,11.0103
24,11.1480
24,11.2077
24,11.2869
24,11.3208
24,11.4480
24,11.4832
24,11.7119
24,11.7623
24,11.9294
24,11.9462
24,11.9795
24,12.0028
24,12.0030
24,12.0624
24,12.0703
24,12.0738
24,12.1721
24,12.3614
24,12.5715
24,12.6327
24,12.6338
24,12.6504
24,12.7366
24,12.7568
24,12.8249
24,13.0046
24,13.0259
24,13.0444
24,13.0531
24,13.1007
24,13.1407
24,13.2532
24,13.3193
24,13.3974
24,13.4202
24,13.5460
24,13.6402
24,13.7437
24,13.9139
24,13.9980
24,14.0924
24,14.2225
24,14.3176
24,14.4001
24,14.4409
24,14.4509
24,14.4634
24,14.4690
24,14.5533
24,14.5740
24,14.6895
24,14.7059
24,14.7094
24,14.7616
24,14.8420
24,14.8646
24,14.9110
24,14.9122
24,14.9186
24,14.9384
24,14.9908
24,14.9920
24,14.9927
24,15.1131
24,15.1910
24,15.2089
24,15.2443
24,15.3338
24,15.4745
24,15.5032
24,15.6114
24,15.6189
24,15.6403
24,15.7125
24,15.7875
24,15.8521
24,16.1916
24,16.2264
24,16.2296
24,16.2365
24,16.3495
24,16.4569
24,16.5251
24,16.5282
24,16.6274
24,16.6980
24,16.7400
24,16.8419
24,16.8551
24,16.9511
24,16.9826
24,16.9893
24,17.1150
24,17.1587
24,17.2019
24,17.2128
24,17.2530
24,17.2800
24,17.3348
24,17.4795
24,17.5087
24,17.5681
24,17.6638
24,17.6773
24,17.6882
24,17.8166
24,18.1937
24,18.3072
24,18.3723
24,18.3727
24,18.3985
24,18.4061
24,18.5378
24,18.6076
24,18.7549
24,18.7694
24,18.8216
24,18.8537
24,18.8605
24,18.9083
24,19.0059
24,19.0649
24,19.2133
24,19.2619
24,19.2778
24,19.2850
24,19.3437
24,19.3582
24,19.4946
24,19.6570
24,19.7289
24,19.7752
24,19.7765
24,19.7775
24,19.8704
24,19.9200
24,20.0062
24,20.0085
24,20.0183
24,20.1240
24,20.1696
24,20.2298
24,20.3222
24,20.3418
24,20.3582
24,20.3972
24,20.3999
24,20.6004
24,20.6473
24,20.6503
24,20.6699
24,20.7423
24,20.8018
24,20.8515
24,21.0765
24,21.0794
24,21.1735
24,21.1768
24,21.1944
24,21.2323
24,21.2752
24,21.3405
24,21.3718
24,21.3781
24,21.4409
24,21.4745
24,21.5438
24,21.6127
24,21.6353
24,21.7032
24,21.7363
24,21.8831
24,21.9344
24,21.9599
24,21.9739
24,21.9781
24,21.9923
24,22.0029
24,22.0396
24,22.0417
24,22.0420
24,22.0543
24,22.1154
24,22.2269
24,22.2438
24,22.2590
24,22.3111
24,22.3500
24,22.4985
24,22.5489
24,22.5854
24,22.6457
24,22.6673
24,22.7490
24,22.8511
24,22.8541
24,22.9130
24,23.0043
24,23.0117
24,23.0215
24,23.0819
24,23.1471
24,23.1956
24,23.3268
24,23.3280
24,23.3597
24,23.3806
24,23.4075
24,23.4663
24,23.4959
24,23.5847
24,23.6408
24,23.6521
24,23.6592
24,23.6741
24,23.6840
24,23.7122
24,23.7315
24,23.7567
24,23.8039
24,23.8101
24,23.8190
24,23.8331
24,23.9591
24,23.9825
24,24.0128
24,24.1827
24,24.2034
24,24.2407
24,24.3573
24,24.4670
24,24.6188
24,24.6374
24,24.6586
24,24.6689
24,24.6962
24,24.7430
24,24.8356
24,25.0024
24,25.0527
24,25.0644
24,25.1893
24,25.2334
24,25.2352
24,25.3237
24,25.3806
24,25.4602
24,25.4621
24,25.5035
24,25.5620
24,25.5932
24,25.5939
24,25.6754
24,25.6957
24,25.7880
24,25.8812
24,25.9008
24,25.9340
24,26.0683
24,26.1273
24,26.1828
24,26.1914
24,26.2298
24,26.3312
24,26.3407
24,26.3552
24,26.3922
24,26.4237
24,26.4275
24,26.6107
24,26.6240
24,26.6780
24,26.7270
24,26.7775
24,26.9425
24,27.1727
24,27.2435
24,27.2555
24,27.3444
24,27.3577
24,27.3975
24,27.4203
24,27.4260
24,27.4528
24,27.4595
24,27.4598
24,27.4641
24,27.5053
24,27.5322
24,27.5447
24,27.6753
24,27.6789
24,27.8130
24,27.9505
24,27.9835
24,27.9859
24,28.1268
24,28.2532
24,28.2701
24,28.2849
24,28.3157
24,28.3184
24,28.3278
24,28.4911
24,28.5227
24,28.5733
24,28.6050
24,28.6095
24,28.6431
24,28.6480
24,28.7097
24,28.9372
24,28.9590
24,28.9683
24,29.0177
24,29.1530
24,29.1766
24,29.3081
24,29.3109
24,29.5900
24,29.6231
24,29.6831
24,29.7647
24,29.7872
24,29.8343
24,29.9083
24,29.9534
24,30.0168
24,30.0449
24,30.0879
24,30.1040
24,30.1135
24,30.2882
24,30.3968
24,30.5755
24,30.5792
24,30.7960
24,30.8264
24,31.0332
24,31.0504
24,31.0519
24,31.0981
24,31.2142
24,31.2645
24,31.2748
24,31.2892
24,31.2993
24,31.4015
24,31.4499
24,31.4514
24,31.4764
24,31.5442
24,31.5739
24,31.6408
24,31.6919
24,31.7130
24,31.7255
24,31.7959
24,31.8693
24,32.1278
24,32.1478
24,32.3752
24,32.3996
24,32.4542
24,32.4552
24,32.6314
24,32.6355
24,32.6455
24,32.7026
24,32.7608
24,32.8644
24,32.9019
24,32.9439
24,33.2458
24,33.2816
24,33.3410
24,33.4721
24,33.6023
24,33.6429
24,33.6924
24,33.7183
24,33.7498
24,33.9258
24,33.9757
24,34.0711
24,34.0746
24,34.0849
24,34.1011
24,34.1350
24,34.1409
24,34.1474
24,34.1926
24,34.2457
24,34.3296
24,34.4900
24,34.5427
24,34.6182
24,34.7716
24,34.7934
24,34.8541
24,34.8943
24,34.9017
24,34.9140
24,34.9303
24,34.9428
24,35.1277
24,35.1392
24,35.2124
24,35.2194
24,35.3564
24,35.4968
24,35.6921
24,35.7690
24,35.8121
24,35.9459
24,36.0619
24,36.1046
24,36.1500
24,36.2173
24,36.2251
24,36.2347
24,36.2498
24,36.2550
24,36.3500
24,36.4339
24,36.4473
24,36.4620
24,36.6132
24,36.6828
24,36.6875
24,36.7119
24,36.7710
24,36.8554
24,36.8971
24,36.9126
24,36.9234
24,36.9738
24,37.1334
24,37.1767
24,37.2416
24,37.2450
24,37.2955
24,37.3286
24,37.3335
24,37.3545
24,37.4055
24,37.5822
24,37.5931
24,37.6307
24,37.6544
24,37.6770
24,37.7388
24,38.0080
24,38.0554
24,38.1415
24,38.1587
24,38.1770
24,38.1809
24,38.2064
24,38.5119
24,38.6282
24,38.6969
24,38.7061
24,38.7461
24,38.8340
24,38.8755
24,38.9005
24,38.9876
24,39.0962
24,39.1393
24,39.1490
24,39.2556
24,39.2872
24,39.3583
24,39.4515
24,39.4716
24,39.5122
24,39.5189
24,39.5650
24,39.5963
24,39.7345
24,39.9533
24,39.9690
24,40.0173
24,40.1199
24,40.1566
24,40.3336
24,40.4230
24,40.4531
24,40.4932
24,40.5074
24,40.5088
24,40.5329
24,40.6254
24,40.6527
24,40.6923
24,40.7030
24,40.7065
24,40.8007
24,40.8268
24,40.8521
24,40.8636
24,40.8654
24,40.9075
24,41.0275
24,41.0761
24,41.1592
24,41.2547
24,41.2716
24,41.3199
24,41.3514
24,41.4681
24,41.5985
24,41.6827
24,41.8342
24,41.8609
24,41.9052
24,41.9303
24,42.0251
24,42.0267
24,42.0358
24,42.1018
24,42.1182
24,42.1269
24,42.2938
24,42.3491
24,42.3494
24,42.4550
24,42.5169
24,42.5226
24,42.5920
24,42.6152
24,42.6615
24,42.7241
24,42.7392
24,42.8161
24,42.8345
24,42.8921
24,42.9629
24,42.9724
24,43.0030
24,43.0041
24,43.0607
24,43.0773
24,43.1841
24,43.2670
24,43.2773
24,43.4067
24,43.4411
24,43.4469
24,43.4503
24,43.5121
24,43.5657
24,43.5736
24,43.5972
24,43.6028
24,43.6128
24,43.7242
24,43.8271
24,43.9536
24,44.0278
24,44.0490
24,44.0633
24,44.0738
24,44.1861
24,44.1942
24,44.2353
24,44.2572
24,44.2623
24,44.3573
24,44.4134
24,44.5460
24,44.5978
24,44.7335
24,44.7638
24,44.7783
24,44.7999
24,44.8166
24,44.9730
24,45.0246
24,45.0740
24,45.1594
24,45.1683
24,45.1880
24,45.1951
24,45.2188
24,45.2217
24,45.4061
24,45.4578
24,45.5431
24,45.8506
24,45.8679
24,45.8847
24,45.9217
24,45.9661
24,45.9908
24,46.0101
24,46.0136
24,46.0579
24,46.1858
24,46.1959
24,46.2898
24,46.3498
24,46.3511
24,46.4080
24,46.6329
24,46.7398
24,46.7528
24,46.8043
24,46.8332
24,46.8354
24,46.8718
24,46.9531
24,47.0501
24,47.0715
24,47.0835
24,47.0954
24,47.2650
24,47.3398
24,47.4716
24,47.4855
24,47.5164
24,47.5210
24,47.5232
24,47.6088
24,47.6096
24,47.6212
24,47.6276
24,47.6573
24,47.7144
24,47.8877
24,47.8988
24,47.9441
24,47.9602
24,48.0351
24,48.0459
24,48.0466
24,48.0592
24,48.0805
24,48.0857
24,48.1037
24,48.2396
24,48.2641
24,48.3066
24,48.3303
24,48.3333
24,48.3653
24,48.3894
24,48.6216
24,48.6948
24,48.7032
24,48.7087
24,48.7228
24,48.7756
24,48.7819
24,48.8072
24,48.8285
24,48.8531
24,48.8666
24,48.8777
24,48.9068
24,48.9073
24,48.9741
24,48.9876
24,49.0101
24,49.0590
24,49.0692
24,49.1203
24,49.1294
24,49.3056
24,49.3518
24,49.4182
24,49.4794
24,49.5211
24,49.6107
24,49.6113
24,49.6651
24,49.7788
24,49.8990
24,49.9538
24,49.9754
24,50.0031
24,50.0269
24,50.1131
24,50.1198
24,50.2021
24,50.2224
24,50.2653
24,50.2854
24,50.3560
24,50.4742
24,50.5139
24,50.6075
24,50.6291
24,50.6600
24,50.6932
24,50.7218
24,50.7879
24,50.8561
24,50.9027
24,51.0339
24,51.1276
24,51.1333
24,51.2147
24,51.2457
24,51.3533
24,51.3536
24,51.3663
24,51.4234
24,51.4676
24,51.5317
24,51.5688
24,51.6727
24,51.6775
24,51.8099
24,51.9537
24,51.9847
24,52.0011
24,52.2197
24,52.2661
24,52.3832
24,52.3902
24,52.3945
24,52.4013
24,52.5788
24,52.6987
24,52.8076
24,52.8690
24,52.8933
24,52.9485
24,52.9862
24,53.0941
24,53.1091
24,53.1335
24,53.1518
24,53.1724
24,53.1726
24,53.1910
24,53.2219
24,53.3267
24,53.3789
24,53.4038
24,53.4991
24,53.5387
24,53.5823
24,53.6553
24,53.6926
24,53.7335
24,53.7616
24,53.7917
24,53.8134
24,53.8388
24,53.8618
24,53.9133
24,53.9615
24,53.9822
24,54.0573
24,54.1319
24,54.1600
24,54.1870
24,54.2319
24,54.3595
24,54.4121
24,54.4131
24,54.4398
24,54.5467
24,54.5922
24,54.6193
24,54.6210
24,54.6214
24,54.6778
24,54.7159
24,54.7409
24,54.7789
24,54.7957
24,54.8207
24,54.8967
24,55.0277
24,55.0717
24,55.3006
24,55.4289
24,55.4290
24,55.4381
24,55.4701
24,55.5220
24,55.5880
24,55.6303
24,55.6655
24,55.6739
24,55.6773
24,55.6948
24,55.7468
24,55.7545
24,55.7744
24,55.9049
24,55.9387
24,55.9521
24,55.9731
24,56.0574
24,56.1474
24,56.1758
24,56.1973
24,56.2679
24,56.3124
24,56.4027
24,56.4612
24,56.4874
24,56.6353
24,56.6450
24,56.6545
24,56.7045
24,56.7132
24,56.7921
24,56.9168
24,56.9385
24,56.9624
24,56.9736
24,56.9840
24,57.0304
24,57.0330
24,57.2067
24,57.2351
24,57.3065
24,57.3289
24,57.4290
24,57.6017
24,57.6637
24,57.6788
24,57.8041
24,57.8462
24,57.8659
24,57.9415
24,57.9541
24,57.9550
24,58.0046
24,58.1764
24,58.2050
24,58.2547
24,58.2959
24,58.3002
24,58.3282
24,58.3653
24,58.4560
24,58.5057
24,58.5564
24,58.6313
24,58.6879
24,58.6937
24,58.7326
24,58.7416
24,58.7495
24,58.8021
24,58.8045
24,58.8178
24,58.8571
24,58.8693
24,58.9850
24,59.0042
24,59.0516
24,59.1471
24,59.1752
24,59.2949
24,59.3170
24,59.3230
24,59.3397
24,59.3558
24,59.3618
24,59.4406
24,59.4675
24,59.5070
24,59.5588
24,59.6130
24,59.7257
24,59.8385
24,59.9631
24,59.9873
25,0.0735
25,0.1348
25,0.1364
25,0.1859
25,0.1895
25,0.3697
25,0.3746
25,0.5313
25,0.5386
25,0.5572
25,0.5712
25,0.5967
25,0.7214
25,0.7420
25,0.7861
25,0.8036
25,0.8126
25,0.8488
25,0.9342
25,0.9483
25,0.9703
25,0.9849
25,1.0497
25,1.0810
25,1.0998
25,1.4532
25,1.5476
25,1.5737
25,1.6678
25,1.9003
25,1.9044
25,1.9428
25,1.9661
25,2.0343
25,2.1935
25,2.2601
25,2.3556
25,2.4198
25,2.5096
25,2.5684
25,2.5772
25,2.6302
25,2.6313
25,2.6328
25,2.7439
25,2.7446
25,2.7577
25,2.7599
25,2.8423
25,2.8531
25,2.8757
25,2.9062
25,2.9246
25,2.9383
25,2.9528
25,3.0516
25,3.1337
25,3.2356
25,3.3228
25,3.3303
25,3.5171
25,3.5237
25,3.5984
25,3.6041
25,3.6520
25,3.6566
25,3.7255
25,3.8015
25,3.8123
25,3.8130
25,3.8169
25,3.8500
25,3.8896
25,3.9035
25,3.9871
25,4.0069
25,4.1654
25,4.1872
25,4.2075
25,4.2580
25,4.4548
25,4.4662
25,4.5497
25,4.5582
25,4.5803
25,4.6035
25,4.7102
25,4.7556
25,4.7569
25,4.8458
25,4.8782
25,5.0206
25,5.0340
25,5.0553
25,5.0903
25,5.1422
25,5.1667
25,5.3408
25,5.3473
25,5.3563
25,5.3563
25,5.4283
25,5.4678
25,5.6420
25,5.7881
25,5.7951
25,5.8485
25,6.2051
25,6.2277
25,6.3038
25,6.3429
25,6.4646
25,6.4647
25,6.4800
25,6.5068
25,6.6989
25,6.7001
25,6.7970
25,6.7972
25,6.8976
25,6.9010
25,6.9209
25,6.9767
25,6.9870
25,6.9958
25,7.0814
25,7.1275
25,7.1777
25,7.2342
25,7.3121
25,7.3662
25,7.4454
25,7.6150
25,7.7013
25,7.7264
25,7.7438
25,7.8705
25,7.9005
25,8.0224
25,8.0271
25,8.0919
25,8.1228
25,8.1373
25,8.2003
25,8.2108
25,8.2417
25,8.2679
25,8.4120
25,8.4888
25,8.6208
25,8.7047
25,8.7154
25,8.7534
25,8.7583
25,8.7646
25,8.7789
25,8.8213
25,8.8645
25,8.9399
25,8.9545
25,8.9953
25,9.0868
25,9.1298
25,9.2101
25,9.2713
25,9.3233
25,9.3701
25,9.4951
25,9.5223
25,9.6288
25,9.6907
25,9.7655
25,9.7832
25,9.8855
25,9.9316
25,9.9554
25,9.9621
25,10.0056
25,10.0684
25,10.0715
25,10.0866
25,10.1286
25,10.1814
25,10.1996
25,10.2605
25,10.2963
25,10.3534
25,10.3941
25,10.3973
25,10.5253
25,10.6449
25,10.6714
25,10.8276
25,10.9052
25,11.0292
25,11.1092
25,11.1434
25,11.1931
25,11.2190
25,11.2263
25,11.2528
25,11.3161
25,11.3847
25,11.4162
25,11.4193
25,11.4444
25,11.5790
25,11.6401
25,11.6747
25,11.6842
25,11.6958
25,11.8711
25,11.9079
25,11.9752
25,12.1303
25,12.2010
25,12.2333
25,12.2481
25,12.2589
25,12.2923
25,12.3835
25,12.4145
25,12.4235
25,12.5246
25,12.5285
25,12.5803
25,12.6547
25,12.6675
25,12.6727
25,12.7708
25,12.9306
25,13.1994
25,13.2671
25,13.2754
25,13.3278
25,13.5552
25,13.6146
25,13.6152
25,13.6292
25,13.6395
25,13.6768
25,13.7021
25,14.1374
25,14.1562
25,14.2581
25,14.2785
25,14.2836
25,14.3143
25,14.3451
25,14.3771
25,14.4915
25,14.5543
25,14.6128
25,14.6487
25,14.6896
25,14.6898
25,14.7011
25,14.7093
25,14.7441
25,14.8114
25,14.9046
25,15.0718
25,15.1721
25,15.1781
25,15.2745
25,15.3636
25,15.3723
25,15.4454
25,15.5110
25,15.5812
25,15.5844
25,15.6147
25,15.6796
25,15.6917
25,15.6998
25,15.7005
25,15.7795
25,15.8460
25,15.8560
25,15.9012
25,15.9270
25,15.9648
25,16.0800
25,16.0907
25,16.1121
25,16.1254
25,16.1260
25,16.4872
25,16.5349
25,16.5509
25,16.5626
25,16.6397
25,16.7163
25,16.8615
25,17.1347
25,17.1600
25,17.1904
25,17.2648
25,17.3234
25,17.4479
25,17.5231
25,17.5491
25,17.6012
25,17.6495
25,17.7591
25,17.7638
25,17.8136
25,17.8896
25,17.9320
25,17.9972
25,18.0147
25,18.1189
25,18.1261
25,18.2544
25,18.2891
25,18.3192
25,18.3389
25,18.4602
25,18.6087
25,18.6529
25,18.6768
25,18.8161
25,18.8190
25,18.8264
25,18.8714
25,18.9202
25,19.0309
25,19.0549
25,19.1733
25,19.2240
25,19.2553
25,19.2855
25,19.2930
25,19.3400
25,19.4955
25,19.4969
25,19.5208
25,19.5793
25,19.6277
25,19.7232
25,19.7802
25,19.8267
25,19.9151
25,19.9647
25,19.9759
25,20.0320
25,20.0835
25,20.2154
25,20.2293
25,20.3411
25,20.4623
25,20.4776
25,20.4971
25,20.5060
25,20.6623
25,20.7220
25,20.7843
25,20.8181
25,20.8274
25,20.9155
25,21.0645
25,21.0820
25,21.2366
25,21.2630
25,21.2701
25,21.2850
25,21.3524
25,21.4910
25,21.5143
25,21.5519
25,21.5631
25,21.6790
25,21.7861
25,21.7977
25,21.8794
25,22.0438
25,22.1534
25,22.2032
25,22.2590
25,22.2884
25,22.3713
25,22.4897
25,22.5676
25,22.5945
25,22.6050
25,22.6155
25,22.8267
25,22.9399
25,22.9607
25,22.9689
25,23.0029
25,23.0417
25,23.0999
25,23.1113
25,23.2335
25,23.3023
25,23.3860
25,23.5065
25,23.5977
25,23.6181
25,23.6197
25,23.6252
25,23.7515
25,23.7668
25,23.7902
25,23.7933
25,23.8725
25,23.8754
25,23.9002
25,23.9303
25,23.9694
25,24.0267
25,24.0447
25,24.1403
25,24.1755
25,24.1936
25,24.2223
25,24.3677
25,24.5598
25,24.6537
25,24.9087
25,24.9121
25,24.9183
25,24.9343
25,24.9530
25,25.0776
25,25.0975
25,25.1844
25,25.2018
25,25.2041
25,25.2085
25,25.2199
25,25.2467
25,25.2955
25,25.3343
25,25.3581
25,25.4127
25,25.4325
25,25.5207
25,25.5231
25,25.5296
25,25.5758
25,25.6023
25,25.6464
25,25.8337
25,26.0489
25,26.0633
25,26.1131
25,26.1337
25,26.2508
25,26.2522
25,26.3293
25,26.4452
25,26.4781
25,26.5571
25,26.5681
25,26.6878
25,26.7989
25,26.8053
25,26.8172
25,26.8850
25,27.0318
25,27.0365
25,27.0626
25,27.1392
25,27.1642
25,27.1939
25,27.2531
25,27.2614
25,27.2719
25,27.3097
25,27.3184
25,27.3374
25,27.3525
25,27.3953
25,27.4466
25,27.4834
25,27.5014
25,27.5606
25,27.6353
25,27.6537
25,27.6676
25,27.7569
25,27.7614
25,27.7673
25,27.8080
25,27.9364
25,28.0213
25,28.1064
25,28.1464
25,28.2057
25,28.2566
25,28.3051
25,28.4815
25,28.6177
25,28.6267
25,28.6747
25,28.7715
25,28.7779
25,28.8114
25,28.8596
25,28.8627
25,28.8727
25,28.9143
25,28.9395
25,28.9978
25,29.0318
25,29.2234
25,29.2721
25,29.2846
25,29.3507
25,29.3607
25,29.4021
25,29.4818
25,29.4975
25,29.5685
25,29.5862
25,29.6122
25,29.8326
25,29.8620
25,29.9319
25,29.9484
25,29.9673
25,30.0135
25,30.0312
25,30.0351
25,30.0473
25,30.1354
25,30.2010
25,30.2497
25,30.2997
25,30.3357
25,30.5316
25,30.5685
25,30.6750
25,30.7140
25,30.7957
25,30.8465
25,30.9332
25,31.0451
25,31.0866
25,31.1394
25,31.1575
25,31.1841
25,31.5809
25,31.6420
25,31.6435
25,31.6460
25,31.7254
25,31.7376
25,31.7746
25,31.8970
25,31.9436
25,32.0760
25,32.2608
25,32.2664
25,32.3332
25,32.3715
25,32.4117
25,32.4389
25,32.5139
25,32.6169
25,32.6238
25,32.7238
25,32.7252
25,32.7456
25,32.8246
25,32.8521
25,32.9326
25,33.2059
25,33.2702
25,33.2921
25,33.3150
25,33.3669
25,33.4219
25,33.4293
25,33.4574
25,33.4710
25,33.4841
25,33.6045
25,33.6409
25,33.7219
25,33.7415
25,33.8474
25,33.8691
25,33.9104
25,33.9618
25,34.1751
25,34.1889
25,34.2885
25,34.3726
25,34.3791
25,34.4278
25,34.4519
25,34.4553
25,34.5472
25,34.6622
25,34.6668
25,34.6906
25,34.6970
25,34.7418
25,34.7630
25,34.7699
25,34.8159
25,34.8857
25,34.9167
25,35.0218
25,35.0276
25,35.0328
25,35.0432
25,35.0465
25,35.0622
25,35.0627
25,35.1570
25,35.1693
25,35.1694
25,35.2991
25,35.3108
25,35.3198
25,35.3936
25,35.4028
25,35.4405
25,35.5074
25,35.5336
25,35.5486
25,35.6261
25,35.6626
25,35.8066
25,35.8155
25,35.8554
25,35.9032
25,35.9822
25,35.9863
25,36.0305
25,36.0795
25,36.0879
25,36.0887
25,36.0922
25,36.1102
25,36.2921
25,36.3017
25,36.5482
25,36.7131
25,36.8041
25,36.8456
25,37.0189
25,37.1820
25,37.3488
25,37.4510
25,37.5090
25,37.5371
25,37.5733
25,37.5850
25,37.5957
25,37.6201
25,37.6960
25,37.7224
25,37.8278
25,37.8344
25,37.8410
25,37.9349
25,37.9547
25,37.9625
25,37.9728
25,38.0229
25,38.0258
25,38.0517
25,38.0752
25,38.0766
25,38.0779
25,38.0825
25,38.1114
25,38.1544
25,38.1903
25,38.4439
25,38.4751
25,38.5134
25,38.6549
25,38.7734
25,38.8236
25,38.8379
25,38.8742
25,38.9271
25,38.9993
25,39.0269
25,39.0460
25,39.2069
25,39.2556
25,39.2748
25,39.2775
25,39.4962
25,39.5079
25,39.5222
25,39.5569
25,39.5595
25,39.5793
25,39.8266
25,39.8720
25,39.8916
25,39.9190
25,39.9296
25,39.9818
25,39.9985
25,40.1201
25,40.1956
25,40.2030
25,40.3295
25,40.3299
25,40.5283
25,40.5954
25,40.6076
25,40.9025
25,40.9027
25,40.9482
25,40.9700
25,41.0635
25,41.0948
25,41.1158
25,41.2055
25,41.2697
25,41.3185
25,41.4401
25,41.4943
25,41.5544
25,41.5878
25,41.6990
25,41.7017
25,41.7428
25,41.8301
25,41.8465
25,41.9156
25,41.9883
25,42.0151
25,42.0304
25,42.1116
25,42.1124
25,42.2694
25,42.2705
25,42.2881
25,42.3318
25,42.3500
25,42.3585
25,42.3705
25,42.3708
25,42.4218
25,42.4801
25,42.4968
25,42.5017
25,42.5272
25,42.5785
25,42.5915
25,42.6090
25,42.6972
25,42.7013
25,42.7874
25,42.8656
25,42.9462
25,42.9517
25,42.9923
25,43.0498
25,43.1209
25,43.2005
25,43.3406
25,43.3909
25,43.4500
25,43.4537
25,43.4918
25,43.5277
25,43.5506
25,43.6270
25,43.6626
25,43.6818
25,43.7026
25,43.8470
25,43.9874
25,44.0420
25,44.1662
25,44.2881
25,44.3292
25,44.3371
25,44.4225
25,44.5278
25,44.5540
25,44.7424
25,44.8527
25,44.8944
25,44.9136
25,45.0009
25,45.0794
25,45.2704
25,45.2729
25,45.2906
25,45.3003
25,45.3545
25,45.4281
25,45.5543
25,45.7023
25,45.7075
25,45.8024
25,45.8691
25,45.9037
25,46.1859
25,46.1868
25,46.2464
25,46.2540
25,46.2906
25,46.3536
25,46.4502
25,46.4629
25,46.4873
25,46.4918
25,46.4962
25,46.5060
25,46.5098
25,46.5882
25,46.5989
25,46.6532
25,46.7566
25,46.7571
25,46.8231
25,46.8548
25,46.8777
25,46.9121
25,46.9575
25,47.0246
25,47.0335
25,47.1343
25,47.2016
25,47.2317
25,47.2343
25,47.2830
25,47.3427
25,47.3897
25,47.3961
25,47.4048
25,47.5924
25,47.7323
25,47.8222
25,47.9747
25,48.0272
25,48.0688
25,48.1504
25,48.1808
25,48.2067
25,48.2099
25,48.2856
25,48.2927
25,48.3267
25,48.4386
25,48.4465
25,48.4990
25,48.5787
25,48.6445
25,48.9145
25,48.9446
25,48.9706
25,49.0511
25,49.0676
25,49.1189
25,49.1351
25,49.2379
25,49.2781
25,49.3568
25,49.3621
25,49.6251
25,49.6692
25,49.6970
25,49.8954
25,49.9087
25,49.9393
25,49.9701
25,50.0130
25,50.0954
25,50.1449
25,50.1718
25,50.1880
25,50.3887
25,50.7532
25,50.7757
25,50.7930
25,51.0413
25,51.2676
25,51.2977
25,51.3310
25,51.3580
25,51.5543
25,51.6343
25,51.6795
25,51.6862
25,51.7186
25,51.7202
25,51.7305
25,51.7422
25,51.7820
25,51.7878
25,51.8011
25,51.8230
25,51.8453
25,51.8510
25,51.9534
25,52.0524
25,52.1844
25,52.2770
25,52.2834
25,52.3392
25,52.4481
25,52.4611
25,52.5458
25,52.5616
25,52.7955
25,52.9139
25,53.0322
25,53.0751
25,53.1237
25,53.1803
25,53.1989
25,53.2097
25,53.5377
25,53.5560
25,53.5622
25,53.6133
25,53.6738
25,53.7204
25,53.7285
25,53.8152
25,53.8323
25,53.8465
25,53.9372
25,54.0095
25,54.0322
25,54.0545
25,54.0818
25,54.1309
25,54.1563
25,54.1869
25,54.2039
25,54.2689
25,54.2721
25,54.2745
25,54.2801
25,54.3037
25,54.3655
25,54.3786
25,54.5216
25,54.5622
25,54.5709
25,54.5941
25,54.6648
25,54.6810
25,54.6811
25,54.6846
25,54.7621
25,54.7696
25,54.8923
25,55.0626
25,55.0766
25,55.1088
25,55.1101
25,55.1659
25,55.2919
25,55.3145
25,55.3572
25,55.3680
25,55.4627
25,55.4979
25,55.6341
25,55.6979
25,55.7389
25,55.8183
25,55.8971
25,55.9030
25,55.9308
25,55.9405
25,56.0044
25,56.0106
25,56.0346
25,56.1124
25,56.1283
25,56.2365
25,56.2731
25,56.2907
25,56.3105
25,56.3801
25,56.4064
25,56.6887
25,56.7066
25,56.7169
25,56.7895
25,56.8913
25,56.9241
25,56.9303
25,56.9637
25,56.9638
25,57.0334
25,57.2191
25,57.2239
25,57.2555
25,57.3644
25,57.3651
25,57.5110
25,57.6668
25,57.6703
25,57.6809
25,58.1466
25,58.2745
25,58.3722
25,58.4144
25,58.5600
25,58.5899
25,58.6570
25,58.6889
25,58.6950
25,58.7018
25,58.7471
25,58.8047
25,59.0181
25,59.0601
25,59.1800
25,59.1872
25,59.2777
25,59.3650
25,59.3676
25,59.3900
25,59.4210
25,59.4371
25,59.4469
25,59.5310
25,59.5370
25,59.5562
25,59.5611
25,59.5616
25,59.5726
25,59.6360
25,59.7110
25,59.7351
25,59.8634
25,59.9007
25,59.9434
25,59.9529
26,0.4236
26,0.4716
26,0.5399
26,0.8285
26,1.1359
26,1.1363
26,1.2070
26,1.2235
26,1.2731
26,1.3227
26,1.4852
26,1.5199
26,1.5240
26,1.5389
26,1.7886
26,1.8354
26,1.8970
26,2.0904
26,2.1382
26,2.1890
26,2.2034
26,2.3383
26,2.6811
26,2.7656
26,3.0602
26,3.0935
26,3.2071
26,3.3798
26,3.4923
26,3.6117
26,3.7414
26,3.7988
26,3.8438
26,3.9983
26,4.0147
26,4.1019
26,4.1083
26,4.1853
26,4.2330
26,4.3305
26,4.3848
26,4.5573
26,4.6055
26,4.7423
26,5.0067
26,5.0545
26,5.2569
26,5.6474
26,5.6533
26,5.7088
26,6.0675
26,6.5459
26,6.6367
26,6.6445
26,6.6732
26,6.9660
26,7.3992
26,7.4040
26,7.4205
26,7.5996
26,7.6040
26,7.8783
26,7.9596
26,7.9837
26,8.2673
26,8.4941
26,8.5281
26,8.6075
26,8.6969
26,8.7852
26,8.9164
26,9.0562
26,9.1698
26,9.5634
26,9.6243
26,9.6697
26,9.6818
26,9.7173
26,9.7734
26,10.2004
26,10.3647
26,10.3676
26,10.4951
26,10.5191
26,10.8685
26,10.9626
26,11.0684
26,11.0768
26,11.1328
26,11.2319
26,11.2404
26,11.4341
26,11.6733
26,11.7745
26,11.7842
26,11.7861
26,11.8973
26,11.9895
26,12.1989
26,12.2978
26,12.4128
26,12.6080
26,12.6149
26,12.8213
26,12.8657
26,12.9062
26,13.0751
26,13.1095
26,13.1266
26,13.3519
26,13.5781
26,13.6163
26,13.7027
26,13.7611
26,13.8363
26,13.9460
26,14.0598
26,14.2723
26,14.2871
26,14.4445
26,14.7208
26,14.8230
26,14.8604
26,15.0393
26,15.2037
26,15.2205
26,15.3990
26,15.5965
26,15.7489
26,15.8525
26,16.0243
26,16.2919
26,16.4067
26,16.8644
26,16.9178
26,17.1695
26,17.3917
26,17.5957
26,17.7158
26,17.8510
26,17.8569
26,17.9574
26,18.0151
26,18.1279
26,18.1309
26,18.1422
26,18.2668
26,18.3889
26,18.5155
26,18.5507
26,18.7847
26,18.8264
26,19.1385
26,19.2269
26,19.2820
26,19.4402
26,19.5273
26,19.6522
26,20.2250
26,20.4840
26,20.4897
26,20.4981
26,20.6659
26,21.0819
26,21.1565
26,21.1779
26,21.3640
26,21.3849
26,21.4120
26,21.4317
26,21.5001
26,21.5108
26,21.6640
26,21.6772
26,21.8404
26,22.0835
26,22.2488
26,22.4418
26,22.4539
26,22.5169
26,22.6523
26,22.6634
26,22.6709
26,22.6812
26,22.8346
26,22.9685
26,23.2570
26,23.4822
26,23.4891
26,23.6299
26,23.6978
26,23.8241
26,23.9072
26,23.9527
26,24.0016
26,24.1664
26,24.4752
26,24.5313
26,24.6547
26,24.6621
26,24.8520
26,24.8708
26,24.9305
26,25.0422
26,25.2073
26,25.3637
26,25.5682
26,25.6915
26,25.7824
26,26.0156
26,26.3392
26,26.5971
26,26.6444
26,26.6561
26,26.7447
26,26.8992
26,27.0965
26,27.1097
26,27.1121
26,27.1537
26,27.2164
26,27.2670
26,27.2949
26,27.2970
26,27.4503
26,27.7537
26,27.7639
26,27.8317
26,28.1177
26,28.2926
26,28.3189
26,28.4595
26,28.5125
26,28.5527
26,28.6699
26,28.7393
26,28.7679
26,28.8135
26,28.9348
26,29.5262
26,29.5442
26,29.7736
26,29.9451
26,29.9860
26,30.1515
26,30.1697
26,30.5724
26,30.8497
26,30.8911
26,30.9010
26,30.9335
26,31.1824
26,31.2533
26,31.2825
26,31.4080
26,31.5158
26,31.6497
26,32.0959
26,32.4353
26,32.6419
26,32.8050
26,32.8561
26,32.9866
26,33.3786
26,33.3939
26,33.5184
26,33.6197
26,33.6486
26,33.6801
26,33.7871
26,33.7942
26,34.0414
26,34.1013
26,34.1247
26,34.2869
26,34.2959
26,34.4449
26,34.4537
26,34.7252
26,34.9410
26,34.9768
26,34.9831
26,35.1057
26,35.1115
26,35.4622
26,35.6024
26,35.6497
26,36.0139
26,36.1241
26,36.5215
26,36.6038
26,36.6836
26,36.7217
26,36.7262
26,36.8387
26,36.9021
26,36.9382
26,37.1334
26,37.3388
26,37.5032
26,37.8625
26,37.9634
26,38.0303
26,38.1005
26,38.1544
26,38.2442
26,38.2804
26,38.2920
26,38.6015
26,38.6318
26,38.6363
26,38.6646
26,38.7561
26,38.8092
26,38.8820
26,38.8896
26,38.9592
26,39.0617
26,39.1804
26,39.3296
26,39.4002
26,39.5196
26,39.8220
26,40.0204
26,40.1086
26,40.1204
26,40.1612
26,40.5659
26,40.6450
26,40.6830
26,40.6987
26,40.7885
26,40.9149
26,41.0872
26,41.1652
26,41.2987
26,41.3449
26,41.3709
26,41.4817
26,41.5199
26,41.5538
26,41.6112
26,41.8252
26,41.8410
26,41.9575
26,42.0774
26,42.1363
26,42.2533
26,42.3098
26,42.3235
26,42.6021
26,42.6100
26,42.7265
26,42.7488
26,42.7898
26,42.8169
26,43.0088
26,43.0474
26,43.0575
26,43.0923
26,43.1682
26,43.2793
26,43.3178
26,43.3563
26,43.4769
26,43.8268
26,43.8512
26,44.1564
26,44.2569
26,44.4270
26,44.5562
26,44.5864
26,44.8225
26,44.8660
26,44.9905
26,45.0266
26,45.1552
26,45.2009
26,45.3407
26,45.3422
26,45.3727
26,45.5134
26,45.6380
26,45.6819
26,45.7028
26,45.7049
26,45.7384
26,45.8767
26,46.1304
26,46.4078
26,46.5386
26,46.5962
26,46.7121
26,47.0215
26,47.0455
26,47.1909
26,47.2816
26,47.2948
26,47.3871
26,47.5071
26,47.6460
26,47.6648
26,47.7703
26,47.7949
26,47.8903
26,47.9664
26,48.0203
26,48.1102
26,48.1237
26,48.3913
26,48.3959
26,48.4261
26,48.5831
26,48.7320
26,48.8362
26,48.8765
26,49.0329
26,49.1420
26,49.2785
26,49.6611
26,49.7645
26,49.7946
26,49.9720
26,50.0516
26,50.1455
26,50.1675
26,50.4782
26,50.4903
26,50.5121
26,50.5249
26,50.6980
26,51.0853
26,51.4618
26,51.5390
26,51.5523
26,51.5772
26,51.6552
26,51.7312
26,51.7624
26,51.8246
26,51.8823
26,51.9572
26,51.9660
26,52.1132
26,52.4713
26,52.5712
26,52.6997
26,52.7060
26,52.8767
26,52.9107
26,52.9527
26,53.2106
26,53.3898
26,53.4819
26,53.4820
26,53.5424
26,53.5843
26,53.7305
26,53.7930
26,53.8854
26,54.2664
26,54.3033
26,54.4127
26,55.0017
26,55.1416
26,55.3894
26,55.9465
26,56.0891
26,56.1121
26,56.4327
26,56.4403
26,56.4432
26,56.5507
26,56.5931
26,56.6261
26,56.6478
26,56.8121
26,56.9454
26,57.1583
26,57.1790
26,57.3281
26,57.4158
26,57.4180
26,57.5666
26,57.5793
26,57.7859
26,58.0363
26,58.2960
26,58.4877
26,58.5634
26,58.5810
26,58.8277
26,58.8430
26,58.9354
26,59.2439
26,59.2986
26,59.4252
26,59.7049
26,59.8991
26,59.9271
27,0.0729
27,0.2040
27,0.2618
27,0.3819
27,0.4324
27,0.4404
27,0.5026
27,0.6794
27,0.7393
27,0.8802
27,0.8998
27,1.1487
27,1.2566
27,1.3009
27,1.3586
27,1.4169
27,1.4551
27,1.5427
27,1.5465
27,1.8700
27,1.8747
27,2.0737
27,2.1601
27,2.2463
27,2.4678
27,2.6276
27,2.7132
27,2.8271
27,2.9111
27,2.9228
27,2.9515
27,2.9705
27,3.0300
27,3.0398
27,3.1005
27,3.1399
27,3.4296
27,3.4536
27,3.6094
27,3.6539
27,3.8465
27,3.9599
27,4.0352
27,4.0360
27,4.0800
27,4.1400
27,4.2090
27,4.3293
27,4.4097
27,4.4138
27,4.4598
27,4.5555
27,4.6722
27,4.7966
27,4.8485
27,4.8590
27,4.8814
27,5.1112
27,5.2545
27,5.3492
27,5.5443
27,5.5878
27,5.6042
27,5.6054
27,5.6404
27,5.6861
27,5.7466
27,5.8353
27,5.8947
27,5.9327
27,5.9782
27,6.0592
27,6.1419
27,6.2307
27,6.3035
27,6.3832
27,6.5165
27,6.5445
27,6.7537
27,6.9918
27,7.1414
27,7.3724
27,7.4474
27,7.5730
27,7.6292
27,7.6689
27,7.9842
27,8.0157
27,8.0941
27,8.1013
27,8.1838
27,8.2114
27,8.2982
27,8.3086
27,8.3237
27,8.4278
27,8.4325
27,8.4414
27,8.4720
27,8.6750
27,8.6795
27,8.7573
27,8.7880
27,8.8476
27,9.0572
27,9.2323
27,9.3368
27,9.3417
27,9.4120
27,9.4202
27,9.5380
27,9.5828
27,9.6732
27,9.7146
27,9.7387
27,9.7529
27,9.7682
27,9.9045
27,10.0962
27,10.1491
27,10.1924
27,10.2155
27,10.3097
27,10.3109
27,10.4877
27,10.6508
27,10.6790
27,10.7274
27,10.7369
27,10.7388
27,10.7459
27,10.7643
27,10.7650
27,10.9504
27,10.9657
27,10.9822
27,11.0012
27,11.0079
27,11.0829
27,11.1402
27,11.1689
27,11.2091
27,11.2107
27,11.3571
27,11.3590
27,11.6144
27,11.6269
27,11.6382
27,11.6415
27,11.6776
27,11.6843
27,11.7304
27,11.9048
27,11.9243
27,12.0042
27,12.1712
27,12.2116
27,12.3508
27,12.3651
27,12.4881
27,12.5384
27,12.5818
27,12.6578
27,12.6959
27,12.7074
27,12.7267
27,12.7425
27,12.7469
27,12.8691
27,12.9733
27,13.0654
27,13.0886
27,13.1583
27,13.2320
27,13.2717
27,13.2980
27,13.4739
27,13.4802
27,13.5855
27,13.6951
27,13.7050
27,13.7433
27,13.7889
27,13.7952
27,14.1143
27,14.1673
27,14.2344
27,14.2841
27,14.2855
27,14.3075
27,14.3789
27,14.4119
27,14.4274
27,14.4367
27,14.4496
27,14.5872
27,14.6886
27,14.7045
27,14.7119
27,14.7133
27,14.7186
27,14.7850
27,14.8466
27,14.8540
27,14.9061
27,14.9396
27,14.9517
27,14.9807
27,15.0427
27,15.2868
27,15.4388
27,15.5458
27,15.5480
27,15.6175
27,15.6555
27,15.7138
27,15.8033
27,15.8410
27,15.8653
27,15.8709
27,15.9563
27,15.9626
27,16.0301
27,16.0375
27,16.1094
27,16.1738
27,16.4739
27,16.5096
27,16.5550
27,16.7246
27,16.7487
27,16.8102
27,16.8559
27,16.8931
27,16.9971
27,17.0457
27,17.1074
27,17.1956
27,17.2468
27,17.2804
27,17.3177
27,17.3604
27,17.4375
27,17.5208
27,17.6024
27,17.6786
27,17.7540
27,17.8806
27,17.8854
27,17.9994
27,18.0909
27,18.2225
27,18.2227
27,18.2276
27,18.2412
27,18.3613
27,18.5926
27,18.6474
27,18.7174
27,18.7522
27,18.7647
27,18.8359
27,18.9375
27,19.0793
27,19.1201
27,19.1426
27,19.1975
27,19.2805
27,19.5005
27,19.5771
27,19.6493
27,19.6864
27,19.7132
27,19.8726
27,19.9159
27,20.1137
27,20.1331
27,20.1704
27,20.3101
27,20.3185
27,20.3375
27,20.3645
27,20.3833
27,20.4452
27,20.4847
27,20.4985
27,20.5110
27,20.5825
27,20.8799
27,20.9474
27,21.0024
27,21.0030
27,21.0895
27,21.1219
27,21.3924
27,21.4166
27,21.7007
27,21.7310
27,21.9106
27,21.9782
27,22.1467
27,22.2311
27,22.3158
27,22.3520
27,22.7685
27,22.8161
27,22.8552
27,22.8583
27,22.8734
27,22.9041
27,22.9355
27,23.1458
27,23.2839
27,23.3240
27,23.3473
27,23.3923
27,23.4933
27,23.5091
27,23.5925
27,23.6014
27,23.6625
27,23.7021
27,23.7518
27,23.8665
27,24.0078
27,24.0181
27,24.0577
27,24.0961
27,24.2304
27,24.2791
27,24.3473
27,24.3721
27,24.3841
27,24.4464
27,24.4674
27,24.5385
27,24.5641
27,24.5705
27,24.8043
27,24.8640
27,24.9103
27,25.2164
27,25.2542
27,25.5417
27,25.5673
27,25.6194
27,25.8888
27,25.9496
27,25.9612
27,26.0944
27,26.1850
27,26.2070
27,26.2378
27,26.3272
27,26.5511
27,26.6661
27,26.6821
27,26.7830
27,26.8196
27,26.8556
27,26.8645
27,26.8765
27,27.0412
27,27.2616
27,27.5044
27,27.5167
27,27.5645
27,27.6282
27,27.6747
27,27.6762
27,27.8399
27,27.8430
27,27.8776
27,27.9007
27,28.0338
27,28.2184
27,28.2227
27,28.2236
27,28.2292
27,28.3038
27,28.5198
27,28.5560
27,28.6425
27,28.7404
27,28.7546
27,28.7772
27,28.9383
27,28.9520
27,29.0347
27,29.0877
27,29.1096
27,29.1425
27,29.2053
27,29.2107
27,29.5477
27,29.6543
27,29.7262
27,29.7633
27,29.8763
27,29.8978
27,29.9372
27,29.9673
27,30.2188
27,30.4116
27,30.4596
27,30.6116
27,30.7278
27,30.8374
27,31.1970
27,31.2573
27,31.2868
27,31.3634
27,31.4129
27,31.4739
27,31.4825
27,31.5303
27,31.5411
27,31.5953
27,31.6910
27,31.7296
27,31.7812
27,31.7926
27,31.8138
27,31.8624
27,32.0446
27,32.0509
27,32.0599
27,32.2212
27,32.3915
27,32.4076
27,32.4860
27,32.8462
27,32.8893
27,32.8910
27,33.0074
27,33.4042
27,33.4629
27,33.6240
27,33.6368
27,33.8178
27,33.8822
27,33.9562
27,34.0546
27,34.2830
27,34.2999
27,34.3251
27,34.5206
27,34.5851
27,34.6300
27,34.6852
27,34.8070
27,35.0065
27,35.1719
27,35.3952
27,35.4076
27,35.4326
27,35.4515
27,35.4540
27,35.6909
27,35.7124
27,35.7230
27,35.9393
27,35.9648
27,35.9679
27,36.0549
27,36.0789
27,36.3030
27,36.4418
27,36.4486
27,36.5265
27,36.5640
27,36.6975
27,36.8420
27,36.9961
27,37.0098
27,37.1891
27,37.2165
27,37.2313
27,37.2518
27,37.2648
27,37.4958
27,37.5884
27,37.8040
27,38.1527
27,38.2954
27,38.5343
27,38.5544
27,38.5655
27,38.6006
27,38.7247
27,38.8119
27,38.8978
27,39.0253
27,39.0507
27,39.0828
27,39.1567
27,39.2535
27,39.2819
27,39.2948
27,39.3464
27,39.4486
27,39.5271
27,39.5910
27,39.6425
27,39.7368
27,39.9216
27,39.9359
27,40.1688
27,40.3123
27,40.3613
27,40.5154
27,40.6688
27,40.7151
27,40.7256
27,40.8109
27,40.8346
27,40.8751
27,40.9289
27,40.9994
27,41.0147
27,41.1922
27,41.2272
27,41.3499
27,41.5423
27,41.5677
27,41.6906
27,41.8133
27,41.8492
27,41.9516
27,41.9521
27,41.9755
27,41.9839
27,42.0084
27,42.1012
27,42.1300
27,42.1470
27,42.2736
27,42.3146
27,42.4532
27,42.7430
27,42.9147
27,42.9563
27,42.9853
27,42.9896
27,43.0423
27,43.0899
27,43.2137
27,43.2527
27,43.2551
27,43.2979
27,43.4193
27,43.4340
27,43.5253
27,43.7020
27,43.8618
27,43.9415
27,43.9719
27,44.0513
27,44.1310
27,44.2247
27,44.2306
27,44.2518
27,44.4111
27,44.4295
27,44.4542
27,44.4680
27,44.5307
27,44.6169
27,44.6324
27,44.9886
27,45.1346
27,45.1514
27,45.1558
27,45.1597
27,45.1987
27,45.3860
27,45.6364
27,45.6513
27,45.7084
27,46.0925
27,46.1165
27,46.1699
27,46.1948
27,46.2115
27,46.2588
27,46.4676
27,46.5277
27,46.6280
27,46.7346
27,46.7714
27,46.7946
27,47.1327
27,47.4009
27,47.5277
27,47.5310
27,47.6070
27,47.9161
27,47.9205
27,47.9935
27,48.1008
27,48.1304
27,48.1974
27,48.3119
27,48.4103
27,48.5453
27,48.6282
27,48.7604
27,48.7874
27,48.8881
27,49.0510
27,49.0529
27,49.1153
27,49.2640
27,49.3307
27,49.3330
27,49.3343
27,49.3944
27,49.5204
27,49.6305
27,49.6563
27,49.7985
27,50.0835
27,50.1322
27,50.2412
27,50.2506
27,50.3903
27,50.4137
27,50.5136
27,50.5173
27,50.6352
27,50.6387
27,50.8308
27,50.8331
27,50.8802
27,51.0662
27,51.1340
27,51.1343
27,51.1536
27,51.2512
27,51.2567
27,51.2907
27,51.3179
27,51.4001
27,51.4112
27,51.4150
27,51.4558
27,51.6120
27,51.6447
27,51.6821
27,51.7198
27,51.7353
27,51.8951
27,51.9462
27,52.0806
27,52.1343
27,52.1812
27,52.2445
27,52.3403
27,52.4670
27,52.4856
27,52.5694
27,52.5863
27,52.6946
27,52.9197
27,52.9787
27,53.0664
27,53.0906
27,53.1899
27,53.3025
27,53.3304
27,53.3545
27,53.4398
27,53.4596
27,53.9313
27,53.9689
27,54.0009
27,54.0294
27,54.0409
27,54.0613
27,54.0833
27,54.0843
27,54.1719
27,54.3675
27,54.4697
27,54.5751
27,54.5782
27,54.6140
27,54.6703
27,54.6917
27,54.7205
27,54.7937
27,54.7943
27,54.9773
27,55.0579
27,55.1127
27,55.1181
27,55.1509
27,55.2819
27,55.3437
27,55.4316
27,55.4897
27,55.5272
27,55.5904
27,55.6930
27,55.8754
27,56.2350
27,56.2529
27,56.3351
27,56.3538
27,56.3545
27,56.4591
27,56.5020
27,56.5716
27,56.6126
27,56.6285
27,56.6549
27,56.7306
27,56.8579
27,56.8921
27,56.9053
27,56.9975
27,57.1234
27,57.3421
27,57.3949
27,57.3995
27,57.4503
27,57.5437
27,57.5568
27,57.5786
27,57.9697
27,57.9947
27,58.1291
27,58.1611
27,58.2129
27,58.2635
27,58.3639
27,58.4752
27,58.5578
27,58.5636
27,58.6438
27,58.6573
27,58.8455
27,58.9592
27,59.0247
27,59.1000
27,59.1408
27,59.1568
27,59.2572
27,59.5701
27,59.6325
27,59.6330
27,59.6362
27,59.7296
27,59.7390
27,59.7468
27,59.7717
27,59.8008
27,59.8603
27,59.8790
27,59.9361
28,0.0277
28,0.4776
28,1.2745
28,1.4078
28,1.4908
28,1.5005
28,1.5333
28,1.7780
28,1.9774
28,2.1990
28,2.3732
28,2.4129
28,2.6204
28,2.8273
28,2.8464
28,2.9838
28,3.2365
28,3.3717
28,3.6836
28,3.7350
28,3.8857
28,4.4375
28,4.6570
28,4.9801
28,5.2821
28,5.5774
28,5.6209
28,5.6583
28,5.6758
28,5.7785
28,5.8112
28,5.8830
28,6.0894
28,6.2156
28,6.3321
28,6.3530
28,6.6377
28,6.8090
28,6.8413
28,7.1190
28,7.3601
28,7.4144
28,7.4778
28,7.7351
28,7.8199
28,7.8626
28,7.9760
28,8.0584
28,8.1439
28,8.1811
28,8.4028
28,8.8332
28,8.9191
28,9.0782
28,9.1148
28,9.2046
28,9.6612
28,9.7024
28,9.7943
28,9.8274
28,9.8819
28,10.1468
28,10.6058
28,10.7980
28,10.8208
28,10.8701
28,10.9058
28,11.0928
28,11.1035
28,11.6755
28,11.7035
28,11.7087
28,11.7326
28,12.0598
28,12.1029
28,12.4760
28,12.6836
28,12.7204
28,12.8272
28,13.1137
28,13.1825
28,13.2328
28,13.2999
28,13.8228
28,14.0202
28,14.2450
28,14.5932
28,14.8226
28,14.8398
28,15.0996
28,15.1395
28,15.3540
28,15.3636
28,15.5516
28,15.6134
28,15.6799
28,15.7331
28,15.7760
28,16.0092
28,16.0466
28,16.2726
28,16.4195
28,16.4438
28,16.4640
28,16.7704
28,16.9879
28,17.1038
28,17.1919
28,17.3141
28,17.4399
28,17.9416
28,18.0775
28,18.1179
28,18.2666
28,18.8455
28,18.9542
28,19.4725
28,19.9635
28,20.0198
28,20.2859
28,20.5612
28,20.5616
28,21.3476
28,21.4389
28,21.6439
28,21.8504
28,21.8516
28,21.9018
28,22.0888
28,22.1282
28,22.3358
28,22.5366
28,22.5470
28,22.8222
28,23.0694
28,23.1079
28,23.2430
28,23.3210
28,23.3545
28,23.5231
28,23.6832
28,24.1535
28,24.3557
28,24.3560
28,24.4447
28,24.5159
28,24.7326
28,25.2492
28,25.5651
28,25.9790
28,26.0869
28,26.1036
28,26.1565
28,26.1804
28,26.2101
28,26.2451
28,26.4747
28,26.9147
28,26.9292
28,27.0077
28,27.2123
28,27.2414
28,27.3008
28,27.5121
28,27.5900
28,27.9852
28,28.3779
28,28.5118
28,28.5362
28,28.5488
28,28.6323
28,28.6564
28,28.7097
28,28.9338
28,29.1972
28,29.5785
28,30.0123
28,30.0139
28,30.0918
28,30.1318
28,30.1461
28,30.7120
28,30.7170
28,30.9449
28,31.4636
28,31.9019
28,31.9172
28,32.0034
28,32.0140
28,32.3034
28,32.4940
28,32.5692
28,32.5698
28,32.7671
28,32.8451
28,32.8549
28,33.1567
28,33.1693
28,33.2012
28,33.4091
28,33.7280
28,33.7509
28,33.8722
28,33.9377
28,33.9463
28,34.1359
28,34.1383
28,34.2861
28,34.3288
28,34.5295
28,34.7622
28,35.0002
28,35.1053
28,35.1693
28,35.1806
28,35.7542
28,35.7972
28,35.8088
28,36.2940
28,36.3488
28,36.6922
28,36.6959
28,37.2684
28,37.3009
28,37.3193
28,37.3515
28,37.9459
28,38.0093
28,38.2446
28,38.4192
28,38.4342
28,38.5794
28,38.7326
28,38.7956
28,38.9391
28,39.0103
28,39.1679
28,39.2523
28,39.2896
28,39.3218
28,39.5075
28,39.5119
28,39.9592
28,40.2964
28,40.3263
28,40.3611
28,40.5680
28,40.5883
28,40.6185
28,40.7094
28,40.9721
28,41.1535
28,41.1803
28,41.3271
28,41.8946
28,42.0607
28,42.0987
28,42.1187
28,43.0649
28,43.1416
28,43.2475
28,43.3799
28,44.0712
28,44.8191
28,44.8862
28,45.3258
28,45.3436
28,45.6264
28,45.7497
28,46.1881
28,46.4748
28,46.6405
28,46.6581
28,46.6897
28,46.7585
28,46.7772
28,46.9165
28,46.9453
28,47.1499
28,47.2149
28,47.3397
28,47.6290
28,47.7390
28,48.0228
28,48.0514
28,48.1893
28,48.2319
28,48.2715
28,48.4186
28,48.6343
28,48.7970
28,48.9899
28,49.4157
28,49.7690
28,49.8540
28,49.9167
28,50.0846
28,50.1687
28,50.2589
28,50.4129
28,50.9655
28,51.0631
28,51.3232
28,51.3518
28,51.6544
28,52.0323
28,52.3428
28,52.4818
28,52.5013
28,52.5308
28,52.5479
28,53.1844
28,53.1863
28,53.5613
28,53.6162
28,53.9462
28,54.4989
28,55.0352
28,55.0683
28,55.1085
28,55.2249
28,55.2612
28,55.3317
28,55.8597
28,56.0049
28,56.0770
28,56.1171
28,56.8434
28,57.0930
28,57.2055
28,57.3517
28,57.3754
28,57.5602
28,57.7670
28,57.8680
28,57.8911
28,57.9521
28,58.2595
28,58.3454
28,58.7874
28,59.1457
28,59.7989
28,59.9809
29,0.2284
29,0.3170
29,0.5613
29,0.6645
29,0.7655
29,0.8612
29,0.8814
29,0.9604
29,0.9887
29,1.1340
29,1.2437
29,1.3327
29,1.5814
29,2.1722
29,2.2097
29,2.4063
29,2.4628
29,2.9640
29,2.9876
29,2.9947
29,3.0464
29,3.0700
29,3.2824
29,3.5177
29,3.8564
29,4.0626
29,4.1338
29,4.1410
29,4.4257
29,4.4295
29,4.6544
29,4.8509
29,5.3337
29,5.3807
29,5.4824
29,5.6281
29,5.6512
29,5.7001
29,5.7016
29,6.0074
29,6.1100
29,6.2505
29,6.3843
29,6.6793
29,6.7258
29,6.9124
29,7.0496
29,7.2082
29,7.2830
29,7.3352
29,7.4592
29,7.4711
29,7.5591
29,7.6231
29,7.7071
29,7.9279
29,8.3040
29,8.3849
29,8.5675
29,8.6541
29,8.7406
29,8.7669
29,8.8421
29,8.9196
29,9.0230
29,9.2173
29,9.2378
29,9.5303
29,9.8045
29,9.8505
29,10.3000
29,10.6351
29,10.6757
29,11.3802
29,11.4037
29,11.5546
29,11.6733
29,12.1039
29,12.1405
29,12.2965
29,12.3108
29,12.3118
29,12.4962
29,12.8452
29,13.0730
29,13.1078
29,13.4177
29,13.4972
29,13.5157
29,13.6707
29,13.8533
29,13.9215
29,14.3489
29,14.3645
29,14.5378
29,14.6871
29,14.9774
29,15.1387
29,15.1698
29,15.1711
29,15.2592
29,15.2706
29,15.4996
29,15.8520
29,15.9283
29,16.3202
29,16.3897
29,16.7070
29,16.9153
29,17.0330
29,17.0412
29,17.0624
29,17.1494
29,17.2637
29,17.4180
29,17.4343
29,17.5160
29,17.6506
29,17.6928
29,17.8573
29,17.9271
29,17.9342
29,17.9479
29,17.9997
29,18.1198
29,18.2389
29,18.4380
29,18.5099
29,18.5328
29,18.6992
29,18.7111
29,18.9930
29,19.0933
29,19.1484
29,19.1943
29,19.3803
29,19.3971
29,19.5066
29,19.6768
29,20.0986
29,20.2893
29,20.4170
29,20.4658
29,20.4667
29,21.0917
29,21.1059
29,21.3709
29,21.3892
29,21.3999
29,21.5214
29,21.6666
29,21.6766
29,21.7461
29,21.8614
29,21.9072
29,21.9310
29,21.9692
29,22.1030
29,22.1323
29,22.2140
29,22.2179
29,22.3531
29,22.4798
29,22.6271
29,22.6917
29,22.7213
29,22.7627
29,22.9211
29,23.0329
29,23.3797
29,23.3985
29,24.2991
29,24.3311
29,24.4082
29,24.7827
29,24.9266
29,24.9376
29,25.0731
29,25.1338
29,25.3257
29,25.5100
29,25.5460
29,25.5925
29,25.7052
29,25.7074
29,25.8097
29,25.9902
29,26.1296
29,26.4539
29,26.6583
29,26.8965
29,26.9448
29,27.2398
29,27.6869
29,27.8368
29,28.1118
29,28.1521
29,28.2158
29,28.5628
29,28.6236
29,28.6677
29,28.9413
29,28.9558
29,29.0191
29,29.0875
29,29.1053
29,29.2541
29,29.2837
29,29.3103
29,29.5621
29,29.6040
29,29.6216
29,29.6296
29,29.9599
29,30.0004
29,30.2320
29,30.5750
29,30.8008
29,31.0144
29,31.0565
29,31.2263
29,31.3861
29,31.5274
29,31.5469
29,32.2316
29,32.5789
29,32.9237
29,33.0309
29,33.3306
29,33.3937
29,33.4595
29,33.9849
29,34.0311
29,34.0777
29,34.1734
29,34.2256
29,35.0183
29,35.1520
29,35.1627
29,35.3030
29,35.3288
29,35.3719
29,35.7003
29,35.7032
29,35.7203
29,35.8149
29,35.8360
29,35.9292
29,35.9439
29,35.9458
29,36.0098
29,36.4012
29,36.5510
29,36.6344
29,36.6615
29,36.8273
29,37.0914
29,37.3783
29,37.4364
29,37.5558
29,38.0643
29,38.2595
29,38.3973
29,38.4657
29,38.4862
29,38.7240
29,38.8879
29,38.9321
29,38.9687
29,39.0089
29,39.0690
29,39.2417
29,39.4533
29,39.9178
29,40.0606
29,40.4879
29,40.5823
29,40.6755
29,40.6801
29,40.7726
29,40.8805
29,41.1012
29,41.1650
29,41.1712
29,41.2257
29,41.2898
29,41.3623
29,41.3852
29,41.6251
29,41.7987
29,42.2089
29,42.2546
29,42.4263
29,42.6083
29,42.6591
29,42.7444
29,42.8174
29,42.8263
29,42.9708
29,42.9905
29,43.0232
29,43.1533
29,43.3177
29,43.4221
29,43.6710
29,43.7755
29,44.0726
29,44.1471
29,44.3609
29,44.4103
29,44.4826
29,44.5183
29,44.5916
29,44.8730
29,45.4284
29,45.4292
29,45.4492
29,45.5849
29,45.7480
29,45.9105
29,45.9957
29,46.1979
29,46.2185
29,46.5867
29,46.5923
29,46.7572
29,46.7853
29,47.1019
29,47.2660
29,47.4519
29,47.6553
29,47.7294
29,47.7875
29,47.8075
29,48.0864
29,48.2662
29,48.3201
29,48.3741
29,48.6671
29,48.7687
29,48.9633
29,48.9945
29,49.1027
29,49.1790
29,49.8113
29,50.0759
29,50.1541
29,50.1928
29,50.5531
29,50.5760
29,50.6078
29,50.6416
29,50.6535
29,50.7169
29,50.7224
29,50.8338
29,51.1370
29,51.1964
29,51.2541
29,51.3850
29,51.4603
29,51.5563
29,51.6010
29,51.7250
29,51.8225
29,52.1083
29,52.4493
29,52.8005
29,52.8409
29,52.8860
29,53.1787
29,53.3718
29,53.4513
29,53.5742
29,53.5877
29,53.6138
29,53.6655
29,53.8021
29,53.8600
29,54.1276
29,54.2116
29,54.2202
29,54.2211
29,54.3424
29,54.4751
29,54.5665
29,54.5897
29,54.6831
29,54.8294
29,54.9680
29,55.2518
29,55.5094
29,55.5521
29,55.6057
29,55.6363
29,55.7175
29,55.7240
29,55.9448
29,55.9463
29,56.2044
29,56.8201
29,56.9613
29,57.0477
29,57.4164
29,57.4984
29,57.7816
29,57.8377
29,57.9906
29,57.9945
29,58.1832
29,58.4225
29,58.4637
29,58.5921
29,58.7231
29,58.7797
29,58.9063
29,59.3272
29,59.3737
29,59.6280
29,59.7359
29,59.9874
30,0.0114
30,0.1247
30,0.1758
30,0.2864
30,0.3925
30,0.4270
30,0.4834
30,0.6416
30,0.7734
30,0.7992
30,0.8021
30,0.8695
30,0.9008
30,0.9127
30,0.9441
30,1.1331
30,1.1405
30,1.1758
30,1.1772
30,1.2720
30,1.2829
30,1.3107
30,1.3587
30,1.3702
30,1.5252
30,1.6138
30,1.6232
30,1.8133
30,1.9365
30,1.9837
30,2.0187
30,2.1841
30,2.1956
30,2.2082
30,2.2859
30,2.2936
30,2.2958
30,2.3523
30,2.3993
30,2.4409
30,2.6366
30,2.6900
30,2.7636
30,2.7666
30,2.7841
30,2.8830
30,2.9126
30,2.9228
30,3.0243
30,3.0870
30,3.1595
30,3.1662
30,3.2829
30,3.3046
30,3.3088
30,3.4766
30,3.4796
30,3.4837
30,3.5853
30,3.8662
30,3.8777
30,3.9091
30,3.9802
30,4.0167
30,4.2885
30,4.6413
30,4.6458
30,4.6953
30,4.8323
30,4.8549
30,4.8670
30,4.8840
30,4.9144
30,5.0163
30,5.0167
30,5.0280
30,5.0808
30,5.1575
30,5.1583
30,5.2844
30,5.2947
30,5.4226
30,5.4923
30,5.5323
30,5.5347
30,5.6026
30,5.6292
30,5.6450
30,5.9079
30,5.9788
30,6.0010
30,6.0132
30,6.0381
30,6.1025
30,6.1583
30,6.2026
30,6.2240
30,6.2270
30,6.2916
30,6.4356
30,6.5654
30,6.6540
30,6.7139
30,6.8449
30,6.8776
30,6.8792
30,6.9424
30,6.9572
30,6.9744
30,7.0845
30,7.1133
30,7.1777
30,7.4380
30,7.6452
30,7.7436
30,7.8626
30,7.9696
30,8.0147
30,8.1156
30,8.1865
30,8.3290
30,8.3546
30,8.5351
30,8.6452
30,8.6585
30,8.7870
30,9.1249
30,9.1607
30,9.1937
30,9.2934
30,9.4332
30,9.5231
30,9.5304
30,9.5356
30,9.6105
30,9.6566
30,9.7637
30,9.8042
30,9.8741
30,10.0194
30,10.0381
30,10.1055
30,10.1812
30,10.2145
30,10.2182
30,10.3600
30,10.3870
30,10.3943
30,10.4133
30,10.4146
30,10.6011
30,10.6877
30,10.6896
30,10.8554
30,10.9323
30,10.9324
30,11.0164
30,11.0225
30,11.1470
30,11.1864
30,11.2509
30,11.3601
30,11.4249
30,11.4766
30,11.5960
30,11.6714
30,11.7543
30,11.8144
30,11.8560
30,11.9250
30,11.9692
30,12.1396
30,12.1406
30,12.2157
30,12.2309
30,12.2328
30,12.2623
30,12.2784
30,12.3094
30,12.3311
30,12.4249
30,12.5148
30,12.5206
30,12.6011
30,12.7633
30,12.7926
30,12.8012
30,12.8796
30,12.8981
30,12.9146
30,12.9677
30,13.0583
30,13.1028
30,13.1990
30,13.2449
30,13.2509
30,13.3057
30,13.3304
30,13.4719
30,13.5701
30,13.6812
30,13.7036
30,13.7969
30,13.8495
30,13.9040
30,14.1930
30,14.2250
30,14.2329
30,14.3652
30,14.5796
30,14.6179
30,14.6322
30,14.6763
30,14.6810
30,14.7096
30,14.8385
30,14.8971
30,14.9169
30,15.0480
30,15.0530
30,15.0599
30,15.0838
30,15.1449
30,15.3063
30,15.3081
30,15.3752
30,15.3902
30,15.3923
30,15.3963
30,15.5129
30,15.6000
30,15.6332
30,15.6369
30,15.7242
30,15.8171
30,15.8246
30,15.8862
30,16.0163
30,16.3002
30,16.3616
30,16.4139
30,16.5258
30,16.6233
30,16.7214
30,16.7408
30,16.8879
30,17.1679
30,17.2103
30,17.3170
30,17.4360
30,17.5890
30,17.6057
30,17.6580
30,17.8308
30,17.9041
30,17.9429
30,17.9745
30,18.1017
30,18.1423
30,18.1866
30,18.2373
30,18.2892
30,18.3284
30,18.3931
30,18.4382
30,18.4484
30,18.4533
30,18.4921
30,18.5613
30,18.5647
30,18.6917
30,18.8409
30,18.9277
30,18.9507
30,19.0055
30,19.0657
30,19.1021
30,19.1251
30,19.2478
30,19.3287
30,19.4674
30,19.4968
30,19.6155
30,19.6218
30,19.6489
30,19.7113
30,19.7551
30,19.8451
30,19.8869
30,19.9508
30,19.9999
30,20.0111
30,20.1396
30,20.1789
30,20.3152
30,20.3543
30,20.3799
30,20.5494
30,20.5533
30,20.6779
30,20.7026
30,20.7066
30,20.7228
30,20.7471
30,20.7778
30,20.8311
30,20.8496
30,20.8696
30,21.0148
30,21.0212
30,21.0219
30,21.0538
30,21.1412
30,21.2205
30,21.2342
30,21.4013
30,21.4227
30,21.4424
30,21.7043
30,21.7085
30,21.7473
30,21.8232
30,21.8942
30,21.9018
30,21.9081
30,21.9309
30,22.0176
30,22.0983
30,22.1385
30,22.1570
30,22.2096
30,22.2841
30,22.2891
30,22.3202
30,22.4878
30,22.7060
30,22.7757
30,22.7847
30,22.9208
30,22.9774
30,23.1048
30,23.2903
30,23.3029
30,23.4347
30,23.4596
30,23.6266
30,23.6366
30,23.6817
30,23.7106
30,23.7115
30,23.8036
30,23.8064
30,23.8253
30,23.8588
30,23.9835
30,24.0831
30,24.1215
30,24.2140
30,24.2373
30,24.2771
30,24.3245
30,24.3421
30,24.4185
30,24.4844
30,24.5572
30,24.7676
30,24.7860
30,24.8878
30,24.9045
30,24.9075
30,24.9230
30,24.9812
30,25.1412
30,25.2697
30,25.3642
30,25.4722
30,25.5143
30,25.5501
30,25.5545
30,25.5631
30,25.6048
30,25.7130
30,25.7290
30,25.9398
30,26.0265
30,26.2052
30,26.3041
30,26.3364
30,26.4313
30,26.4755
30,26.4767
30,26.5161
30,26.5434
30,26.6174
30,26.6392
30,26.6613
30,26.6883
30,26.6995
30,26.7343
30,26.7869
30,26.8534
30,27.1056
30,27.1165
30,27.1230
30,27.1259
30,27.1697
30,27.3333
30,27.3977
30,27.5085
30,27.5125
30,27.5431
30,27.5909
30,27.7163
30,27.7497
30,27.8373
30,27.9216
30,27.9334
30,28.0865
30,28.2079
30,28.3356
30,28.3422
30,28.3925
30,28.4152
30,28.4473
30,28.5981
30,28.6943
30,28.7143
30,28.7356
30,28.8662
30,29.0826
30,29.1347
30,29.1426
30,29.3274
30,29.3388
30,29.4012
30,29.4795
30,29.5035
30,29.6490
30,29.6571
30,29.6930
30,29.7840
30,29.8106
30,29.8675
30,29.8716
30,29.8966
30,29.9350
30,30.0482
30,30.0985
30,30.1649
30,30.2301
30,30.2308
30,30.2840
30,30.3687
30,30.4574
30,30.5205
30,30.5620
30,30.5748
30,30.6380
30,30.6963
30,30.7186
30,30.9004
30,31.0822
30,31.1298
30,31.1601
30,31.2159
30,31.3949
30,31.4058
30,31.4357
30,31.4627
30,31.5278
30,31.5399
30,31.7285
30,31.7673
30,31.7840
30,31.7977
30,31.8108
30,31.9468
30,32.0209
30,32.1350
30,32.1369
30,32.2183
30,32.3740
30,32.4259
30,32.4967
30,32.5482
30,32.5571
30,32.5888
30,32.6383
30,32.6504
30,32.7226
30,32.8464
30,32.8691
30,32.9703
30,32.9936
30,33.0020
30,33.1713
30,33.2004
30,33.2662
30,33.2739
30,33.2789
30,33.2950
30,33.3755
30,33.4510
30,33.5148
30,33.5454
30,33.5869
30,33.6125
30,33.7270
30,33.7557
30,33.7628
30,33.8217
30,33.8326
30,33.8380
30,33.8432
30,33.8848
30,33.9464
30,33.9513
30,33.9914
30,34.0001
30,34.0467
30,34.2011
30,34.2488
30,34.3499
30,34.4050
30,34.5480
30,34.6294
30,34.6915
30,34.7340
30,34.7702
30,34.9333
30,34.9985
30,35.1748
30,35.1949
30,35.4031
30,35.4193
30,35.5284
30,35.5435
30,35.5501
30,35.5810
30,35.6145
30,35.7093
30,35.7346
30,35.7810
30,35.7997
30,35.8208
30,36.0248
30,36.0651
30,36.1143
30,36.1575
30,36.1867
30,36.2347
30,36.3558
30,36.4237
30,36.4858
30,36.4911
30,36.6594
30,36.6703
30,36.8264
30,36.8461
30,36.8643
30,36.9421
30,36.9596
30,36.9756
30,37.1049
30,37.1086
30,37.1890
30,37.1992
30,37.2896
30,37.2983
30,37.3910
30,37.4072
30,37.4437
30,37.4621
30,37.7851
30,37.7859
30,37.8129
30,37.8983
30,37.9104
30,37.9776
30,38.0434
30,38.0447
30,38.0735
30,38.0785
30,38.3376
30,38.3998
30,38.5286
30,38.5883
30,38.6930
30,38.7374
30,38.7538
30,38.9676
30,39.0271
30,39.0768
30,39.0867
30,39.1229
30,39.1268
30,39.1959
30,39.2664
30,39.3136
30,39.5031
30,39.5684
30,39.6232
30,39.6300
30,39.6603
30,40.1402
30,40.1421
30,40.1999
30,40.2578
30,40.3226
30,40.3905
30,40.4957
30,40.5705
30,40.5713
30,40.5733
30,40.5739
30,40.7763
30,40.7810
30,40.7891
30,40.8753
30,40.9562
30,41.0279
30,41.0360
30,41.0786
30,41.2435
30,41.2660
30,41.2684
30,41.2753
30,41.3065
30,41.3351
30,41.4183
30,41.4792
30,41.5915
30,41.7588
30,41.9174
30,41.9748
30,41.9810
30,42.1542
30,42.2166
30,42.2269
30,42.2713
30,42.3154
30,42.3334
30,42.4076
30,42.4163
30,42.4380
30,42.6461
30,42.7540
30,42.8748
30,43.0400
30,43.0586
30,43.0801
30,43.0873
30,43.2030
30,43.3298
30,43.3311
30,43.5111
30,43.5341
30,43.8992
30,43.9094
30,44.1012
30,44.1455
30,44.2165
30,44.2358
30,44.3477
30,44.4586
30,44.8900
30,45.0447
30,45.0759
30,45.0861
30,45.1184
30,45.2184
30,45.2557
30,45.3148
30,45.3436
30,45.4466
30,45.4876
30,45.5169
30,45.6252
30,45.7067
30,45.7086
30,45.7096
30,45.7280
30,45.7526
30,45.8201
30,45.9095
30,45.9520
30,46.0295
30,46.1521
30,46.1578
30,46.4728
30,46.4851
30,46.5512
30,46.6141
30,46.7015
30,46.7923
30,46.8724
30,46.9271
30,46.9439
30,47.0969
30,47.1478
30,47.2814
30,47.2976
30,47.3640
30,47.4166
30,47.5105
30,47.5350
30,47.6201
30,47.7304
30,47.7665
30,47.7668
30,47.7792
30,47.8258
30,47.8354
30,47.9658
30,47.9744
30,47.9754
30,48.0041
30,48.0475
30,48.0778
30,48.1315
30,48.5621
30,48.7774
30,48.8200
30,49.0423
30,49.0999
30,49.2272
30,49.2310
30,49.2641
30,49.5324
30,49.6031
30,49.6041
30,49.6483
30,49.6626
30,49.6949
30,49.7425
30,49.7568
30,49.7669
30,49.7944
30,49.8410
30,49.8832
30,49.9690
30,50.1571
30,50.1839
30,50.1919
30,50.2285
30,50.3941
30,50.4219
30,50.5003
30,50.5079
30,50.5453
30,50.5640
30,50.6231
30,50.6263
30,50.6322
30,50.6603
30,50.7323
30,50.8116
30,50.8718
30,50.9862
30,51.0407
30,51.1845
30,51.2598
30,51.2639
30,51.3192
30,51.3278
30,51.4126
30,51.4133
30,51.4343
30,51.5387
30,51.5785
30,51.7383
30,51.7690
30,51.7771
30,51.8520
30,51.8674
30,51.8687
30,51.9886
30,52.0145
30,52.0273
30,52.0279
30,52.1690
30,52.1756
30,52.1887
30,52.3546
30,52.3845
30,52.4114
30,52.4115
30,52.5007
30,52.5702
30,52.8361
30,52.9141
30,53.0818
30,53.1524
30,53.1749
30,53.3376
30,53.5709
30,53.6147
30,53.7072
30,53.8378
30,53.8749
30,53.9079
30,53.9365
30,54.0685
30,54.3250
30,54.3592
30,54.5543
30,54.5557
30,54.6613
30,54.8892
30,54.9339
30,54.9874
30,55.0741
30,55.1101
30,55.1871
30,55.2380
30,55.2398
30,55.2641
30,55.2812
30,55.3994
30,55.4561
30,55.4596
30,55.4997
30,55.5004
30,55.5145
30,55.5781
30,55.6365
30,55.7020
30,55.7742
30,55.9149
30,56.0087
30,56.0187
30,56.1256
30,56.1439
30,56.1815
30,56.2040
30,56.3113
30,56.3738
30,56.3982
30,56.4006
30,56.4704
30,56.4826
30,56.5655
30,56.7380
30,56.8518
30,56.9022
30,56.9164
30,56.9445
30,57.0726
30,57.1186
30,57.1327
30,57.1496
30,57.1962
30,57.2692
30,57.2766
30,57.3481
30,57.4222
30,57.4468
30,57.5108
30,57.5382
30,57.5558
30,57.6007
30,57.6051
30,57.6239
30,57.7784
30,57.9373
30,57.9402
30,57.9443
30,57.9456
30,57.9459
30,58.0531
30,58.1031
30,58.1394
30,58.2318
30,58.3200
30,58.3789
30,58.5563
30,58.5975
30,58.6542
30,58.7270
30,58.7757
30,58.8412
30,58.8620
30,58.9437
30,58.9456
30,58.9984
30,59.0049
30,59.0056
30,59.0127
30,59.0454
30,59.2686
30,59.4100
30,59.4314
30,59.8516
30,59.8685
30,59.8977
30,59.9419
30,59.9530
30,59.9777
31,0.0350
31,0.0621
31,0.0873
31,0.1362
31,0.1393
31,0.1426
31,0.1978
31,0.2546
31,0.3667
31,0.4406
31,0.4457
31,0.4479
31,0.5726
31,0.5958
31,0.6747
31,0.6776
31,0.7452
31,0.7542
31,0.9724
31,1.0269
31,1.1013
31,1.1763
31,1.2073
31,1.2866
31,1.2869
31,1.2982
31,1.3568
31,1.3911
31,1.5904
31,1.8063
31,1.8112
31,1.8811
31,1.9062
31,1.9812
31,2.1559
31,2.2220
31,2.2263
31,2.2389
31,2.2706
31,2.2782
31,2.2813
31,2.2950
31,2.4049
31,2.5252
31,2.5952
31,2.5993
31,2.7162
31,2.7502
31,2.7976
31,2.9563
31,2.9827
31,2.9994
31,3.0291
31,3.0678
31,3.1295
31,3.1952
31,3.2340
31,3.2676
31,3.2837
31,3.3646
31,3.3990
31,3.6143
31,3.6526
31,3.6723
31,3.6906
31,3.7306
31,3.8093
31,4.0294
31,4.0983
31,4.2058
31,4.2379
31,4.3501
31,4.5726
31,4.6793
31,4.7018
31,4.7455
31,4.8442
31,4.9774
31,5.0190
31,5.0333
31,5.0354
31,5.0968
31,5.1384
31,5.1387
31,5.1499
31,5.2253
31,5.2678
31,5.3577
31,5.3599
31,5.4320
31,5.5090
31,5.5605
31,5.7155
31,5.7404
31,5.9411
31,6.0134
31,6.0306
31,6.0874
31,6.1058
31,6.1286
31,6.1442
31,6.1909
31,6.1973
31,6.2330
31,6.3261
31,6.4964
31,6.5958
31,6.6173
31,6.6231
31,6.7384
31,6.7692
31,6.7792
31,6.7866
31,6.7973
31,6.9766
31,7.0769
31,7.1113
31,7.2365
31,7.2501
31,7.4030
31,7.4222
31,7.4531
31,7.5273
31,7.5380
31,7.5452
31,7.5734
31,7.5805
31,7.6345
31,7.6396
31,7.6715
31,7.6873
31,7.8426
31,7.9349
31,8.1085
31,8.1169
31,8.1416
31,8.2285
31,8.2556
31,8.4099
31,8.4977
31,8.6188
31,8.8713
31,8.9340
31,8.9498
31,9.0111
31,9.0353
31,9.1983
31,9.2171
31,9.2384
31,9.3745
31,9.4102
31,9.4124
31,9.4156
31,9.4485
31,9.4682
31,9.5225
31,9.6717
31,9.7366
31,9.7680
31,9.7731
31,9.8695
31,9.8775
31,9.8879
31,9.9135
31,10.1124
31,10.1402
31,10.1959
31,10.2093
31,10.2551
31,10.3137
31,10.3680
31,10.5390
31,10.5769
31,10.6044
31,10.7213
31,10.7337
31,10.8899
31,10.9211
31,10.9467
31,11.0255
31,11.0615
31,11.0622
31,11.1567
31,11.1839
31,11.2245
31,11.2728
31,11.2816
31,11.3004
31,11.4749
31,11.5358
31,11.5858
31,11.6143
31,11.6715
31,11.6863
31,11.7096
31,11.8783
31,11.8879
31,11.9010
31,11.9086
31,11.9152
31,11.9204
31,11.9554
31,11.9788
31,12.0084
31,12.0184
31,12.2981
31,12.3309
31,12.3347
31,12.3815
31,12.3828
31,12.5998
31,12.6788
31,12.6850
31,12.7084
31,12.7173
31,12.7331
31,12.8145
31,12.8487
31,12.9601
31,12.9807
31,13.0559
31,13.0757
31,13.1153
31,13.1214
31,13.1250
31,13.1381
31,13.2427
31,13.3154
31,13.5945
31,13.7996
31,13.8018
31,14.0037
31,14.0176
31,14.0302
31,14.0866
31,14.1381
31,14.2297
31,14.2401
31,14.2995
31,14.3466
31,14.3797
31,14.3882
31,14.5061
31,14.6466
31,14.7067
31,14.7461
31,14.7510
31,14.8215
31,14.9918
31,15.0328
31,15.0635
31,15.0707
31,15.1060
31,15.1260
31,15.1293
31,15.1416
31,15.1589
31,15.2137
31,15.2312
31,15.2488
31,15.3123
31,15.3892
31,15.4533
31,15.5949
31,15.7611
31,15.8120
31,15.8990
31,16.0075
31,16.2063
31,16.2320
31,16.2355
31,16.2586
31,16.2847
31,16.3078
31,16.3272
31,16.3332
31,16.4124
31,16.4128
31,16.4369
31,16.4373
31,16.5478
31,16.6134
31,16.6418
31,16.6520
31,16.7818
31,16.8094
31,16.8556
31,16.9941
31,17.0024
31,17.0735
31,17.1015
31,17.3149
31,17.3563
31,17.3756
31,17.5367
31,17.5998
31,17.6971
31,17.9384
31,18.0128
31,18.1426
31,18.2173
31,18.3121
31,18.3167
31,18.3673
31,18.3696
31,18.4069
31,18.4406
31,18.6497
31,18.7092
31,18.8226
31,18.8709
31,19.1957
31,19.2900
31,19.2987
31,19.3689
31,19.6243
31,19.6412
31,19.7166
31,19.7563
31,19.7719
31,19.8629
31,19.8996
31,19.9914
31,20.0107
31,20.0538
31,20.1604
31,20.2186
31,20.2589
31,20.2904
31,20.3157
31,20.3498
31,20.3500
31,20.6370
31,20.6936
31,20.7384
31,20.8838
31,20.9635
31,21.0604
31,21.3170
31,21.3551
31,21.3847
31,21.4122
31,21.5597
31,21.6093
31,21.6380
31,21.6443
31,21.8381
31,21.8651
31,21.8676
31,21.8787
31,21.9448
31,22.0192
31,22.0273
31,22.1062
31,22.1255
31,22.1490
31,22.3449
31,22.4131
31,22.7032
31,22.7499
31,22.9088
31,22.9369
31,22.9713
31,22.9857
31,23.0902
31,23.1393
31,23.3446
31,23.3751
31,23.3946
31,23.4275
31,23.5220
31,23.6490
31,23.6877
31,23.7446
31,23.7489
31,23.7767
31,23.7924
31,24.0054
31,24.0263
31,24.3452
31,24.4406
31,24.4696
31,24.5231
31,24.5306
31,24.6347
31,24.6734
31,24.7175
31,24.7587
31,25.0084
31,25.1087
31,25.1710
31,25.2005
31,25.2919
31,25.3236
31,25.5118
31,25.5344
31,25.5417
31,25.6288
31,25.6865
31,25.7024
31,26.0133
31,26.0392
31,26.0478
31,26.1282
31,26.2200
31,26.2906
31,26.3839
31,26.4979
31,26.5075
31,26.5713
31,26.6946
31,26.7451
31,26.7586
31,26.7798
31,26.8381
31,26.9201
31,26.9388
31,26.9409
31,27.0352
31,27.0860
31,27.1321
31,27.3736
31,27.5563
31,27.5728
31,27.7276
31,27.8084
31,27.8258
31,27.8599
31,27.9979
31,28.0873
31,28.0970
31,28.3473
31,28.3763
31,28.4095
31,28.4863
31,28.5928
31,28.5984
31,28.6235
31,28.8418
31,29.0976
31,29.1398
31,29.1650
31,29.1792
31,29.2717
31,29.2993
31,29.4137
31,29.4140
31,29.5146
31,29.5609
31,29.6474
31,29.6819
31,29.7830
31,29.8125
31,29.8680
31,29.8791
31,30.0040
31,30.1504
31,30.1639
31,30.2537
31,30.2667
31,30.2870
31,30.3134
31,30.3635
31,30.4123
31,30.4877
31,30.5253
31,30.7689
31,30.9672
31,31.0218
31,31.0463
31,31.0514
31,31.0592
31,31.1202
31,31.1394
31,31.3379
31,31.3788
31,31.4621
31,31.4686
31,31.5346
31,31.5439
31,31.5798
31,31.5884
31,31.6010
31,31.7064
31,31.7690
31,31.7787
31,31.7883
31,31.8180
31,31.9448
31,31.9645
31,31.9660
31,31.9979
31,32.0175
31,32.0228
31,32.0274
31,32.2196
31,32.2419
31,32.3031
31,32.4308
31,32.4530
31,32.4676
31,32.5585
31,32.5940
31,33.0478
31,33.0505
31,33.0716
31,33.1167
31,33.1210
31,33.1255
31,33.1379
31,33.1543
31,33.2521
31,33.2543
31,33.2769
31,33.2835
31,33.3768
31,33.4253
31,33.4316
31,33.5211
31,33.5250
31,33.5687
31,33.6576
31,33.7095
31,33.8192
31,33.8401
31,33.8772
31,33.8881
31,33.9660
31,34.0485
31,34.0656
31,34.1613
31,34.1827
31,34.1851
31,34.4031
31,34.4878
31,34.7715
31,34.8319
31,34.9270
31,35.0091
31,35.1051
31,35.1194
31,35.1758
31,35.2021
31,35.3157
31,35.3279
31,35.3353
31,35.3435
31,35.3704
31,35.5739
31,35.5999
31,35.6039
31,35.6989
31,35.7337
31,35.8215
31,35.8233
31,35.8396
31,35.9080
31,35.9138
31,36.0009
31,36.0335
31,36.0870
31,36.1435
31,36.2048
31,36.3386
31,36.3442
31,36.4828
31,36.4842
31,36.5285
31,36.5475
31,36.5666
31,36.5966
31,36.6320
31,36.7604
31,36.9147
31,37.1089
31,37.3295
31,37.4463
31,37.4702
31,37.4777
31,37.6637
31,37.7028
31,37.8844
31,37.8846
31,37.9584
31,37.9651
31,37.9767
31,38.0089
31,38.0153
31,38.0502
31,38.0970
31,38.2069
31,38.2325
31,38.3271
31,38.4088
31,38.5954
31,38.5981
31,38.7292
31,38.8944
31,39.0285
31,39.0868
31,39.1295
31,39.1503
31,39.2446
31,39.2667
31,39.2697
31,39.3532
31,39.4732
31,39.5551
31,39.7419
31,39.7447
31,39.7888
31,39.8009
31,39.8754
31,39.9690
31,39.9803
31,40.0409
31,40.0753
31,40.0890
31,40.1154
31,40.1319
31,40.1758
31,40.2185
31,40.3196
31,40.3202
31,40.3935
31,40.4726
31,40.5253
31,40.6175
31,40.6189
31,40.6213
31,40.7004
31,40.7663
31,40.8970
31,40.9333
31,40.9801
31,41.0960
31,41.1639
31,41.2312
31,41.2888
31,41.4982
31,41.5664
31,41.5760
31,41.5937
31,41.6020
31,41.6562
31,41.6597
31,41.7087
31,41.8056
31,41.8340
31,41.8580
31,41.8584
31,41.8864
31,41.9007
31,42.1121
31,42.2541
31,42.2561
31,42.3868
31,42.3934
31,42.4204
31,42.4838
31,42.5273
31,42.5691
31,42.6703
31,42.6716
31,42.8135
31,42.8969
31,43.1184
31,43.1333
31,43.1746
31,43.2002
31,43.2443
31,43.2920
31,43.3413
31,43.3510
31,43.4995
31,43.5837
31,43.7114
31,43.7151
31,43.7501
31,43.7739
31,43.8832
31,43.9019
31,43.9642
31,44.0158
31,44.0603
31,44.1118
31,44.1712
31,44.2554
31,44.2696
31,44.3788
31,44.3928
31,44.4033
31,44.4297
31,44.4810
31,44.5393
31,44.6434
31,44.7473
31,44.8102
31,44.8701
31,44.8856
31,44.8884
31,44.9263
31,44.9498
31,44.9609
31,45.0772
31,45.1159
31,45.2468
31,45.3619
31,45.4927
31,45.6372
31,45.7141
31,45.7318
31,45.7883
31,45.8049
31,45.8310
31,45.8531
31,45.8604
31,46.0340
31,46.0356
31,46.0689
31,46.0772
31,46.1536
31,46.2371
31,46.2672
31,46.2704
31,46.3810
31,46.3909
31,46.4695
31,46.4742
31,46.4780
31,46.5398
31,46.5849
31,46.6279
31,46.6715
31,46.8003
31,46.8055
31,46.8972
31,46.9129
31,46.9289
31,46.9350
31,47.0907
31,47.2138
31,47.2405
31,47.3007
31,47.3627
31,47.4171
31,47.4515
31,47.4792
31,47.5440
31,47.6218
31,47.6597
31,47.6808
31,47.8649
31,47.8728
31,47.9012
31,47.9209
31,47.9660
31,48.0009
31,48.0026
31,48.0415
31,48.1349
31,48.3225
31,48.3807
31,48.3932
31,48.4085
31,48.5201
31,48.7437
31,48.7919
31,48.8023
31,48.8543
31,48.9519
31,48.9733
31,49.0212
31,49.0273
31,49.0397
31,49.0463
31,49.1968
31,49.2837
31,49.3338
31,49.3952
31,49.4028
31,49.4076
31,49.4190
31,49.4275
31,49.5237
31,49.5286
31,49.6971
31,49.9015
31,49.9326
31,50.1631
31,50.2366
31,50.2826
31,50.2947
31,50.3307
31,50.3417
31,50.4327
31,50.4763
31,50.5954
31,50.6016
31,50.7358
31,50.8334
31,50.8423
31,50.9010
31,51.1934
31,51.2713
31,51.2866
31,51.3854
31,51.4297
31,51.4562
31,51.4780
31,51.6550
31,51.6611
31,51.6617
31,52.0052
31,52.1991
31,52.2630
31,52.3441
31,52.3740
31,52.4047
31,52.6611
31,52.7275
31,52.7306
31,52.7478
31,52.8855
31,52.8889
31,52.9040
31,52.9068
31,52.9282
31,52.9286
31,52.9841
31,53.0111
31,53.1207
31,53.1825
31,53.2700
31,53.3380
31,53.4278
31,53.5862
31,53.7528
31,53.8215
31,53.8441
31,53.8933
31,54.0120
31,54.0630
31,54.0698
31,54.0946
31,54.1255
31,54.1660
31,54.3052
31,54.4856
31,54.5091
31,54.5441
31,54.5692
31,54.6191
31,54.6772
31,54.7133
31,54.7379
31,54.7455
31,54.7478
31,54.7948
31,54.8008
31,54.9241
31,54.9287
31,55.0146
31,55.0493
31,55.2236
31,55.3381
31,55.5432
31,55.6052
31,55.7585
31,55.7623
31,55.7802
31,55.8386
31,55.9109
31,55.9885
31,55.9886
31,56.0023
31,56.1681
31,56.2029
31,56.3339
31,56.3544
31,56.4074
31,56.4590
31,56.5361
31,56.8812
31,56.8867
31,56.9059
31,57.0088
31,57.0286
31,57.0324
31,57.1201
31,57.2287
31,57.2339
31,57.3817
31,57.3977
31,57.4065
31,57.4390
31,57.5006
31,57.6539
31,57.7069
31,57.8100
31,57.8357
31,57.8830
31,57.9510
31,58.0504
31,58.1677
31,58.1872
31,58.2067
31,58.5059
31,58.6434
31,58.7554
31,58.7800
31,58.7804
31,58.8104
31,58.8465
31,58.8845
31,58.8858
31,58.9291
31,58.9928
31,59.0257
31,59.0536
31,59.2668
31,59.3041
31,59.3533
31,59.3540
31,59.3959
31,59.4342
31,59.4362
31,59.6059
31,59.6409
31,59.6644
31,59.7829
31,59.8691
31,59.8724
32,0.0370
32,0.1301
32,0.1367
32,0.1727
32,0.2123
32,0.3172
32,0.3480
32,0.4375
32,0.4404
32,0.5028
32,0.5278
32,0.5871
32,0.6166
32,0.6813
32,0.7072
32,0.7172
32,0.7661
32,0.7824
32,0.7880
32,0.8104
32,0.8259
32,0.8487
32,0.8640
32,0.8746
32,0.9153
32,0.9362
32,0.9767
32,1.0019
32,1.0576
32,1.0809
32,1.1022
32,1.2302
32,1.3872
32,1.3899
32,1.4040
32,1.4904
32,1.7243
32,1.8110
32,1.8596
32,1.8776
32,1.9385
32,2.0176
32,2.0769
32,2.1798
32,2.2441
32,2.3783
32,2.5610
32,2.5652
32,2.5826
32,2.6491
32,2.6495
32,2.6700
32,2.6859
32,2.6898
32,2.7784
32,2.8040
32,2.8127
32,2.9123
32,2.9205
32,2.9759
32,2.9829
32,2.9853
32,3.0034
32,3.1059
32,3.1681
32,3.1996
32,3.3671
32,3.4542
32,3.4768
32,3.4800
32,3.4814
32,3.5832
32,3.7081
32,3.7427
32,3.7917
32,3.7936
32,3.8535
32,3.9112
32,3.9517
32,4.0458
32,4.1626
32,4.2502
32,4.3250
32,4.3362
32,4.4445
32,4.4511
32,4.4534
32,4.4827
32,4.5940
32,4.6296
32,4.6460
32,4.6807
32,4.6838
32,4.7286
32,4.7593
32,4.8050
32,4.8069
32,4.9566
32,4.9839
32,5.0057
32,5.0137
32,5.0369
32,5.1358
32,5.2459
32,5.2914
32,5.3065
32,5.3766
32,5.3888
32,5.4237
32,5.5091
32,5.5712
32,5.5940
32,5.6380
32,5.8158
32,5.9045
32,5.9225
32,5.9581
32,5.9938
32,5.9960
32,6.0157
32,6.0290
32,6.0545
32,6.0838
32,6.0983
32,6.1528
32,6.1633
32,6.2242
32,6.2513
32,6.2665
32,6.2936
32,6.3369
32,6.3445
32,6.3568
32,6.3961
32,6.4171
32,6.4615
32,6.5467
32,6.5497
32,6.5893
32,6.6902
32,6.7064
32,6.7645
32,6.7939
32,6.8046
32,6.8589
32,6.9565
32,6.9703
32,6.9719
32,6.9825
32,7.0766
32,7.0988
32,7.1305
32,7.1552
32,7.2683
32,7.3305
32,7.3440
32,7.4099
32,7.4143
32,7.4614
32,7.4777
32,7.5005
32,7.5122
32,7.5421
32,7.5533
32,7.5543
32,7.6650
32,7.7461
32,7.7779
32,7.7859
32,7.8062
32,7.8793
32,7.9047
32,7.9850
32,8.0063
32,8.0418
32,8.1205
32,8.1520
32,8.1738
32,8.2071
32,8.3263
32,8.4334
32,8.4425
32,8.4713
32,8.5404
32,8.5412
32,8.5579
32,8.5605
32,8.6959
32,8.7856
32,8.7910
32,8.8135
32,8.8748
32,8.8901
32,8.9445
32,8.9628
32,9.0443
32,9.0543
32,9.1000
32,9.1380
32,9.1478
32,9.2118
32,9.2271
32,9.2356
32,9.3204
32,9.3334
32,9.4901
32,9.5433
32,9.7654
32,9.8276
32,9.8294
32,9.9213
32,10.1309
32,10.1649
32,10.2363
32,10.2821
32,10.2891
32,10.2994
32,10.3033
32,10.3815
32,10.4342
32,10.4345
32,10.5009
32,10.5073
32,10.6198
32,10.7717
32,10.7724
32,10.8147
32,10.8527
32,10.8710
32,11.0631
32,11.0906
32,11.0955
32,11.1806
32,11.2180
32,11.2647
32,11.2917
32,11.3281
32,11.3563
32,11.3886
32,11.3943
32,11.4344
32,11.4575
32,11.4578
32,11.4926
32,11.5089
32,11.6157
32,11.6275
32,11.6920
32,11.7161
32,11.7162
32,11.7486
32,11.7850
32,11.8266
32,11.9090
32,11.9582
32,11.9654
32,12.0423
32,12.1355
32,12.1954
32,12.4339
32,12.5816
32,12.6929
32,12.8103
32,12.8765
32,12.9612
32,12.9756
32,13.0007
32,13.0076
32,13.0142
32,13.0298
32,13.0590
32,13.0668
32,13.0697
32,13.1297
32,13.1514
32,13.2382
32,13.2753
32,13.3108
32,13.3158
32,13.3255
32,13.3426
32,13.3723
32,13.4222
32,13.5223
32,13.5412
32,13.5623
32,13.5851
32,13.6824
32,13.8124
32,13.9633
32,13.9979
32,14.0094
32,14.0395
32,14.0683
32,14.0753
32,14.1308
32,14.1887
32,14.2165
32,14.2543
32,14.2740
32,14.3268
32,14.3314
32,14.3718
32,14.3772
32,14.3776
32,14.4067
32,14.5133
32,14.5408
32,14.6100
32,14.6241
32,14.7526
32,14.7679
32,14.8439
32,14.8527
32,15.1243
32,15.2019
32,15.3969
32,15.4953
32,15.5301
32,15.6090
32,15.6429
32,15.6921
32,15.6998
32,15.8673
32,15.9355
32,15.9395
32,16.0199
32,16.0617
32,16.1121
32,16.1720
32,16.1829
32,16.2401
32,16.3392
32,16.3897
32,16.4041
32,16.4848
32,16.5948
32,16.7511
32,16.9690
32,17.1411
32,17.2088
32,17.2226
32,17.2957
32,17.2972
32,17.3909
32,17.5307
32,17.5308
32,17.6749
32,17.6990
32,17.7409
32,17.7422
32,17.7988
32,17.8042
32,17.8181
32,17.9244
32,18.0195
32,18.0875
32,18.1173
32,18.1971
32,18.2107
32,18.2699
32,18.2736
32,18.3230
32,18.3605
32,18.3658
32,18.3838
32,18.4553
32,18.4620
32,18.5367
32,18.5536
32,18.5660
32,18.6935
32,18.7136
32,18.7792
32,18.7985
32,18.8527
32,18.9260
32,18.9349
32,18.9443
32,18.9640
32,18.9919
32,18.9955
32,19.0288
32,19.0478
32,19.0723
32,19.1414
32,19.4093
32,19.4679
32,19.5184
32,19.5888
32,19.6870
32,19.7351
32,19.7968
32,19.8345
32,19.8685
32,19.8845
32,19.9101
32,20.0119
32,20.0544
32,20.0618
32,20.0946
32,20.2095
32,20.2234
32,20.2918
32,20.4709
32,20.4942
32,20.5274
32,20.6072
32,20.6194
32,20.7071
32,20.7285
32,20.7286
32,20.9180
32,20.9470
32,20.9843
32,20.9985
32,21.0190
32,21.0593
32,21.2089
32,21.2528
32,21.2602
32,21.3241
32,21.4139
32,21.5149
32,21.5822
32,21.6096
32,21.6401
32,21.6533
32,21.6725
32,21.7512
32,21.8222
32,21.9026
32,21.9686
32,21.9987
32,22.0100
32,22.0266
32,22.0319
32,22.0530
32,22.1605
32,22.2037
32,22.2082
32,22.2218
32,22.2366
32,22.2866
32,22.3399
32,22.3768
32,22.5444
32,22.5721
32,22.6441
32,22.6813
32,22.7076
32,22.7571
32,22.7715
32,22.7908
32,22.8724
32,23.0178
32,23.0940
32,23.1418
32,23.1664
32,23.1771
32,23.1941
32,23.2239
32,23.3286
32,23.3312
32,23.3672
32,23.4745
32,23.6110
32,23.7501
32,23.7612
32,23.7818
32,23.8938
32,23.9481
32,23.9604
32,24.0218
32,24.0553
32,24.1186
32,24.1779
32,24.2190
32,24.2321
32,24.2704
32,24.3075
32,24.4410
32,24.4588
32,24.5095
32,24.5573
32,24.7045
32,24.7132
32,24.7186
32,24.7937
32,24.8187
32,24.8196
32,24.9351
32,25.1102
32,25.1684
32,25.2572
32,25.3146
32,25.3632
32,25.3795
32,25.3877
32,25.3972
32,25.4224
32,25.4425
32,25.4596
32,25.4961
32,25.5682
32,25.5727
32,25.6127
32,25.6186
32,25.7057
32,25.7472
32,25.9042
32,25.9400
32,25.9712
32,25.9810
32,26.0294
32,26.1234
32,26.1932
32,26.2189
32,26.3232
32,26.3725
32,26.4247
32,26.6188
32,26.6253
32,26.6828
32,26.7397
32,26.8128
32,26.8426
32,26.9399
32,27.1368
32,27.2423
32,27.3399
32,27.3600
32,27.4609
32,27.7091
32,27.7915
32,27.8236
32,27.9226
32,27.9910
32,28.0024
32,28.0099
32,28.1391
32,28.2148
32,28.2329
32,28.2964
32,28.3875
32,28.4026
32,28.4101
32,28.4367
32,28.5257
32,28.5276
32,28.5747
32,28.6470
32,28.6561
32,28.7450
32,28.7808
32,28.8210
32,28.8315
32,28.8607
32,28.9145
32,28.9791
32,29.0327
32,29.0875
32,29.1058
32,29.1134
32,29.1378
32,29.1483
32,29.1730
32,29.2025
32,29.3036
32,29.3061
32,29.3721
32,29.5052
32,29.5900
32,29.7185
32,29.7489
32,29.7662
32,29.7930
32,29.8450
32,29.9326
32,29.9359
32,29.9811
32,29.9868
32,30.0022
32,30.0308
32,30.1518
32,30.1844
32,30.2275
32,30.2702
32,30.2764
32,30.3546
32,30.3737
32,30.4023
32,30.5386
32,30.5476
32,30.5950
32,30.6221
32,30.6578
32,30.7060
32,30.7851
32,30.8497
32,30.8653
32,31.0553
32,31.0786
32,31.0887
32,31.1016
32,31.1018
32,31.1083
32,31.1181
32,31.1691
32,31.2673
32,31.2691
32,31.3350
32,31.3441
32,31.3586
32,31.7142
32,31.7670
32,31.7918
32,31.8801
32,31.8827
32,32.0800
32,32.0887
32,32.1071
32,32.1533
32,32.2418
32,32.2707
32,32.3414
32,32.3563
32,32.3687
32,32.4276
32,32.4402
32,32.5161
32,32.6127
32,32.6964
32,32.7908
32,32.8192
32,32.8340
32,32.9254
32,32.9325
32,32.9580
32,32.9651
32,33.0113
32,33.0280
32,33.0532
32,33.0533
32,33.1820
32,33.2159
32,33.3170
32,33.3775
32,33.4287
32,33.4750
32,33.4998
32,33.5128
32,33.6220
32,33.6316
32,33.6528
32,33.7105
32,33.8225
32,33.8449
32,33.8724
32,33.9306
32,33.9335
32,33.9490
32,33.9630
32,33.9821
32,34.0177
32,34.0578
32,34.1116
32,34.1205
32,34.1838
32,34.3148
32,34.3651
32,34.3824
32,34.4013
32,34.4122
32,34.4620
32,34.4976
32,34.5036
32,34.5684
32,34.6892
32,34.6926
32,34.7427
32,34.7685
32,34.7704
32,34.9037
32,35.1273
32,35.1840
32,35.3497
32,35.4339
32,35.4754
32,35.5820
32,35.6583
32,35.7000
32,35.7218
32,35.7566
32,35.7682
32,35.7730
32,35.7976
32,35.8588
32,35.9256
32,36.0983
32,36.1095
32,36.1294
32,36.1446
32,36.2529
32,36.2557
32,36.3789
32,36.4198
32,36.5270
32,36.5556
32,36.6033
32,36.6186
32,36.6526
32,36.7187
32,36.7915
32,36.8163
32,36.8643
32,36.8722
32,37.1614
32,37.1893
32,37.2635
32,37.2737
32,37.2786
32,37.2832
32,37.3350
32,37.3529
32,37.3733
32,37.3944
32,37.4826
32,37.4850
32,37.4978
32,37.5244
32,37.6448
32,37.6647
32,37.6777
32,37.6901
32,37.7038
32,37.9001
32,37.9191
32,37.9424
32,37.9468
32,38.0617
32,38.1787
32,38.1911
32,38.2761
32,38.5293
32,38.5327
32,38.6301
32,38.6356
32,38.6533
32,38.6819
32,38.8441
32,38.9243
32,38.9829
32,39.0105
32,39.0227
32,39.0800
32,39.0858
32,39.1641
32,39.2151
32,39.2392
32,39.2553
32,39.5519
32,39.5543
32,39.6406
32,39.6477
32,39.6648
32,39.7000
32,39.8316
32,39.8450
32,39.8609
32,39.9670
32,40.1316
32,40.2500
32,40.2693
32,40.2793
32,40.2921
32,40.3531
32,40.3894
32,40.4644
32,40.4780
32,40.5876
32,40.7558
32,40.8212
32,40.8641
32,40.9461
32,40.9529
32,40.9631
32,40.9727
32,40.9760
32,41.1900
32,41.2157
32,41.2839
32,41.4339
32,41.4838
32,41.5127
32,41.5489
32,41.6113
32,41.6563
32,41.6637
32,41.7714
32,41.8247
32,41.8722
32,41.8985
32,41.9432
32,41.9581
32,42.0049
32,42.1624
32,42.1741
32,42.1833
32,42.2527
32,42.2641
32,42.3688
32,42.3929
32,42.4170
32,42.5286
32,42.5375
32,42.5619
32,42.6064
32,42.7197
32,42.7846
32,42.7889
32,42.7920
32,42.8207
32,42.8895
32,42.9575
32,42.9590
32,43.0035
32,43.0841
32,43.0934
32,43.1435
32,43.1475
32,43.1659
32,43.1834
32,43.2604
32,43.2952
32,43.3631
32,43.3833
32,43.5441
32,43.6041
32,43.6244
32,43.7040
32,43.7153
32,43.7306
32,43.7345
32,43.7665
32,43.9300
32,43.9496
32,43.9900
32,44.0633
32,44.0969
32,44.1287
32,44.1527
32,44.1812
32,44.1832
32,44.2343
32,44.2778
32,44.3618
32,44.3745
32,44.3753
32,44.3855
32,44.4258
32,44.4331
32,44.4499
32,44.4934
32,44.5051
32,44.5165
32,44.5217
32,44.5421
32,44.5613
32,44.6338
32,44.6931
32,44.7052
32,44.7442
32,44.7609
32,44.7752
32,44.8219
32,44.8317
32,44.8590
32,44.9918
32,45.0280
32,45.0735
32,45.1011
32,45.1415
32,45.2092
32,45.2969
32,45.3008
32,45.3104
32,45.3235
32,45.3265
32,45.3933
32,45.4259
32,45.4734
32,45.5126
32,45.7381
32,45.7984
32,45.8333
32,45.9793
32,46.0096
32,46.0890
32,46.1059
32,46.2188
32,46.2473
32,46.2638
32,46.3470
32,46.3501
32,46.3883
32,46.4946
32,46.5665
32,46.5903
32,46.6536
32,46.7856
32,46.8156
32,46.8388
32,46.8458
32,46.8544
32,46.9741
32,47.0379
32,47.0642
32,47.1431
32,47.1660
32,47.1668
32,47.2851
32,47.3196
32,47.3539
32,47.4218
32,47.4544
32,47.4552
32,47.4630
32,47.4901
32,47.6172
32,47.6633
32,47.6829
32,47.6881
32,47.7430
32,47.7795
32,47.8659
32,47.8927
32,47.9812
32,48.0149
32,48.0190
32,48.0746
32,48.1340
32,48.1992
32,48.2893
32,48.3220
32,48.3949
32,48.4377
32,48.5078
32,48.5179
32,48.6158
32,48.6226
32,48.6451
32,48.6479
32,48.6885
32,48.7366
32,48.7490
32,48.7664
32,48.8336
32,48.8450
32,48.9884
32,49.0654
32,49.0842
32,49.1011
32,49.1302
32,49.1582
32,49.1670
32,49.1711
32,49.2892
32,49.3034
32,49.3631
32,49.3979
32,49.4628
32,49.5345
32,49.5886
32,49.7024
32,49.7028
32,49.7544
32,49.7647
32,49.8181
32,49.8392
32,49.8830
32,49.9543
32,49.9779
32,49.9798
32,49.9966
32,50.0779
32,50.0954
32,50.2549
32,50.3604
32,50.4002
32,50.5010
32,50.5127
32,50.6390
32,50.6615
32,50.7571
32,50.8125
32,50.8147
32,50.9053
32,50.9897
32,51.0265
32,51.0730
32,51.0742
32,51.1348
32,51.1996
32,51.2112
32,51.2417
32,51.2478
32,51.2755
32,51.4056
32,51.4675
32,51.4942
32,51.7651
32,51.9832
32,51.9907
32,52.0408
32,52.1804
32,52.2619
32,52.3454
32,52.3966
32,52.5027
32,52.5066
32,52.5176
32,52.5251
32,52.5999
32,52.6475
32,52.7151
32,52.7230
32,52.7255
32,52.7517
32,52.8806
32,52.9824
32,53.1031
32,53.1149
32,53.2618
32,53.3245
32,53.4008
32,53.6758
32,53.8243
32,53.8447
32,53.9392
32,53.9785
32,53.9928
32,54.1070
32,54.1161
32,54.2225
32,54.4925
32,54.4965
32,54.5179
32,54.6059
32,54.6501
32,54.6542
32,54.7030
32,54.8121
32,54.8419
32,55.0151
32,55.0158
32,55.0720
32,55.0761
32,55.1081
32,55.1330
32,55.1391
32,55.2456
32,55.3382
32,55.3492
32,55.3706
32,55.3947
32,55.4575
32,55.4602
32,55.4881
32,55.5043
32,55.5609
32,55.5765
32,55.5874
32,55.5928
32,55.6068
32,55.6619
32,55.7311
32,55.8942
32,55.8953
32,55.9363
32,55.9385
32,56.1159
32,56.1448
32,56.2297
32,56.2771
32,56.3507
32,56.3529
32,56.3959
32,56.4091
32,56.4476
32,56.4898
32,56.5113
32,56.5779
32,56.6744
32,56.6796
32,56.6807
32,56.7876
32,56.8274
32,56.8640
32,57.0461
32,57.0643
32,57.0987
32,57.1589
32,57.1744
32,57.2077
32,57.2783
32,57.3158
32,57.3753
32,57.4629
32,57.4683
32,57.6055
32,57.6897
32,57.6956
32,57.7316
32,57.7394
32,57.8460
32,57.8967
32,57.9039
32,57.9219
32,58.0113
32,58.0201
32,58.0846
32,58.0905
32,58.1405
32,58.1764
32,58.2368
32,58.2550
32,58.2712
32,58.2730
32,58.3215
32,58.3624
32,58.3934
32,58.4731
32,58.4989
32,58.5235
32,58.5768
32,58.6061
32,58.7299
32,58.7461
32,58.7631
32,58.7793
32,58.8329
32,58.9145
32,58.9420
32,59.0610
32,59.0630
32,59.1520
32,59.3187
32,59.3617
32,59.4095
32,59.5282
32,59.5343
32,59.5663
32,59.5675
32,59.6386
32,59.6650
32,59.6832
32,59.8472
32,59.8597
32,59.9076
32,59.9329
33,0.0002
33,0.0194
33,0.3319
33,0.4436
33,0.4759
33,0.7027
33,0.8063
33,0.8135
33,0.8330
33,0.9407
33,0.9672
33,0.9990
33,1.0520
33,1.0555
33,1.0958
33,1.1283
33,1.1880
33,1.1999
33,1.2457
33,1.2700
33,1.3545
33,1.4042
33,1.4776
33,1.5014
33,1.6443
33,1.6772
33,1.6976
33,1.8123
33,1.9134
33,1.9430
33,2.0047
33,2.1138
33,2.2551
33,2.3029
33,2.3033
33,2.3175
33,2.3277
33,2.3359
33,2.3525
33,2.6532
33,2.6723
33,2.6817
33,2.6942
33,2.7943
33,3.0633
33,3.1006
33,3.2340
33,3.2577
33,3.4755
33,3.5574
33,3.5730
33,3.5865
33,3.6351
33,3.6395
33,3.6742
33,3.7437
33,3.8904
33,4.0403
33,4.0724
33,4.1254
33,4.2488
33,4.3535
33,4.3567
33,4.3672
33,4.4656
33,4.5197
33,4.5942
33,4.6889
33,4.8638
33,5.2730
33,5.2956
33,5.3397
33,5.4490
33,5.5169
33,5.5922
33,5.6536
33,5.7219
33,5.7223
33,5.7500
33,5.7935
33,5.8426
33,5.8540
33,6.0062
33,6.1421
33,6.1941
33,6.4263
33,6.8903
33,6.9479
33,6.9590
33,7.0559
33,7.0625
33,7.1949
33,7.2835
33,7.2863
33,7.3558
33,7.3675
33,7.8002
33,7.9271
33,8.0442
33,8.0912
33,8.1644
33,8.4008
33,8.4049
33,8.5882
33,8.5979
33,8.7503
33,8.8001
33,8.8017
33,8.8530
33,8.8629
33,8.8907
33,8.9325
33,8.9613
33,9.1236
33,9.2985
33,9.3096
33,9.3177
33,9.3292
33,9.3755
33,9.3853
33,9.4336
33,9.5111
33,9.5562
33,9.5749
33,9.6786
33,9.7132
33,9.9491
33,10.0399
33,10.0414
33,10.2271
33,10.3441
33,10.5529
33,10.5885
33,10.6371
33,10.6656
33,10.8689
33,10.8760
33,10.9284
33,10.9509
33,11.0680
33,11.4201
33,11.4382
33,11.5136
33,11.6205
33,11.6256
33,11.7252
33,11.7511
33,11.7904
33,11.8913
33,12.0834
33,12.2530
33,12.2533
33,12.2577
33,12.3216
33,12.3372
33,12.4903
33,12.5182
33,12.6325
33,12.7585
33,12.8199
33,13.1093
33,13.1906
33,13.3806
33,13.5459
33,13.6438
33,13.6725
33,13.6938
33,13.7054
33,13.7918
33,13.8472
33,13.8516
33,13.8575
33,13.8983
33,13.9012
33,13.9340
33,13.9746
33,13.9906
33,14.0515
33,14.1070
33,14.2883
33,14.3706
33,14.4266
33,14.4385
33,14.5363
33,14.5860
33,14.5860
33,14.6969
33,14.7409
33,14.7571
33,15.0462
33,15.0544
33,15.1282
33,15.2932
33,15.3291
33,15.3382
33,15.3842
33,15.3910
33,15.6418
33,15.8511
33,15.8557
33,15.9598
33,16.0316
33,16.0770
33,16.3029
33,16.3040
33,16.4324
33,16.5138
33,16.6852
33,16.7267
33,16.7333
33,16.7971
33,17.1195
33,17.2232
33,17.6843
33,17.6997
33,17.7102
33,17.9510
33,17.9638
33,18.0242
33,18.2089
33,18.2794
33,18.3316
33,18.3738
33,18.6005
33,18.6540
33,18.7785
33,18.8342
33,18.8351
33,18.8593
33,18.9693
33,19.0483
33,19.0709
33,19.2536
33,19.3445
33,19.6160
33,19.6406
33,19.9110
33,19.9879
33,20.3349
33,20.5244
33,20.5957
33,20.7136
33,20.8205
33,20.8406
33,20.8527
33,20.9753
33,21.1470
33,21.2241
33,21.2966
33,21.3038
33,21.3316
33,21.3623
33,21.3694
33,21.5326
33,21.6114
33,21.6359
33,21.6689
33,21.7201
33,21.7908
33,21.9309
33,22.0504
33,22.0646
33,22.0759
33,22.1161
33,22.2099
33,22.3713
33,22.3902
33,22.4049
33,22.6440
33,22.7182
33,22.7579
33,22.8601
33,23.0861
33,23.0886
33,23.2814
33,23.3044
33,23.6205
33,23.6224
33,23.6615
33,23.8654
33,23.8683
33,24.1302
33,24.1530
33,24.1653
33,24.3095
33,24.4142
33,24.5422
33,24.5809
33,24.5820
33,24.7371
33,25.1320
33,25.2851
33,25.3267
33,25.3558
33,25.4563
33,25.4695
33,25.6516
33,25.6632
33,25.7660
33,25.8582
33,26.1659
33,26.2671
33,26.3137
33,26.4880
33,26.5429
33,26.5974
33,26.6725
33,26.6797
33,26.7587
33,26.9072
33,26.9570
33,26.9957
33,27.0037
33,27.0362
33,27.0471
33,27.1185
33,27.3273
33,27.3491
33,27.4385
33,27.4543
33,27.4730
33,27.8014
33,27.8547
33,27.9830
33,28.1741
33,28.2181
33,28.3568
33,28.4275
33,28.4286
33,28.4762
33,28.6238
33,28.7244
33,28.7316
33,28.7365
33,28.8101
33,28.8570
33,28.8583
33,28.8946
33,28.9248
33,29.0372
33,29.1193
33,29.6198
33,29.8696
33,29.9615
33,30.1148
33,30.1777
33,30.5200
33,30.5613
33,30.7465
33,30.8535
33,30.8752
33,30.9374
33,30.9954
33,31.0032
33,31.1430
33,31.1627
33,31.3307
33,31.6516
33,31.7325
33,32.0306
33,32.0805
33,32.2551
33,32.2737
33,32.3117
33,32.3170
33,32.3252
33,32.3599
33,32.4003
33,32.7080
33,32.7426
33,32.8571
33,33.1967
33,33.5524
33,33.8598
33,34.1930
33,34.2089
33,34.4745
33,34.5282
33,34.6191
33,34.8091
33,34.8532
33,35.0902
33,35.1394
33,35.3299
33,35.4009
33,35.4343
33,35.4958
33,35.7133
33,35.8659
33,35.8749
33,35.9067
33,35.9517
33,36.1060
33,36.1097
33,36.1179
33,36.2133
33,36.2966
33,36.3407
33,36.3556
33,36.3644
33,36.4317
33,36.5523
33,36.6601
33,36.7530
33,36.8291
33,36.9458
33,37.1555
33,37.2192
33,37.2840
33,37.3444
33,37.4328
33,37.5180
33,37.7448
33,37.7939
33,37.8314
33,37.9622
33,38.4017
33,38.4651
33,38.6158
33,39.2111
33,39.4844
33,39.5272
33,39.6700
33,39.7434
33,39.9762
33,40.3072
33,40.3353
33,40.4835
33,40.4935
33,40.6161
33,41.0229
33,41.2779
33,41.4243
33,41.4964
33,41.7068
33,41.7906
33,41.9448
33,42.0097
33,42.0896
33,42.1440
33,42.2825
33,42.5429
33,42.9911
33,43.1590
33,43.3072
33,43.3686
33,43.4186
33,43.4646
33,43.8255
33,44.0540
33,44.3424
33,44.3795
33,44.3881
33,44.4731
33,44.4947
33,44.6199
33,44.6509
33,44.6612
33,44.7142
33,44.8328
33,44.9189
33,44.9423
33,45.0536
33,45.0575
33,45.1303
33,45.2141
33,45.2477
33,45.2526
33,45.4266
33,45.5937
33,45.6369
33,45.6713
33,45.6948
33,45.7405
33,45.8017
33,45.9481
33,45.9588
33,46.0902
33,46.2663
33,46.2874
33,46.5056
33,46.7409
33,46.8709
33,46.8833
33,47.0009
33,47.1199
33,47.1679
33,47.2836
33,47.3495
33,47.4211
33,47.4338
33,47.5657
33,47.9079
33,47.9368
33,47.9884
33,47.9990
33,48.0254
33,48.1339
33,48.2017
33,48.3709
33,48.4365
33,48.4754
33,48.5270
33,48.5986
33,48.6009
33,48.6277
33,48.7414
33,48.9119
33,48.9371
33,48.9656
33,48.9804
33,48.9866
33,49.0624
33,49.1164
33,49.2086
33,49.2616
33,49.4383
33,49.5645
33,49.5885
33,49.7190
33,50.0642
33,50.0695
33,50.0778
33,50.2061
33,50.2178
33,50.3108
33,50.4905
33,50.5861
33,50.5901
33,50.8385
33,50.9613
33,51.0157
33,51.0219
33,51.0814
33,51.0949
33,51.1614
33,51.3239
33,51.4399
33,51.5263
33,51.8767
33,52.3057
33,52.3090
33,52.3220
33,52.4643
33,52.6876
33,52.7005
33,52.7205
33,52.7595
33,52.8180
33,52.8381
33,52.8744
33,53.2041
33,53.3338
33,53.3699
33,53.4251
33,53.4616
33,53.6058
33,53.8037
33,53.8624
33,53.9042
33,53.9575
33,53.9898
33,53.9999
33,54.1007
33,54.2658
33,54.3498
33,54.4584
33,54.6136
33,54.6936
33,54.9238
33,54.9521
33,55.1089
33,55.1489
33,55.5168
33,55.6389
33,55.7880
33,55.8602
33,55.9275
33,56.0490
33,56.0896
33,56.1237
33,56.1365
33,56.1382
33,56.2153
33,56.2596
33,56.2746
33,56.3223
33,56.8660
33,56.8713
33,56.9087
33,56.9216
33,56.9740
33,57.1923
33,57.2117
33,57.3882
33,57.4941
33,57.5688
33,57.6464
33,57.7348
33,57.8022
33,57.8950
33,57.9295
33,57.9318
33,57.9682
33,57.9928
33,58.0565
33,58.0826
33,58.1359
33,58.3204
33,58.4710
33,58.5939
33,58.6347
33,58.6608
33,58.7342
33,58.9102
33,58.9702
33,58.9919
33,59.1061
33,59.1127
33,59.1329
33,59.1499
33,59.3791
33,59.3860
33,59.3955
33,59.4428
33,59.6214
33,59.8094
33,59.8336
33,59.8672
33,59.9250
33,59.9950
34,0.0039
34,0.0642
34,0.0798
34,0.1746
34,0.2670
34,0.2922
34,0.3063
34,0.5035
34,0.6064
34,0.6458
34,0.6645
34,0.6813
34,0.7246
34,0.7777
34,1.0694
34,1.2438
34,1.4883
34,1.5725
34,1.5988
34,1.8308
34,1.8331
34,1.9146
34,1.9512
34,2.0811
34,2.0848
34,2.0876
34,2.2503
34,2.3667
34,2.3849
34,2.4587
34,2.6371
34,2.8558
34,2.8774
34,2.8830
34,2.9400
34,2.9495
34,3.0057
34,3.0914
34,3.1593
34,3.1705
34,3.2725
34,3.3956
34,3.5018
34,3.5227
34,3.6177
34,3.6500
34,3.6643
34,4.1737
34,4.2145
34,4.3013
34,4.3437
34,4.6686
34,4.8790
34,5.0042
34,5.0172
34,5.0745
34,5.1203
34,5.2287
34,5.3899
34,5.4137
34,5.4730
34,5.4988
34,5.7163
34,5.8608
34,6.1302
34,6.2377
34,6.2398
34,6.2678
34,6.3086
34,6.3589
34,6.4427
34,6.5422
34,6.8930
34,6.9716
34,7.0062
34,7.0162
34,7.0868
34,7.1488
34,7.1991
34,7.3673
34,7.4068
34,7.4086
34,7.4408
34,7.6166
34,7.6424
34,7.7438
34,7.7776
34,7.9114
34,7.9250
34,8.0862
34,8.1425
34,8.3959
34,8.5487
34,8.6085
34,8.6537
34,8.6857
34,9.1769
34,9.1879
34,9.2583
34,9.4925
34,9.4985
34,9.6164
34,9.6359
34,9.6401
34,9.7571
34,9.8654
34,9.8995
34,9.9404
34,10.0134
34,10.2825
34,10.4026
34,10.4805
34,10.5939
34,10.6995
34,10.7071
34,10.9291
34,11.0156
34,11.0436
34,11.1098
34,11.1456
34,11.3936
34,11.5316
34,11.5382
34,11.5870
34,11.6308
34,11.8173
34,12.1263
34,12.1822
34,12.3411
34,12.4541
34,12.5653
34,12.6105
34,12.6176
34,12.6245
34,12.8408
34,12.8589
34,12.8773
34,12.9729
34,12.9941
34,13.1960
34,13.2565
34,13.2710
34,13.2803
34,13.5678
34,13.6041
34,13.6481
34,13.6769
34,13.6874
34,13.7451
34,13.7593
34,13.8255
34,13.9454
34,13.9741
34,14.0405
34,14.1435
34,14.2431
34,14.3564
34,14.3873
34,14.5022
34,14.5624
34,14.6157
34,14.9642
34,15.1479
34,15.2577
34,15.2744
34,15.2838
34,15.3059
34,15.5758
34,15.5883
34,15.6684
34,15.7791
34,15.8407
34,16.0389
34,16.0475
34,16.0783
34,16.1625
34,16.2955
34,16.3720
34,16.5230
34,16.6248
34,16.7395
34,16.7579
34,17.1043
34,17.1712
34,17.1723
34,17.3220
34,17.3469
34,17.3556
34,17.4144
34,17.4380
34,17.5335
34,17.5635
34,17.5666
34,17.9573
34,17.9716
34,18.0937
34,18.1991
34,18.5003
34,18.6109
34,18.6338
34,18.7984
34,19.2019
34,19.2141
34,19.2545
34,19.2770
34,19.4444
34,19.6157
34,19.6461
34,19.6735
34,19.6969
34,19.7084
34,19.7229
34,19.7782
34,19.7955
34,19.8928
34,20.1537
34,20.1637
34,20.2373
34,20.3106
34,20.4256
34,20.4516
34,20.4763
34,20.6181
34,20.6249
34,20.7439
34,20.8298
34,20.9491
34,20.9782
34,21.0823
34,21.2137
34,21.2594
34,21.3214
34,21.4879
34,21.5684
34,21.5755
34,21.8051
34,21.8292
34,21.9740
34,22.0752
34,22.2784
34,22.3523
34,22.4264
34,22.4716
34,22.5292
34,22.7974
34,22.9337
34,23.0824
34,23.0912
34,23.1259
34,23.1903
34,23.2285
34,23.2619
34,23.5444
34,23.6189
34,23.6329
34,23.6593
34,23.6668
34,23.7158
34,23.9683
34,24.0565
34,24.0975
34,24.1747
34,24.2884
34,24.3413
34,24.4120
34,24.6385
34,24.8363
34,24.9686
34,24.9946
34,24.9982
34,25.0134
34,25.0145
34,25.0378
34,25.0702
34,25.0820
34,25.1239
34,25.1644
34,25.2326
34,25.3654
34,25.5950
34,25.6252
34,25.9451
34,26.0901
34,26.5180
34,26.6397
34,26.6778
34,26.7515
34,26.8117
34,26.9564
34,27.0149
34,27.0588
34,27.1986
34,27.2176
34,27.2503
34,27.3233
34,27.5007
34,27.5460
34,27.7330
34,27.7466
34,27.9581
34,27.9914
34,28.0571
34,28.2189
34,28.2537
34,28.3768
34,28.4784
34,28.5254
34,28.5433
34,28.5560
34,28.5868
34,28.6964
34,28.8491
34,28.8931
34,29.0647
34,29.2712
34,29.3329
34,29.4451
34,29.5430
34,29.9733
34,29.9919
34,30.0225
34,30.0555
34,30.1256
34,30.1396
34,30.1850
34,30.4255
34,30.5180
34,30.5195
34,30.5574
34,30.7717
34,30.8533
34,30.8628
34,31.0515
34,31.0571
34,31.1077
34,31.2439
34,31.3517
34,31.3682
34,31.5157
34,31.6432
34,31.7276
34,31.9647
34,31.9667
34,32.0515
34,32.1841
34,32.2022
34,32.2149
34,32.2982
34,32.3154
34,32.4695
34,32.4838
34,32.6741
34,32.6886
34,32.7197
34,32.9929
34,33.1280
34,33.2605
34,33.2871
34,33.3856
34,33.4346
34,33.5411
34,33.5886
34,33.6730
34,33.9118
34,33.9302
34,34.3844
34,34.5704
34,34.5892
34,34.6874
34,34.6999
34,35.5893
34,35.6262
34,35.6546
34,35.7099
34,35.8284
34,35.9341
34,35.9377
34,36.0509
34,36.0993
34,36.2949
34,36.3460
34,36.3540
34,36.4009
34,36.4464
34,36.6013
34,36.6555
34,36.8189
34,36.8466
34,36.8559
34,36.9454
34,37.0042
34,37.0411
34,37.0581
34,37.0896
34,37.3289
34,37.6046
34,37.7076
34,37.7202
34,37.7659
34,37.8127
34,38.0147
34,38.1733
34,38.2413
34,38.3617
34,38.3715
34,38.3754
34,38.4310
34,38.4490
34,38.6939
34,38.7267
34,38.7318
34,38.8724
34,38.8998
34,38.9260
34,38.9590
34,38.9713
34,39.0022
34,39.1530
34,39.2280
34,39.2332
34,39.3190
34,39.3201
34,39.3974
34,39.4583
34,39.4625
34,39.5584
34,39.6282
34,39.6518
34,39.7854
34,40.0208
34,40.0804
34,40.1017
34,40.1965
34,40.3049
34,40.3421
34,40.3860
34,40.5823
34,40.7452
34,40.8266
34,40.8795
34,40.9754
34,41.0102
34,41.2195
34,41.2714
34,41.3156
34,41.4632
34,41.4867
34,41.5206
34,41.5275
34,41.5629
34,41.5833
34,41.5912
34,41.6130
34,41.6399
34,41.6514
34,41.6527
34,41.6918
34,41.9791
34,42.0134
34,42.0978
34,42.1005
34,42.1042
34,42.1388
34,42.2943
34,42.3278
34,42.3692
34,42.7185
34,42.7788
34,43.0573
34,43.1097
34,43.3375
34,43.3872
34,43.4069
34,43.4896
34,43.7505
34,43.8730
34,43.9518
34,43.9937
34,44.0123
34,44.2715
34,44.5031
34,44.5923
34,44.6694
34,44.7346
34,45.0894
34,45.2340
34,45.4087
34,45.7633
34,45.7666
34,46.0345
34,46.2367
34,46.2711
34,46.2778
34,46.5663
34,46.6257
34,46.6400
34,46.6548
34,46.6992
34,46.9279
34,46.9304
34,47.2144
34,47.2458
34,47.3500
34,47.4029
34,47.4667
34,47.5586
34,47.7389
34,47.7997
34,47.8429
34,48.0549
34,48.3694
34,48.5003
34,48.6544
34,48.7116
34,48.7190
34,48.7212
34,48.9029
34,48.9180
34,49.0264
34,49.0272
34,49.0350
34,49.0894
34,49.2955
34,49.3736
34,49.6016
34,49.7097
34,49.7099
34,49.8481
34,49.8535
34,50.1867
34,50.3400
34,50.4840
34,50.5443
34,50.7113
34,50.7427
34,50.9651
34,50.9670
34,51.1009
34,51.2243
34,51.6881
34,51.7741
34,51.7938
34,51.8025
34,51.8585
34,52.0338
34,52.0515
34,52.1414
34,52.3068
34,52.3233
34,52.3262
34,52.4809
34,52.5034
34,52.6799
34,52.7537
34,52.8308
34,52.8800
34,52.9417
34,52.9572
34,53.0019
34,53.0446
34,53.3588
34,53.4380
34,53.4516
34,53.4630
34,53.5224
34,53.5254
34,53.5653
34,53.5808
34,53.6781
34,53.7052
34,54.0080
34,54.2246
34,54.4801
34,54.6233
34,54.6256
34,54.7428
34,54.8042
34,55.0908
34,55.3852
34,55.4317
34,55.5634
34,55.5979
34,55.6481
34,55.6712
34,55.7227
34,55.7263
34,55.9336
34,55.9395
34,56.0607
34,56.1874
34,56.2898
34,56.6449
34,56.6502
34,56.9912
34,57.0434
34,57.2037
34,57.3084
34,57.3972
34,57.4517
34,57.5256
34,57.5387
34,57.6610
34,57.9108
34,57.9205
34,57.9888
34,58.0235
34,58.1482
34,58.2203
34,58.4021
34,58.4575
34,58.5817
34,58.5944
34,58.6527
34,58.8705
34,58.9420
34,59.0026
34,59.0813
34,59.1147
34,59.2340
34,59.3245
34,59.3912
34,59.4323
34,59.4459
34,59.5058
34,59.5680
34,59.6152
34,59.6866
34,59.7170
34,59.9367
35,0.1673
35,0.3038
35,0.3113
35,0.5037
35,0.8464
35,0.8517
35,0.9241
35,0.9650
35,1.0573
35,1.0974
35,1.1477
35,1.1970
35,1.2328
35,1.3508
35,1.4237
35,1.5675
35,1.6274
35,1.7277
35,1.7409
35,1.7550
35,1.8761
35,1.9560
35,2.0019
35,2.0252
35,2.0407
35,2.0621
35,2.0890
35,2.0943
35,2.1512
35,2.1601
35,2.2046
35,2.2135
35,2.2160
35,2.2314
35,2.6925
35,2.7054
35,2.8019
35,2.9783
35,2.9878
35,3.1542
35,3.2110
35,3.2707
35,3.3689
35,3.5308
35,3.5353
35,3.5947
35,3.5976
35,3.6707
35,3.6922
35,3.9650
35,4.0032
35,4.1059
35,4.1370
35,4.2992
35,4.3609
35,4.3662
35,4.4382
35,4.4814
35,4.5707
35,4.5917
35,4.6066
35,4.7502
35,4.8419
35,4.8941
35,5.0182
35,5.1168
35,5.1203
35,5.1483
35,5.1684
35,5.2543
35,5.4435
35,5.5907
35,5.6305
35,5.6497
35,5.6862
35,5.7609
35,5.8832
35,6.0165
35,6.0539
35,6.1168
35,6.1308
35,6.2360
35,6.3157
35,6.3650
35,6.4788
35,6.5934
35,6.6851
35,6.7032
35,6.8017
35,6.8696
35,6.8703
35,6.9756
35,7.0117
35,7.0273
35,7.0294
35,7.4393
35,7.4782
35,7.6274
35,7.7437
35,8.0976
35,8.3087
35,8.3656
35,8.4890
35,8.5247
35,8.5500
35,8.8526
35,8.9468
35,9.0515
35,9.0964
35,9.1891
35,9.3277
35,9.5370
35,9.5389
35,9.6598
35,9.6752
35,9.6774
35,9.6881
35,9.7664
35,9.9044
35,9.9433
35,9.9548
35,10.2710
35,10.3307
35,10.3508
35,10.4088
35,10.4722
35,10.6135
35,10.6239
35,10.6589
35,10.6788
35,10.7623
35,10.7978
35,10.8568
35,10.8966
35,10.9289
35,11.0114
35,11.0281
35,11.0624
35,11.1104
35,11.1688
35,11.2029
35,11.2872
35,11.3836
35,11.6466
35,11.6641
35,11.9553
35,11.9871
35,12.0188
35,12.0208
35,12.0741
35,12.0896
35,12.1857
35,12.1911
35,12.3700
35,12.4270
35,12.4368
35,12.5185
35,12.5413
35,12.7415
35,12.7801
35,12.7815
35,12.9611
35,13.0042
35,13.0621
35,13.0763
35,13.1953
35,13.2003
35,13.3068
35,13.3835
35,13.3884
35,13.5261
35,13.6443
35,13.6996
35,13.7933
35,13.8224
35,14.0130
35,14.1499
35,14.1590
35,14.1677
35,14.2973
35,14.5363
35,14.5688
35,14.6936
35,14.7075
35,14.7604
35,14.8396
35,14.9070
35,14.9436
35,14.9456
35,14.9633
35,15.1610
35,15.1813
35,15.2468
35,15.2987
35,15.3366
35,15.3372
35,15.4045
35,15.6596
35,15.6857
35,15.7391
35,15.7709
35,15.7770
35,15.8151
35,15.9585
35,16.0259
35,16.0399
35,16.1009
35,16.1599
35,16.2247
35,16.3842
35,16.4030
35,16.6459
35,16.7943
35,16.8127
35,16.8863
35,16.9474
35,17.0391
35,17.1668
35,17.2240
35,17.3614
35,17.7177
35,17.7765
35,17.9335
35,18.0017
35,18.2816
35,18.2851
35,18.3342
35,18.5315
35,18.5360
35,18.6985
35,18.8416
35,19.0034
35,19.1024
35,19.1183
35,19.1485
35,19.2764
35,19.3034
35,19.4321
35,19.7277
35,19.7661
35,19.8421
35,19.8618
35,19.9131
35,19.9640
35,20.1687
35,20.3269
35,20.3483
35,20.4340
35,20.4348
35,20.5101
35,20.6278
35,20.7272
35,20.7345
35,20.7649
35,20.7677
35,20.9488
35,20.9550
35,21.0173
35,21.0322
35,21.1627
35,21.2112
35,21.2389
35,21.2537
35,21.3412
35,21.4016
35,21.4412
35,21.4829
35,21.5034
35,21.8573
35,21.8938
35,21.9369
35,22.0014
35,22.1215
35,22.3122
35,22.3917
35,22.4948
35,22.6034
35,22.7499
35,22.8305
35,22.8846
35,23.0560
35,23.1599
35,23.1760
35,23.1922
35,23.2436
35,23.3104
35,23.4256
35,23.5540
35,23.5704
35,23.5849
35,23.7129
35,23.7649
35,23.8497
35,24.0430
35,24.0848
35,24.2748
35,24.4516
35,24.4605
35,24.5124
35,24.5551
35,24.8992
35,24.9284
35,25.0692
35,25.3425
35,25.4513
35,25.5084
35,25.5593
35,25.5808
35,25.6176
35,25.6179
35,25.6787
35,25.6999
35,25.7641
35,25.8900
35,25.9216
35,25.9662
35,26.0875
35,26.2719
35,26.5202
35,26.5343
35,26.6281
35,26.7251
35,26.7451
35,26.8085
35,26.8578
35,26.8663
35,26.9050
35,26.9052
35,26.9266
35,27.1366
35,27.1538
35,27.2682
35,27.3872
35,27.8663
35,27.9305
35,27.9816
35,28.2597
35,28.3671
35,28.4119
35,28.4454
35,28.6701
35,28.9531
35,29.0308
35,29.0370
35,29.1881
35,29.2781
35,29.4623
35,29.4773
35,29.6444
35,29.6537
35,29.6735
35,29.7278
35,29.7911
35,29.9673
35,29.9772
35,30.0315
35,30.0557
35,30.1022
35,30.2294
35,30.3122
35,30.5565
35,30.6170
35,30.7550
35,30.8776
35,30.9618
35,30.9985
35,31.1325
35,31.1406
35,31.1548
35,31.2277
35,31.3692
35,31.3826
35,31.5138
35,31.5807
35,31.7862
35,31.7907
35,31.7925
35,31.8221
35,31.9008
35,31.9016
35,32.0085
35,32.0370
35,32.0768
35,32.2072
35,32.2213
35,32.2650
35,32.3890
35,32.4010
35,32.4020
35,32.4280
35,32.4643
35,32.7411
35,32.8550
35,32.9939
35,33.0632
35,33.1478
35,33.1752
35,33.1970
35,33.2516
35,33.2881
35,33.3799
35,33.4187
35,33.4251
35,33.5233
35,33.5680
35,33.6297
35,33.8276
35,33.9495
35,33.9858
35,34.1298
35,34.1904
35,34.1914
35,34.2412
35,34.3387
35,34.4054
35,34.4283
35,34.6603
35,34.7430
35,35.0930
35,35.1325
35,35.4928
35,35.6626
35,35.6964
35,35.7900
35,35.8696
35,35.9008
35,35.9338
35,35.9621
35,36.0059
35,36.1057
35,36.1188
35,36.1910
35,36.2289
35,36.2672
35,36.4289
35,36.6234
35,36.6339
35,36.6995
35,36.7993
35,36.8052
35,36.9284
35,36.9422
35,36.9517
35,37.1034
35,37.1849
35,37.4751
35,37.4900
35,37.5283
35,37.6984
35,37.7157
35,37.7398
35,37.7809
35,37.9821
35,38.0282
35,38.0400
35,38.0666
35,38.1539
35,38.1714
35,38.2119
35,38.2348
35,38.4463
35,38.4489
35,38.5424
35,38.5489
35,38.7146
35,38.7778
35,38.7797
35,38.8467
35,39.0564
35,39.4212
35,39.4535
35,39.4586
35,39.7046
35,39.7274
35,39.8956
35,39.9305
35,39.9479
35,40.1503
35,40.1715
35,40.2219
35,40.3430
35,40.4767
35,40.5481
35,40.6737
35,40.7039
35,40.7156
35,40.7186
35,40.8874
35,41.0010
35,41.0182
35,41.0250
35,41.0711
35,41.1629
35,41.1703
35,41.2199
35,41.3699
35,41.4540
35,41.4736
35,41.4920
35,41.5257
35,41.5521
35,41.5997
35,41.6962
35,41.7271
35,41.7479
35,41.7707
35,41.8757
35,41.9401
35,41.9583
35,42.0377
35,42.0473
35,42.1708
35,42.2140
35,42.2488
35,42.2594
35,42.4260
35,42.4325
35,42.5154
35,42.5372
35,42.6286
35,42.6527
35,42.7911
35,42.8119
35,42.8221
35,42.8348
35,42.8498
35,42.9073
35,43.0735
35,43.0749
35,43.2392
35,43.3762
35,43.4209
35,43.5691
35,43.6847
35,43.7827
35,43.9295
35,43.9692
35,44.0039
35,44.0109
35,44.0480
35,44.0905
35,44.1234
35,44.1343
35,44.1943
35,44.6702
35,44.6917
35,44.7883
35,44.8322
35,44.8832
35,44.8862
35,44.9184
35,45.2081
35,45.2744
35,45.2894
35,45.4253
35,45.4896
35,45.6469
35,45.6563
35,45.8504
35,46.0912
35,46.1603
35,46.1995
35,46.3324
35,46.3428
35,46.3620
35,46.4769
35,46.5028
35,46.5869
35,46.7271
35,46.7576
35,46.8156
35,46.9500
35,47.0160
35,47.1549
35,47.1604
35,47.1751
35,47.2560
35,47.2963
35,47.3330
35,47.4500
35,47.5471
35,47.5970
35,47.6626
35,47.6730
35,47.7079
35,47.7158
35,47.7747
35,47.7823
35,47.7824
35,48.0983
35,48.1989
35,48.3060
35,48.3894
35,48.4457
35,48.5845
35,48.8393
35,49.0433
35,49.3511
35,49.4073
35,49.4833
35,49.4879
35,49.5068
35,49.6141
35,49.6146
35,49.6291
35,49.6861
35,49.7538
35,49.9623
35,50.1606
35,50.1642
35,50.4072
35,50.5417
35,50.5579
35,50.6177
35,50.7796
35,50.8423
35,50.9299
35,51.0459
35,51.2070
35,51.2189
35,51.2447
35,51.5248
35,51.5856
35,51.9446
35,52.1022
35,52.5426
35,52.8728
35,52.9267
35,53.0090
35,53.0953
35,53.1233
35,53.2872
35,53.3169
35,53.3661
35,53.5757
35,53.5961
35,53.6007
35,53.6065
35,53.9659
35,53.9835
35,54.0220
35,54.0282
35,54.1396
35,54.1859
35,54.2322
35,54.2498
35,54.3056
35,54.3243
35,54.4069
35,54.5460
35,54.5604
35,54.6279
35,54.7894
35,54.9339
35,55.0409
35,55.0575
35,55.1793
35,55.1915
35,55.3249
35,55.3518
35,55.3672
35,55.5416
35,55.7032
35,55.7670
35,55.8093
35,55.9962
35,55.9970
35,56.0042
35,56.2772
35,56.3209
35,56.3543
35,56.4881
35,56.8364
35,56.9483
35,57.0326
35,57.2169
35,57.2641
35,57.2891
35,57.3166
35,57.3352
35,57.3426
35,57.3690
35,57.3872
35,57.4233
35,57.5362
35,57.5516
35,57.6437
35,57.6937
35,57.7411
35,57.7713
35,57.8170
35,58.0545
35,58.1060
35,58.2403
35,58.2583
35,58.2668
35,58.2670
35,58.3709
35,58.3939
35,58.4442
35,58.6178
35,58.6525
35,58.6661
35,58.7184
35,58.7516
35,58.8439
35,59.0521
35,59.1994
35,59.2496
35,59.2631
35,59.5651
35,59.6504
35,59.9617
36,0.0177
36,0.1076
36,0.4911
36,0.5400
36,0.7051
36,0.7298
36,0.9416
36,0.9524
36,1.0374
36,1.3652
36,1.5858
36,1.6241
36,1.6643
36,1.8063
36,1.9383
36,2.1230
36,2.1414
36,2.3556
36,2.4299
36,2.5285
36,2.6842
36,2.8346
36,2.9249
36,3.2223
36,3.2326
36,3.3019
36,3.5993
36,3.6048
36,3.7587
36,3.8483
36,4.0392
36,4.1278
36,4.1356
36,4.1504
36,4.2107
36,4.4523
36,4.4709
36,4.5871
36,4.6461
36,4.8022
36,4.8279
36,4.8387
36,4.8889
36,5.2309
36,5.5445
36,5.5680
36,5.5718
36,5.5797
36,6.0031
36,6.0195
36,6.0510
36,6.2951
36,6.3713
36,6.4177
36,6.6536
36,6.7751
36,6.7889
36,7.0672
36,7.3406
36,7.3630
36,7.3957
36,7.5142
36,7.6732
36,7.7570
36,7.7600
36,7.7632
36,7.9209
36,7.9697
36,7.9784
36,8.0863
36,8.3564
36,8.5255
36,8.6230
36,8.6492
36,8.6999
36,8.7066
36,8.8122
36,8.8392
36,8.9869
36,9.1144
36,9.3676
36,9.5912
36,9.5914
36,10.0998
36,10.1648
36,10.4533
36,10.6718
36,10.7098
36,10.8762
36,11.0534
36,11.3162
36,11.4433
36,11.4892
36,11.6855
36,11.7029
36,11.7366
36,12.0040
36,12.1114
36,12.1245
36,12.1683
36,12.1946
36,12.2421
36,12.5902
36,12.7781
36,12.9738
36,12.9789
36,13.2402
36,13.3025
36,13.4405
36,13.6706
36,13.7634
36,13.8274
36,13.8855
36,14.0135
36,14.2402
36,14.4516
36,14.4868
36,14.7290
36,14.7987
36,14.8388
36,15.0369
36,15.0515
36,15.1772
36,15.5876
36,15.7573
36,16.1394
36,16.2267
36,16.2570
36,16.5596
36,16.8478
36,16.8557
36,17.0788
36,17.0803
36,17.0870
36,17.1451
36,17.1591
36,17.2879
36,17.3912
36,17.5893
36,17.7868
36,18.0372
36,18.1298
36,18.3627
36,18.4872
36,18.5089
36,18.5870
36,18.6377
36,18.6604
36,18.9070
36,19.2132
36,19.2630
36,19.5082
36,19.5525
36,19.5804
36,20.0111
36,20.0670
36,20.0934
36,20.4375
36,20.5579
36,20.6214
36,20.6706
36,20.7701
36,20.8331
36,20.9815
36,21.0368
36,21.0527
36,21.1518
36,21.4712
36,21.4785
36,21.5974
36,21.7879
36,21.8636
36,22.0226
36,22.1862
36,22.1904
36,22.3655
36,22.3718
36,22.5627
36,22.8252
36,22.8470
36,22.8858
36,23.0625
36,23.2467
36,23.4254
36,23.4454
36,23.5421
36,23.7152
36,23.7795
36,23.8999
36,24.1058
36,24.1255
36,24.5700
36,24.7025
36,24.7515
36,24.7753
36,24.8459
36,24.8896
36,24.9022
36,25.2390
36,25.3186
36,25.3261
36,25.4042
36,25.5448
36,25.6229
36,25.6510
36,25.7666
36,25.8362
36,26.0637
36,26.4801
36,26.4869
36,26.5324
36,26.5558
36,26.6096
36,26.7246
36,26.8029
36,26.9558
36,26.9960
36,27.0890
36,27.1201
36,27.6829
36,27.7810
36,27.8726
36,27.8894
36,28.1133
36,28.1426
36,28.2175
36,28.4099
36,28.5678
36,28.8537
36,28.8537
36,29.0674
36,29.1755
36,29.2013
36,29.3169
36,29.6747
36,30.0066
36,30.1059
36,30.1926
36,30.5095
36,30.8335
36,30.8701
36,30.8845
36,31.0323
36,31.6470
36,31.6584
36,31.7503
36,31.8517
36,31.8547
36,31.9913
36,32.0730
36,32.0994
36,32.1908
36,32.4004
36,32.4658
36,32.5544
36,32.7088
36,32.7207
36,32.8961
36,33.0203
36,33.1792
36,33.6824
36,33.7235
36,33.7482
36,33.8468
36,33.9953
36,34.1426
36,34.2068
36,34.2609
36,34.3635
36,34.3836
36,34.4930
36,34.5165
36,34.6021
36,34.6135
36,34.7304
36,34.7836
36,34.8179
36,34.8280
36,35.1779
36,35.2657
36,35.3823
36,35.5539
36,35.5711
36,35.7598
36,35.7618
36,35.7750
36,35.8518
36,35.9390
36,35.9502
36,36.0735
36,36.3083
36,36.5597
36,36.6771
36,36.6915
36,36.7342
36,36.8223
36,36.8267
36,36.8731
36,36.9361
36,37.0175
36,37.1349
36,37.4470
36,37.5513
36,37.5675
36,37.7374
36,38.1142
36,38.3203
36,38.3976
36,38.4480
36,38.4564
36,38.4666
36,38.5075
36,38.7080
36,38.7224
36,38.7808
36,39.0485
36,39.0801
36,39.1292
36,39.2473
36,39.4279
36,39.4995
36,39.5159
36,39.5550
36,39.7523
36,39.8113
36,39.8334
36,40.0062
36,40.3961
36,40.4470
36,40.6936
36,40.9115
36,40.9630
36,40.9947
36,41.1185
36,41.2608
36,41.3235
36,41.5171
36,41.5187
36,41.6431
36,41.7724
36,41.8162
36,41.8474
36,41.8765
36,41.8895
36,42.2614
36,42.4965
36,42.5240
36,42.5644
36,42.7422
36,42.7585
36,42.9308
36,43.2151
36,43.2314
36,43.3533
36,43.4295
36,43.4789
36,43.4847
36,43.5484
36,43.6219
36,43.6479
36,43.7446
36,44.0852
36,44.0941
36,44.2984
36,44.3377
36,44.3419
36,44.3527
36,44.3711
36,44.4180
36,44.4938
36,44.7732
36,44.7765
36,44.7778
36,44.9259
36,44.9368
36,44.9455
36,45.4880
36,45.5143
36,45.5476
36,45.6778
36,45.7947
36,46.1328
36,46.1746
36,46.2274
36,46.3175
36,46.3184
36,46.3666
36,46.4239
36,46.5124
36,46.5408
36,46.6571
36,47.2561
36,47.2622
36,47.2688
36,47.3250
36,47.4467
36,47.5608
36,47.6942
36,47.8667
36,48.2665
36,48.4053
36,48.5232
36,48.6895
36,48.7280
36,48.8934
36,49.0866
36,49.2117
36,49.3161
36,49.3174
36,49.6556
36,50.0785
36,50.0991
36,50.1883
36,50.2034
36,50.3682
36,50.6175
36,50.7060
36,51.4688
36,51.6680
36,51.6695
36,51.7411
36,51.9024
36,52.0017
36,52.0665
36,52.0814
36,52.1052
36,52.2108
36,52.2496
36,52.4586
36,52.5601
36,52.8911
36,53.0133
36,53.0361
36,53.0420
36,53.1219
36,53.2396
36,53.3438
36,53.3655
36,53.3757
36,53.5093
36,53.5291
36,53.5426
36,53.5724
36,53.9149
36,54.0362
36,54.1013
36,54.1632
36,54.2354
36,54.2665
36,54.5240
36,54.5356
36,54.5908
36,54.6528
36,54.6740
36,54.8411
36,54.9280
36,55.1338
36,55.2314
36,55.2994
36,55.3658
36,55.3835
36,55.5592
36,55.6729
36,55.8582
36,55.8919
36,55.9012
36,56.1447
36,56.1821
36,56.3207
36,56.4920
36,56.5158
36,56.8836
36,56.9281
36,56.9895
36,57.3288
36,57.5524
36,58.0024
36,58.0199
36,58.0634
36,58.2526
36,58.6372
36,58.7465
36,58.7978
36,58.8147
36,59.1998
36,59.2412
36,59.3848
36,59.7893
36,59.8509
36,59.8817
37,0.0295
37,0.1700
37,0.1932
37,0.3594
37,0.3937
37,0.5006
37,0.5293
37,0.6919
37,0.8202
37,1.0456
37,1.2497
37,1.4074
37,1.5084
37,1.6185
37,1.6943
37,1.7482
37,1.7665
37,1.9349
37,2.1746
37,2.3218
37,2.9462
37,3.1117
37,3.2525
37,3.3817
37,3.3874
37,3.3920
37,3.4274
37,3.4878
37,3.6146
37,3.6265
37,3.6589
37,3.8273
37,3.9613
37,4.0592
37,4.6979
37,4.8609
37,4.9260
37,5.0260
37,5.0319
37,5.0940
37,5.2186
37,5.2605
37,5.3014
37,5.4607
37,5.5332
37,5.5676
37,5.7046
37,5.9793
37,5.9946
37,6.0517
37,6.2454
37,6.2551
37,6.5024
37,6.6662
37,7.0855
37,7.2229
37,7.5882
37,7.6909
37,7.7496
37,7.8646
37,7.9285
37,8.0085
37,8.1463
37,8.5002
37,8.6811
37,8.9566
37,9.4259
37,9.4905
37,9.5801
37,9.6116
37,9.6295
37,9.8890
37,10.0822
37,10.2660
37,10.5130
37,10.5795
37,10.6271
37,10.7051
37,10.8204
37,10.8223
37,10.8278
37,11.0428
37,11.3453
37,11.6021
37,12.0054
37,12.0220
37,12.0605
37,12.1125
37,12.1546
37,12.2188
37,12.3456
37,12.3627
37,13.1880
37,13.4769
37,13.5953
37,13.6736
37,13.7117
37,14.2917
37,14.5610
37,14.6140
37,14.8722
37,15.2591
37,15.4524
37,15.5941
37,15.6939
37,16.1426
37,16.2356
37,16.5664
37,16.8807
37,16.8863
37,16.9452
37,17.0608
37,17.0722
37,17.0795
37,17.5113
37,17.5779
37,17.6026
37,17.6530
37,17.7328
37,17.7897
37,17.8011
37,17.8757
37,18.4138
37,18.5279
37,18.8813
37,19.0093
37,19.1138
37,19.4009
37,19.6208
37,19.6860
37,19.7654
37,20.0557
37,20.0915
37,20.1153
37,20.2334
37,20.3444
37,20.4225
37,20.4249
37,20.4847
37,20.6596
37,21.0653
37,21.1198
37,21.3295
37,21.3680
37,21.7436
37,21.8016
37,21.8214
37,21.8376
37,21.9266
37,22.1570
37,22.4464
37,22.6799
37,22.7113
37,22.9510
37,23.1816
37,23.2303
37,23.3252
37,23.3791
37,23.4880
37,23.6615
37,23.8056
37,23.9799
37,23.9964
37,24.2431
37,24.2723
37,24.3817
37,24.4324
37,24.5810
37,24.6061
37,24.6251
37,24.6321
37,24.6420
37,24.6558
37,25.2985
37,25.4778
37,25.5286
37,25.5597
37,25.6353
37,25.8009
37,25.8477
37,26.0366
37,26.1836
37,26.3540
37,26.5147
37,26.5872
37,26.8579
37,26.9670
37,27.0926
37,27.1344
37,27.3679
37,27.5834
37,27.5995
37,27.6362
37,27.8046
37,27.9832
37,28.0632
37,28.7407
37,28.8541
37,28.8754
37,28.8824
37,28.9537
37,29.1068
37,29.2319
37,29.2808
37,29.3142
37,29.4275
37,29.5863
37,29.6442
37,29.8900
37,29.9376
37,30.0657
37,30.7548
37,30.8092
37,31.0416
37,31.1687
37,31.2679
37,31.3365
37,31.3655
37,31.4278
37,31.4409
37,31.4881
37,31.5540
37,32.2011
37,32.2946
37,32.3246
37,32.4293
37,32.5732
37,32.8050
37,32.9022
37,32.9216
37,32.9283
37,33.1364
37,33.1379
37,33.3041
37,33.3991
37,33.6006
37,33.6344
37,33.7746
37,33.7779
37,33.7933
37,33.8652
37,33.9118
37,33.9639
37,34.0833
37,34.1019
37,34.4386
37,34.6975
37,34.7086
37,34.7935
37,34.8892
37,35.0137
37,35.1162
37,35.1770
37,35.3015
37,35.3452
37,35.8656
37,35.8687
37,35.9778
37,36.0247
37,36.1567
37,36.2066
37,36.3169
37,36.8564
37,36.8762
37,36.9365
37,36.9532
37,37.1018
37,37.1708
37,37.4045
37,37.4804
37,37.7022
37,37.7042
37,37.9293
37,37.9990
37,38.0278
37,38.5030
37,38.5568
37,38.5728
37,38.8102
37,38.9196
37,38.9421
37,39.3265
37,39.4641
37,39.5985
37,39.6575
37,39.8639
37,40.1429
37,40.1453
37,40.2194
37,40.3638
37,40.5769
37,40.8477
37,40.8656
37,40.9649
37,40.9747
37,41.1846
37,41.2892
37,41.3331
37,41.4843
37,41.5395
37,41.5647
37,41.5833
37,41.5877
37,41.6147
37,41.6624
37,41.7988
37,41.8738
37,42.1357
37,42.1955
37,42.3029
37,42.5638
37,42.6409
37,42.6821
37,42.9506
37,42.9516
37,43.7316
37,43.8948
37,44.1063
37,45.5153
37,45.5828
37,45.7374
37,45.8005
37,45.9393
37,46.0651
37,46.0891
37,46.1858
37,46.2389
37,46.3372
37,46.6012
37,46.6195
37,46.8126
37,46.8568
37,47.1593
37,47.1736
37,47.3220
37,47.6501
37,47.7043
37,47.8515
37,48.0079
37,48.1583
37,48.3829
37,48.4465
37,48.4826
37,48.7584
37,48.8486
37,48.8779
37,49.0674
37,49.0805
37,49.1126
37,49.3520
37,49.4506
37,49.4687
37,49.4899
37,49.5306
37,49.6436
37,49.6892
37,49.8078
37,49.9344
37,50.0210
37,50.5297
37,50.5814
37,50.6230
37,50.6320
37,50.6363
37,50.8384
37,51.1594
37,51.4118
37,51.4587
37,51.5057
37,51.5474
37,51.5734
37,51.8303
37,51.9669
37,52.2472
37,52.2848
37,52.4689
37,52.6843
37,52.7416
37,52.7482
37,52.7589
37,53.2481
37,53.2757
37,53.3926
37,53.6219
37,53.6434
37,53.7504
37,53.7814
37,53.8845
37,53.8963
37,53.8984
37,54.0060
37,54.0431
37,54.3622
37,54.4644
37,54.4837
37,54.6357
37,54.7435
37,55.1341
37,55.1801
37,55.2244
37,55.3218
37,55.4999
37,55.5230
37,55.6748
37,56.7419
37,56.9986
37,57.1597
37,57.1694
37,57.2500
37,57.3340
37,57.3495
37,57.4263
37,57.7302
37,57.8135
37,57.8463
37,57.8474
37,57.9186
37,58.5238
37,58.7216
37,58.7822
37,58.9975
37,59.0257
37,59.0524
37,59.0800
37,59.3302
37,59.4625
37,59.4738
37,59.6882
37,59.9350
38,0.0407
38,0.0458
38,0.1024
38,0.1584
38,0.1905
38,0.4114
38,0.5324
38,0.7297
38,0.7692
38,1.0209
38,1.0309
38,1.0612
38,1.0958
38,1.1068
38,1.1590
38,1.2200
38,1.2662
38,1.2848
38,1.3351
38,1.3522
38,1.5279
38,1.6834
38,1.7419
38,2.0090
38,2.0363
38,2.0944
38,2.1105
38,2.2105
38,2.2318
38,2.2376
38,2.3064
38,2.4983
38,2.5407
38,2.6178
38,2.7524
38,2.7808
38,2.9681
38,3.0982
38,3.1465
38,3.2507
38,3.3246
38,3.5615
38,3.6931
38,3.7131
38,3.7455
38,3.7553
38,3.7823
38,3.9664
38,4.0015
38,4.1187
38,4.1722
38,4.3204
38,4.3213
38,4.3815
38,4.4357
38,4.5083
38,4.5096
38,4.7099
38,4.7807
38,4.8601
38,4.9082
38,4.9739
38,4.9980
38,5.0375
38,5.0505
38,5.0749
38,5.3023
38,5.3130
38,5.4926
38,5.4959
38,5.4969
38,5.5340
38,5.6298
38,5.6450
38,5.6803
38,5.7576
38,5.8703
38,6.2097
38,6.3135
38,6.5081
38,6.5376
38,6.5394
38,6.6282
38,6.6529
38,6.7100
38,6.8606
38,6.8769
38,6.9117
38,7.0046
38,7.1329
38,7.1427
38,7.1925
38,7.2920
38,7.4108
38,7.4206
38,7.8530
38,7.9044
38,7.9375
38,7.9651
38,7.9674
38,7.9692
38,7.9790
38,8.0168
38,8.0840
38,8.1336
38,8.1748
38,8.1945
38,8.2296
38,8.2673
38,8.3182
38,8.3495
38,8.3831
38,8.3955
38,8.4221
38,8.4419
38,8.4554
38,8.5865
38,8.6306
38,8.7106
38,8.7743
38,8.8271
38,9.0495
38,9.0756
38,9.0833
38,9.0945
38,9.2001
38,9.2763
38,9.3152
38,9.3253
38,9.3796
38,9.3890
38,9.4213
38,9.4332
38,9.4430
38,9.4628
38,9.5496
38,9.5894
38,9.6771
38,9.7277
38,9.9610
38,9.9724
38,10.3337
38,10.4876
38,10.7723
38,10.7781
38,10.9538
38,10.9842
38,11.0386
38,11.0641
38,11.1169
38,11.1347
38,11.1366
38,11.2130
38,11.3148
38,11.3720
38,11.4128
38,11.4366
38,11.6460
38,11.7387
38,11.7486
38,12.0423
38,12.1106
38,12.2132
38,12.2887
38,12.2965
38,12.4342
38,12.5626
38,12.5778
38,12.6004
38,12.6050
38,12.6464
38,12.6573
38,12.6995
38,12.7244
38,12.7485
38,12.8427
38,12.9708
38,12.9923
38,13.0871
38,13.1619
38,13.2638
38,13.3366
38,13.5728
38,13.7272
38,13.7929
38,13.9663
38,14.0126
38,14.1433
38,14.2391
38,14.2819
38,14.4383
38,14.7677
38,14.7931
38,14.9560
38,14.9586
38,15.0302
38,15.1455
38,15.2428
38,15.3780
38,15.4308
38,15.4706
38,15.4722
38,15.5187
38,15.5239
38,15.5830
38,15.7520
38,15.8487
38,15.9903
38,16.0208
38,16.0279
38,16.0403
38,16.0713
38,16.1265
38,16.1582
38,16.2251
38,16.2883
38,16.3960
38,16.4974
38,16.5340
38,16.5751
38,16.6592
38,16.6934
38,16.8788
38,16.8865
38,16.8974
38,16.9491
38,17.1485
38,17.1956
38,17.3582
38,17.4299
38,17.4469
38,17.6082
38,17.6258
38,17.7394
38,17.7433
38,17.7691
38,17.9576
38,17.9733
38,18.0719
38,18.1397
38,18.1501
38,18.2156
38,18.2585
38,18.2711
38,18.4001
38,18.4149
38,18.4762
38,18.6105
38,18.8880
38,19.0573
38,19.2622
38,19.5295
38,19.6397
38,19.7501
38,19.7874
38,19.9043
38,19.9431
38,20.1402
38,20.2073
38,20.2256
38,20.2575
38,20.4591
38,20.4859
38,20.6891
38,20.7181
38,20.7359
38,20.7582
38,21.0261
38,21.1783
38,21.1869
38,21.2928
38,21.2940
38,21.3154
38,21.5528
38,21.5932
38,21.8815
38,21.9866
38,21.9902
38,22.0692
38,22.1121
38,22.1391
38,22.2433
38,22.3819
38,22.4036
38,22.4966
38,22.5757
38,22.6162
38,22.6725
38,22.7398
38,22.7780
38,22.7785
38,22.8142
38,22.8465
38,22.8585
38,22.8869
38,23.1638
38,23.1690
38,23.2530
38,23.5592
38,23.5949
38,23.6376
38,23.6709
38,23.6713
38,23.7223
38,23.7560
38,23.7991
38,23.8131
38,23.8482
38,23.8980
38,24.1675
38,24.3143
38,24.3752
38,24.3854
38,24.3890
38,24.4889
38,24.5343
38,24.5615
38,24.5704
38,24.6505
38,24.6585
38,24.6658
38,24.7286
38,24.9576
38,25.0640
38,25.0725
38,25.1783
38,25.2703
38,25.2920
38,25.3155
38,25.5057
38,25.5617
38,25.6097
38,25.6351
38,25.8091
38,25.8665
38,25.9754
38,25.9809
38,26.0754
38,26.1599
38,26.2749
38,26.3308
38,26.4072
38,26.6896
38,26.7495
38,27.0717
38,27.1692
38,27.2809
38,27.3229
38,27.3545
38,27.4639
38,27.6026
38,27.7293
38,27.8404
38,27.8961
38,27.9098
38,27.9183
38,27.9856
38,28.1151
38,28.2112
38,28.2352
38,28.3180
38,28.3953
38,28.8160
38,28.8285
38,28.8664
38,28.9266
38,28.9369
38,29.1880
38,29.2161
38,29.3790
38,29.3912
38,29.5473
38,29.7101
38,29.7340
38,29.8382
38,29.8560
38,29.9537
38,30.0974
38,30.1011
38,30.2066
38,30.2794
38,30.5538
38,30.6428
38,30.6559
38,30.6876
38,30.7058
38,30.7757
38,30.9347
38,30.9691
38,31.1195
38,31.1822
38,31.2715
38,31.3142
38,31.3196
38,31.3413
38,31.3554
38,31.4280
38,31.4926
38,31.6184
38,31.6517
38,31.7573
38,31.7937
38,31.8240
38,31.9455
38,31.9831
38,32.0442
38,32.0607
38,32.1712
38,32.2481
38,32.4972
38,32.5974
38,32.6075
38,32.7396
38,32.8561
38,32.9401
38,32.9975
38,33.0312
38,33.0678
38,33.0708
38,33.1889
38,33.2570
38,33.3152
38,33.3622
38,33.4290
38,33.4647
38,33.6372
38,33.8552
38,33.8632
38,34.0993
38,34.1974
38,34.3472
38,34.5865
38,34.5991
38,34.7750
38,34.8234
38,34.8771
38,34.8868
38,34.9729
38,35.0907
38,35.3114
38,35.3250
38,35.3375
38,35.3654
38,35.3716
38,35.6778
38,35.6989
38,35.7649
38,35.7950
38,35.9004
38,35.9174
38,36.0158
38,36.4159
38,36.7302
38,36.7879
38,36.8211
38,36.8322
38,36.9248
38,36.9935
38,37.1440
38,37.1603
38,37.2642
38,37.2717
38,37.2873
38,37.2993
38,37.3361
38,37.4539
38,37.5275
38,37.5924
38,37.6651
38,37.8598
38,37.9914
38,38.0464
38,38.2749
38,38.2995
38,38.4878
38,38.5529
38,38.5743
38,38.5935
38,38.6196
38,38.8784
38,38.9282
38,38.9897
38,39.0731
38,39.0890
38,39.1454
38,39.3385
38,39.3828
38,39.4288
38,39.4328
38,39.4689
38,39.5053
38,39.7448
38,39.9103
38,40.0461
38,40.0511
38,40.1184
38,40.1854
38,40.2182
38,40.3311
38,40.3433
38,40.4220
38,40.4646
38,40.5024
38,40.5794
38,40.7529
38,40.7626
38,40.7915
38,40.8998
38,40.9911
38,41.0344
38,41.1364
38,41.1971
38,41.2786
38,41.3304
38,41.3346
38,41.3600
38,41.4152
38,41.4333
38,41.6617
38,41.9443
38,42.0097
38,42.1394
38,42.1421
38,42.2051
38,42.2624
38,42.2838
38,42.3471
38,42.4479
38,42.5397
38,42.5553
38,42.5641
38,42.6727
38,42.7052
38,42.7095
38,42.7683
38,42.9766
38,42.9800
38,42.9960
38,43.0502
38,43.1045
38,43.1112
38,43.1426
38,43.2223
38,43.3598
38,43.3821
38,43.4357
38,43.5285
38,43.5412
38,43.6096
38,43.8991
38,43.9261
38,44.0798
38,44.0817
38,44.1473
38,44.2129
38,44.2816
38,44.3917
38,44.4412
38,44.5077
38,44.5513
38,44.6283
38,44.7340
38,44.8644
38,44.9131
38,44.9999
38,45.1164
38,45.5281
38,45.6535
38,45.7725
38,45.8807
38,46.0040
38,46.0720
38,46.3432
38,46.4966
38,46.5560
38,46.6756
38,46.8856
38,46.9128
38,46.9581
38,46.9586
38,47.0237
38,47.0708
38,47.1085
38,47.3006
38,47.3813
38,47.4927
38,47.4959
38,47.5498
38,47.5963
38,47.6735
38,47.8309
38,47.8379
38,47.8793
38,47.9416
38,47.9575
38,47.9694
38,47.9722
38,48.0079
38,48.0432
38,48.1735
38,48.1900
38,48.2852
38,48.4132
38,48.6842
38,48.7214
38,48.7941
38,48.8259
38,48.8876
38,48.9301
38,48.9332
38,48.9524
38,49.0172
38,49.1019
38,49.2116
38,49.2766
38,49.3937
38,49.4855
38,49.5495
38,49.5911
38,49.7194
38,49.7334
38,49.8608
38,49.8615
38,50.0704
38,50.2636
38,50.2657
38,50.3927
38,50.4312
38,50.6507
38,50.7492
38,50.8137
38,50.9912
38,51.1945
38,51.2055
38,51.4214
38,51.4503
38,51.6325
38,51.6739
38,51.7069
38,51.7464
38,51.7810
38,51.8326
38,51.8563
38,52.1607
38,52.1721
38,52.2498
38,52.2766
38,52.3712
38,52.7715
38,52.9396
38,52.9523
38,53.1825
38,53.3627
38,53.9770
38,54.2120
38,54.3417
38,54.5311
38,54.6415
38,54.6641
38,54.8096
38,54.8278
38,54.8946
38,54.9173
38,55.2665
38,55.3300
38,55.5129
38,55.5648
38,55.5711
38,55.5818
38,55.7798
38,55.8071
38,55.8378
38,55.9600
38,56.0264
38,56.2366
38,56.2808
38,56.4279
38,56.6302
38,56.7406
38,56.7585
38,56.8431
38,57.0276
38,57.1941
38,57.1944
38,57.2236
38,57.2432
38,57.3694
38,57.4428
38,57.4479
38,57.5178
38,57.5385
38,57.5650
38,57.6217
38,57.7083
38,58.1836
38,58.3752
38,58.3901
38,58.4026
38,58.4175
38,58.4689
38,58.4729
38,58.7032
38,58.7220
38,58.7888
38,58.8977
38,59.2098
38,59.2167
38,59.2647
38,59.3049
38,59.4590
38,59.4885
38,59.5325
38,59.5473
38,59.5620
38,59.5664
38,59.6966
38,59.8266
38,59.8437
38,59.9576
39,0.0570
39,0.2147
39,0.2170
39,0.3307
39,0.3364
39,0.7042
39,0.7909
39,0.8172
39,0.9979
39,1.0127
39,1.0182
39,1.2154
39,1.3720
39,1.4276
39,1.7058
39,1.7066
39,2.1442
39,2.3747
39,2.4566
39,2.5813
39,2.7872
39,2.8329
39,3.0557
39,3.7110
39,3.8635
39,3.8926
39,3.9995
39,4.1282
39,4.1857
39,4.2987
39,4.3298
39,4.4486
39,4.5469
39,4.6134
39,4.9392
39,5.0279
39,5.0596
39,5.3866
39,5.4352
39,5.5070
39,5.6769
39,5.9045
39,6.0185
39,6.1090
39,6.6656
39,6.7751
39,6.8815
39,6.9633
39,6.9662
39,7.0497
39,7.1824
39,7.2940
39,7.3509
39,7.3714
39,7.3758
39,7.5308
39,7.5990
39,7.6701
39,8.0343
39,8.0822
39,8.1511
39,8.2423
39,8.2469
39,8.2789
39,8.4059
39,8.9770
39,8.9875
39,9.3835
39,9.6014
39,9.9044
39,9.9759
39,10.3122
39,10.3811
39,10.3833
39,10.4580
39,10.5939
39,10.5955
39,10.6258
39,10.8576
39,11.1679
39,11.3925
39,11.5026
39,11.5722
39,11.7906
39,11.8972
39,11.9739
39,12.1461
39,12.3228
39,12.3794
39,12.4444
39,12.4671
39,12.5724
39,12.6991
39,12.7210
39,12.7612
39,12.8165
39,12.8271
39,12.8961
39,13.0169
39,13.1700
39,13.5717
39,13.6709
39,14.1771
39,14.3493
39,14.4027
39,14.4834
39,14.5535
39,14.7980
39,15.2346
39,15.2590
39,15.3210
39,15.4108
39,15.4528
39,15.7847
39,15.8017
39,15.8056
39,15.8576
39,16.3718
39,16.4220
39,16.4369
39,16.4731
39,16.6885
39,16.7509
39,16.7654
39,16.7810
39,16.8431
39,17.0005
39,17.0804
39,17.2369
39,17.4222
39,17.5966
39,17.6286
39,17.7071
39,17.7422
39,17.8288
39,17.9490
39,17.9662
39,18.0149
39,18.0629
39,18.2259
39,18.4737
39,18.4794
39,18.4805
39,19.3083
39,19.8802
39,19.8994
39,20.3140
39,20.4155
39,20.4177
39,20.5659
39,20.8333
39,21.1480
39,21.1555
39,21.2098
39,21.3003
39,21.3485
39,21.4159
39,21.5282
39,21.5383
39,21.5446
39,21.5660
39,21.5726
39,21.5984
39,21.6606
39,21.6861
39,21.6924
39,21.7533
39,21.7706
39,21.8122
39,21.9320
39,22.1209
39,22.1516
39,22.3780
39,22.5056
39,22.7071
39,22.8988
39,23.0443
39,23.4615
39,23.5508
39,23.7632
39,23.8635
39,24.0834
39,24.1600
39,24.2552
39,24.3233
39,24.6904
39,24.8012
39,24.9075
39,24.9292
39,24.9569
39,24.9687
39,25.1023
39,25.3628
39,25.5015
39,25.5389
39,25.6300
39,25.6520
39,25.7128
39,25.8132
39,25.9511
39,26.0777
39,26.2786
39,26.3808
39,26.9325
39,27.1212
39,27.2772
39,27.4873
39,27.8612
39,27.9414
39,27.9579
39,28.0615
39,28.4487
39,28.8256
39,29.0053
39,29.0769
39,29.2285
39,29.2609
39,29.3392
39,29.4794
39,29.6739
39,29.8093
39,29.8937
39,29.9025
39,30.0105
39,30.0157
39,30.0160
39,30.0623
39,30.1110
39,30.4950
39,30.7331
39,30.8051
39,31.0293
39,31.0753
39,31.1315
39,31.1677
39,31.1701
39,31.2942
39,31.3168
39,31.3345
39,31.4783
39,31.4864
39,31.6967
39,31.8373
39,32.2400
39,32.2945
39,32.3944
39,32.4048
39,32.4678
39,32.5271
39,32.6393
39,32.9676
39,32.9956
39,33.0078
39,33.0202
39,33.1598
39,33.5257
39,33.7609
39,33.8694
39,33.8870
39,33.9042
39,34.0969
39,34.1215
39,34.1357
39,34.1791
39,34.5875
39,34.6459
39,34.7695
39,35.0514
39,35.2044
39,35.2421
39,35.2986
39,35.3561
39,35.5496
39,36.0087
39,36.1045
39,36.4246
39,36.4291
39,36.4426
39,36.5807
39,36.5846
39,36.6421
39,36.6514
39,36.9523
39,37.7951
39,37.8983
39,37.9315
39,37.9631
39,37.9777
39,38.0176
39,38.0886
39,38.1147
39,38.1231
39,38.4675
39,38.7194
39,38.9180
39,39.0074
39,39.0937
39,39.1533
39,39.2204
39,39.2920
39,39.3494
39,39.5189
39,39.5698
39,39.9992
39,40.0405
39,40.0601
39,40.1526
39,40.3136
39,40.4185
39,40.5688
39,40.6811
39,40.7369
39,40.8274
39,40.8718
39,41.2224
39,41.3861
39,41.4588
39,41.5921
39,41.7620
39,41.8763
39,41.9428
39,41.9979
39,42.1326
39,42.1921
39,42.2571
39,42.3709
39,42.3951
39,42.4552
39,42.5282
39,42.5501
39,42.6026
39,42.6872
39,42.6997
39,42.8038
39,42.8299
39,43.0378
39,43.0842
39,43.0869
39,43.1035
39,43.2051
39,43.5078
39,43.5764
39,43.6171
39,43.6201
39,43.6234
39,43.6938
39,43.7579
39,43.8199
39,43.8341
39,43.8830
39,44.2116
39,44.4399
39,44.5508
39,44.6131
39,44.7024
39,44.7109
39,44.7186
39,44.8765
39,44.9440
39,45.1327
39,45.2372
39,45.5140
39,45.5391
39,45.8308
39,45.8541
39,46.0081
39,46.2703
39,46.3391
39,46.3835
39,46.4444
39,46.4964
39,46.7615
39,46.7699
39,47.0797
39,47.1477
39,47.2431
39,47.2926
39,47.5096
39,47.5104
39,47.5480
39,47.6522
39,47.6795
39,47.7521
39,47.7723
39,47.8984
39,47.9256
39,48.0525
39,48.1064
39,48.5003
39,48.5685
39,48.6143
39,48.6171
39,48.6888
39,49.3031
39,49.4126
39,49.4549
39,49.6073
39,49.6823
39,49.7656
39,49.7999
39,49.8954
39,50.0479
39,50.0669
39,50.1052
39,50.2850
39,50.4902
39,50.5053
39,51.0313
39,51.0631
39,51.1342
39,51.1524
39,51.1882
39,51.2982
39,51.3486
39,51.4132
39,51.8683
39,52.1610
39,52.1767
39,52.2462
39,52.2619
39,52.2728
39,52.3027
39,52.3761
39,52.4124
39,52.4682
39,52.5097
39,52.5261
39,52.5809
39,52.6653
39,52.6736
39,52.6880
39,52.7473
39,52.8582
39,52.9200
39,52.9401
39,53.0816
39,53.2749
39,53.4053
39,53.5617
39,53.5853
39,53.5981
39,53.6435
39,53.6826
39,53.7256
39,53.8010
39,53.8104
39,53.8115
39,53.9940
39,54.1393
39,54.2098
39,54.4183
39,54.5157
39,54.5324
39,54.5644
39,54.7058
39,54.8085
39,55.0689
39,55.0980
39,55.1466
39,55.1472
39,55.1669
39,55.1908
39,55.2884
39,55.2906
39,55.4954
39,55.6829
39,55.7705
39,55.9629
39,55.9768
39,56.0353
39,56.1513
39,56.1853
39,56.2358
39,56.3899
39,56.5133
39,56.5152
39,56.5767
39,56.7423
39,56.7443
39,57.1568
39,57.1618
39,57.2281
39,57.3951
39,57.4727
39,57.6580
39,57.6625
39,57.7144
39,57.7417
39,57.7677
39,57.8261
39,57.9002
39,57.9118
39,58.0493
39,58.0991
39,58.1448
39,58.2727
39,58.5328
39,58.6592
39,58.6712
39,58.6977
39,58.6990
39,58.7656
39,58.8575
39,58.9110
39,58.9692
39,58.9969
39,59.0373
39,59.2115
39,59.3555
39,59.5118
39,59.5876
40,0.0263
40,0.1961
40,0.2933
40,0.3608
40,0.3734
40,0.4199
40,0.5834
40,0.6058
40,0.7177
40,0.9179
40,0.9428
40,0.9742
40,1.0510
40,1.0981
40,1.1831
40,1.2398
40,1.2873
40,1.3302
40,1.3510
40,1.3761
40,1.3850
40,1.4184
40,1.5286
40,1.5412
40,1.6657
40,1.6771
40,1.7550
40,1.7579
40,1.8177
40,1.9221
40,2.0291
40,2.0513
40,2.1283
40,2.2762
40,2.3155
40,2.3726
40,2.5016
40,2.6759
40,2.7752
40,2.8832
40,2.8832
40,2.9438
40,2.9515
40,3.0162
40,3.0360
40,3.1090
40,3.2550
40,3.2717
40,3.3573
40,3.3684
40,3.3686
40,3.3827
40,3.3908
40,3.4459
40,3.4620
40,3.5314
40,3.5363
40,3.6474
40,3.7964
40,3.8417
40,4.0815
40,4.1367
40,4.2076
40,4.2146
40,4.3484
40,4.4216
40,4.4567
40,4.5551
40,4.5551
40,4.5602
40,4.5785
40,4.6216
40,4.6913
40,4.7602
40,4.7624
40,4.7655
40,4.9001
40,4.9144
40,5.0612
40,5.2823
40,5.3224
40,5.3533
40,5.4084
40,5.4234
40,5.4539
40,5.5023
40,5.5252
40,5.5501
40,5.6085
40,5.6225
40,5.6232
40,5.6470
40,5.6488
40,5.6713
40,5.7688
40,5.8569
40,5.8687
40,5.9348
40,5.9620
40,5.9866
40,5.9927
40,6.0833
40,6.1327
40,6.2253
40,6.3936
40,6.4173
40,6.4460
40,6.4496
40,6.4639
40,6.4802
40,6.8436
40,6.8502
40,6.8616
40,6.8735
40,6.9243
40,6.9301
40,6.9530
40,6.9880
40,7.0660
40,7.0918
40,7.2911
40,7.2987
40,7.3017
40,7.3049
40,7.3544
40,7.3573
40,7.3931
40,7.4196
40,7.4966
40,7.5305
40,7.5645
40,7.6103
40,7.8280
40,7.9470
40,8.0392
40,8.1391
40,8.1549
40,8.2603
40,8.3044
40,8.4230
40,8.4457
40,8.5763
40,8.6102
40,8.6255
40,8.6575
40,8.7362
40,8.7533
40,8.7741
40,8.9085
40,8.9405
40,9.2198
40,9.2373
40,9.2437
40,9.2606
40,9.3103
40,9.3767
40,9.3808
40,9.4666
40,9.4695
40,9.5808
40,9.5983
40,9.6033
40,9.6321
40,9.6598
40,10.0305
40,10.0544
40,10.0674
40,10.2046
40,10.2200
40,10.4261
40,10.6470
40,10.6789
40,10.7041
40,10.7747
40,10.8757
40,10.9044
40,10.9987
40,11.0890
40,11.1370
40,11.1530
40,11.1673
40,11.1941
40,11.2620
40,11.3665
40,11.4376
40,11.5842
40,11.7329
40,11.7348
40,11.7350
40,11.7522
40,11.8288
40,12.0057
40,12.1003
40,12.1898
40,12.3503
40,12.3575
40,12.3767
40,12.5137
40,12.5371
40,12.7557
40,12.8345
40,12.9153
40,13.0760
40,13.1744
40,13.2633
40,13.4256
40,13.4521
40,13.6081
40,13.6145
40,13.6351
40,13.6844
40,13.7420
40,13.8293
40,13.9110
40,13.9638
40,14.1001
40,14.1060
40,14.2541
40,14.2605
40,14.2816
40,14.4326
40,14.4594
40,14.5255
40,14.5361
40,14.7486
40,14.7642
40,14.7776
40,14.7950
40,14.9814
40,14.9859
40,15.0252
40,15.2175
40,15.2425
40,15.3871
40,15.3921
40,15.4111
40,15.4302
40,15.5756
40,15.6481
40,15.7737
40,15.8270
40,15.8921
40,15.9645
40,16.0118
40,16.1567
40,16.2401
40,16.3545
40,16.3587
40,16.3603
40,16.4144
40,16.5226
40,16.5401
40,16.5456
40,16.6170
40,16.6981
40,16.7000
40,16.7460
40,16.7617
40,16.7782
40,16.9378
40,17.0528
40,17.1336
40,17.1361
40,17.1476
40,17.1630
40,17.2062
40,17.4029
40,17.4684
40,17.5480
40,17.5496
40,17.5733
40,17.7326
40,17.9861
40,17.9966
40,18.0337
40,18.0552
40,18.1202
40,18.1507
40,18.1830
40,18.2590
40,18.2869
40,18.3288
40,18.3371
40,18.3621
40,18.5071
40,18.5079
40,18.6981
40,18.7451
40,18.7844
40,18.8223
40,18.9032
40,19.0011
40,19.0052
40,19.2027
40,19.2148
40,19.2162
40,19.2305
40,19.2312
40,19.2717
40,19.4347
40,19.6354
40,19.6831
40,19.9364
40,20.0023
40,20.0052
40,20.0671
40,20.1288
40,20.2072
40,20.2103
40,20.2118
40,20.3030
40,20.4588
40,20.4834
40,20.4848
40,20.5159
40,20.5689
40,20.5790
40,20.7736
40,20.8075
40,20.8428
40,20.8859
40,20.9115
40,20.9612
40,21.0458
40,21.0577
40,21.1962
40,21.2500
40,21.3718
40,21.4525
40,21.4768
40,21.5109
40,21.5373
40,21.5507
40,21.6882
40,21.6932
40,21.9379
40,22.1564
40,22.3027
40,22.3093
40,22.3729
40,22.3819
40,22.3951
40,22.4086
40,22.4864
40,22.4871
40,22.5127
40,22.5157
40,22.5418
40,22.5615
40,22.6049
40,22.7194
40,22.7686
40,22.8517
40,22.8968
40,22.9453
40,22.9724
40,23.0420
40,23.0854
40,23.0855
40,23.0918
40,23.0971
40,23.1108
40,23.2330
40,23.3028
40,23.4033
40,23.5577
40,23.7481
40,23.7932
40,23.8362
40,23.8430
40,23.9009
40,23.9339
40,23.9388
40,24.0315
40,24.0383
40,24.2459
40,24.2562
40,24.3244
40,24.3370
40,24.4136
40,24.5734
40,24.6681
40,24.6946
40,24.7405
40,24.7441
40,24.7478
40,24.7906
40,24.8387
40,24.8551
40,24.8785
40,24.8800
40,24.9080
40,25.0802
40,25.1121
40,25.1365
40,25.1961
40,25.2414
40,25.2494
40,25.2658
40,25.2809
40,25.3267
40,25.3350
40,25.3654
40,25.3913
40,25.4858
40,25.4947
40,25.6429
40,25.7371
40,25.7791
40,25.9059
40,26.0439
40,26.1370
40,26.1686
40,26.1920
40,26.2974
40,26.3178
40,26.3247
40,26.3258
40,26.3338
40,26.3704
40,26.3722
40,26.3802
40,26.4138
40,26.4605
40,26.4872
40,26.5167
40,26.5660
40,26.5869
40,26.6417
40,26.7674
40,26.7776
40,26.7841
40,26.8576
40,26.8857
40,26.9094
40,26.9388
40,27.0249
40,27.0520
40,27.1741
40,27.2208
40,27.2303
40,27.2857
40,27.3043
40,27.3867
40,27.4141
40,27.4376
40,27.5141
40,27.5283
40,27.5416
40,27.5807
40,27.5963
40,27.6346
40,27.7834
40,27.8139
40,27.8802
40,27.9525
40,27.9659
40,27.9665
40,27.9879
40,28.0392
40,28.0721
40,28.0998
40,28.1121
40,28.1455
40,28.2341
40,28.2582
40,28.4393
40,28.5025
40,28.5146
40,28.5634
40,28.7409
40,28.7466
40,28.8028
40,28.8760
40,28.8872
40,29.0237
40,29.0238
40,29.2210
40,29.3049
40,29.3623
40,29.3667
40,29.3860
40,29.4565
40,29.4928
40,29.5005
40,29.5699
40,29.5824
40,29.6692
40,29.7883
40,29.8298
40,29.8424
40,29.8908
40,30.0164
40,30.0182
40,30.0266
40,30.1001
40,30.1821
40,30.2835
40,30.3042
40,30.4757
40,30.5465
40,30.5549
40,30.5643
40,30.6219
40,30.6375
40,30.8631
40,30.9901
40,31.0596
40,31.0831
40,31.0990
40,31.2878
40,31.3089
40,31.3753
40,31.4472
40,31.4965
40,31.5300
40,31.5383
40,31.6795
40,31.6954
40,31.8234
40,31.9036
40,31.9597
40,32.0356
40,32.1707
40,32.3207
40,32.3561
40,32.5301
40,32.6104
40,32.6608
40,32.7810
40,32.7905
40,32.9403
40,32.9519
40,33.1208
40,33.1510
40,33.1719
40,33.1946
40,33.2339
40,33.2585
40,33.5207
40,33.8802
40,33.8937
40,33.9650
40,34.0689
40,34.1129
40,34.2066
40,34.2803
40,34.3350
40,34.4341
40,34.4852
40,34.5074
40,34.5289
40,34.5313
40,34.6548
40,34.7319
40,34.7690
40,34.8408
40,34.9174
40,34.9350
40,35.0072
40,35.1720
40,35.3954
40,35.4177
40,35.4830
40,35.5498
40,35.5588
40,35.7169
40,35.7535
40,35.8012
40,35.8302
40,35.8425
40,35.9094
40,35.9693
40,36.0887
40,36.1878
40,36.4057
40,36.6261
40,36.6548
40,36.7360
40,36.7763
40,36.8496
40,37.0066
40,37.0508
40,37.1821
40,37.3353
40,37.3594
40,37.3602
40,37.5097
40,37.5950
40,37.6178
40,37.6599
40,37.6675
40,37.7842
40,37.9033
40,37.9514
40,37.9595
40,38.0365
40,38.0918
40,38.1319
40,38.1442
40,38.1481
40,38.2200
40,38.2486
40,38.2885
40,38.3153
40,38.3454
40,38.6282
40,38.6457
40,38.7520
40,38.7909
40,38.8761
40,38.8904
40,38.9291
40,38.9368
40,38.9977
40,39.0004
40,39.0184
40,39.1398
40,39.1845
40,39.2721
40,39.3064
40,39.3596
40,39.5514
40,39.5643
40,39.5813
40,39.5943
40,39.5962
40,39.6027
40,39.6032
40,39.6123
40,39.8721
40,39.9042
40,39.9760
40,40.0873
40,40.2322
40,40.2748
40,40.3198
40,40.3481
40,40.4060
40,40.4170
40,40.4306
40,40.4840
40,40.5749
40,40.6065
40,40.7184
40,40.8351
40,41.0204
40,41.0497
40,41.1994
40,41.2784
40,41.3415
40,41.3555
40,41.3571
40,41.4118
40,41.4548
40,41.4811
40,41.5366
40,41.5716
40,41.6757
40,41.7240
40,41.7491
40,41.8519
40,41.8575
40,41.9053
40,41.9139
40,41.9167
40,41.9894
40,42.0480
40,42.0695
40,42.0743
40,42.1063
40,42.1149
40,42.1883
40,42.2963
40,42.3627
40,42.4178
40,42.4764
40,42.5002
40,42.5445
40,42.5966
40,42.6415
40,42.7171
40,42.7991
40,42.8495
40,42.9559
40,43.0107
40,43.1204
40,43.1499
40,43.2891
40,43.3177
40,43.4283
40,43.4423
40,43.4598
40,43.4937
40,43.6641
40,43.7543
40,43.8249
40,43.8545
40,43.9330
40,43.9622
40,44.0694
40,44.0911
40,44.1290
40,44.1958
40,44.2777
40,44.4027
40,44.4097
40,44.4200
40,44.5442
40,44.5526
40,44.7623
40,44.8009
40,44.8199
40,44.8891
40,45.1500
40,45.3176
40,45.3292
40,45.4115
40,45.4215
40,45.5740
40,45.6013
40,45.7092
40,45.8297
40,45.8613
40,45.8962
40,46.1078
40,46.1776
40,46.3603
40,46.6084
40,46.6889
40,46.7260
40,46.7707
40,46.8672
40,46.9041
40,47.0167
40,47.0964
40,47.1603
40,47.1807
40,47.2232
40,47.2352
40,47.3507
40,47.3859
40,47.4176
40,47.4237
40,47.5057
40,47.5514
40,47.5836
40,47.6027
40,47.6308
40,47.6544
40,47.8406
40,47.8528
40,48.0640
40,48.0695
40,48.0776
40,48.0874
40,48.1047
40,48.1430
40,48.1582
40,48.2404
40,48.2732
40,48.3789
40,48.3932
40,48.4969
40,48.5196
40,48.5265
40,48.5396
40,48.5476
40,48.7357
40,48.7455
40,48.7532
40,48.7672
40,48.8340
40,48.8416
40,48.8722
40,48.9865
40,49.0092
40,49.0167
40,49.1102
40,49.1330
40,49.1885
40,49.1905
40,49.2025
40,49.2128
40,49.3108
40,49.3173
40,49.3718
40,49.4146
40,49.4603
40,49.4790
40,49.6669
40,49.6685
40,49.7088
40,49.7138
40,49.7929
40,49.8252
40,49.8285
40,49.8724
40,49.9610
40,50.0321
40,50.0353
40,50.0588
40,50.3255
40,50.3365
40,50.3999
40,50.4244
40,50.5189
40,50.5579
40,50.5873
40,50.7919
40,50.8834
40,51.0747
40,51.1946
40,51.2337
40,51.3523
40,51.3847
40,51.4762
40,51.6359
40,51.9502
40,52.1931
40,52.2705
40,52.3153
40,52.3849
40,52.4491
40,52.7081
40,52.7270
40,52.9174
40,53.0854
40,53.1213
40,53.1418
40,53.1779
40,53.2335
40,53.2943
40,53.3259
40,53.4894
40,53.5616
40,53.7080
40,53.7679
40,53.7856
40,53.8239
40,53.8739
40,53.9116
40,54.1183
40,54.1871
40,54.2023
40,54.2931
40,54.3418
40,54.3966
40,54.5606
40,54.6038
40,54.6302
40,54.6992
40,54.7062
40,54.7201
40,54.8409
40,54.9369
40,54.9497
40,54.9890
40,55.0198
40,55.1837
40,55.2554
40,55.3123
40,55.3435
40,55.4843
40,55.5286
40,55.5806
40,55.6554
40,55.6588
40,55.7005
40,55.7735
40,55.8239
40,55.8372
40,55.8386
40,55.8458
40,56.0063
40,56.0181
40,56.0933
40,56.1024
40,56.1560
40,56.1826
40,56.2387
40,56.3824
40,56.4205
40,56.4335
40,56.4439
40,56.4668
40,56.4939
40,56.6625
40,56.7769
40,56.7792
40,56.8173
40,56.9876
40,57.1426
40,57.1766
40,57.2021
40,57.2065
40,57.2765
40,57.2836
40,57.3448
40,57.4990
40,57.5460
40,57.5641
40,57.6001
40,57.6048
40,57.6343
40,57.6592
40,57.8332
40,57.8732
40,57.9828
40,58.1029
40,58.1178
40,58.1837
40,58.2469
40,58.2552
40,58.2785
40,58.2875
40,58.4197
40,58.4719
40,58.5848
40,58.7000
40,58.7254
40,58.7761
40,58.7934
40,59.1203
40,59.2568
40,59.3561
40,59.3776
40,59.4765
40,59.6460
40,59.6495
40,59.7027
40,59.7859
40,59.8633
40,59.9240
40,59.9573
41,0.4788
41,0.6265
41,0.7046
41,0.8631
41,1.0440
41,1.2037
41,1.2866
41,1.2870
41,1.3560
41,1.3702
41,1.3873
41,1.4950
41,1.8167
41,1.9131
41,2.0157
41,2.0433
41,2.2107
41,2.2133
41,2.2219
41,2.2852
41,2.4040
41,2.5300
41,2.6374
41,2.8768
41,2.9426
41,3.2614
41,3.2900
41,3.3634
41,3.4374
41,3.5412
41,3.5895
41,3.8562
41,3.8914
41,3.9012
41,3.9410
41,4.2038
41,4.6964
41,5.1480
41,5.4341
41,5.4638
41,5.7263
41,5.7509
41,5.9629
41,6.0596
41,6.2577
41,6.4135
41,6.6168
41,6.7915
41,6.8876
41,6.9031
41,7.0678
41,7.0829
41,7.1798
41,7.2112
41,7.2477
41,7.2945
41,7.4316
41,7.4599
41,7.4677
41,7.5996
41,7.6703
41,7.7471
41,7.7602
41,8.1936
41,8.4799
41,8.5606
41,8.7195
41,8.7698
41,8.9804
41,9.0745
41,9.0837
41,9.1024
41,9.1266
41,9.2316
41,9.2405
41,9.3698
41,9.4056
41,9.5439
41,9.7367
41,9.8331
41,9.8340
41,9.8683
41,9.8862
41,10.0897
41,10.1816
41,10.2950
41,10.3469
41,10.3878
41,10.4722
41,10.4776
41,10.6235
41,10.7373
41,10.7454
41,10.8669
41,10.9268
41,11.1062
41,11.1303
41,11.1308
41,11.1836
41,11.2161
41,11.2630
41,11.4741
41,11.5047
41,11.5831
41,11.5890
41,11.6008
41,11.6863
41,11.7537
41,11.7720
41,11.8299
41,12.0678
41,12.0840
41,12.2327
41,12.4299
41,12.5340
41,12.5453
41,12.5586
41,12.7542
41,12.9874
41,13.0296
41,13.1193
41,13.2764
41,13.9238
41,13.9764
41,13.9775
41,14.1246
41,14.1812
41,14.3845
41,14.4190
41,14.5624
41,14.7097
41,14.8493
41,15.1605
41,15.1848
41,15.1896
41,15.2152
41,15.3020
41,15.5688
41,15.6288
41,15.6319
41,15.8250
41,15.8437
41,15.8463
41,15.8983
41,16.0475
41,16.0632
41,16.1032
41,16.2653
41,16.3076
41,16.3411
41,16.4741
41,16.4860
41,16.5007
41,16.5155
41,16.5431
41,16.5711
41,16.6169
41,16.7882
41,16.7938
41,16.8051
41,16.9079
41,16.9349
41,16.9989
41,17.0129
41,17.1058
41,17.4062
41,17.4262
41,17.5405
41,17.5890
41,17.7784
41,17.8546
41,17.9000
41,17.9366
41,18.1259
41,18.1637
41,18.1721
41,18.1768
41,18.2566
41,18.2768
41,18.3014
41,18.3757
41,18.7735
41,18.9531
41,19.1020
41,19.1375
41,19.4111
41,19.4276
41,19.4736
41,19.4743
41,19.5205
41,19.5269
41,19.9360
41,19.9943
41,20.1439
41,20.1672
41,20.1690
41,20.1916
41,20.1931
41,20.1941
41,20.2278
41,20.2995
41,20.3856
41,20.4784
41,20.5083
41,20.6505
41,20.7343
41,20.7519
41,20.7544
41,20.7668
41,20.7993
41,20.9641
41,20.9793
41,21.1126
41,21.1388
41,21.2638
41,21.4899
41,21.5569
41,21.6464
41,21.7637
41,21.7940
41,21.8023
41,21.8083
41,21.8747
41,22.0171
41,22.0183
41,22.0250
41,22.0395
41,22.3907
41,22.4760
41,22.5157
41,22.6309
41,22.6653
41,22.6978
41,22.7437
41,22.8154
41,22.8165
41,22.8167
41,23.0400
41,23.0465
41,23.1159
41,23.1680
41,23.2139
41,23.4869
41,23.8381
41,23.8528
41,23.9193
41,24.2400
41,24.2493
41,24.3876
41,24.3895
41,24.4384
41,24.4460
41,24.5125
41,24.5542
41,24.5543
41,24.6656
41,24.7673
41,24.8041
41,24.8304
41,24.9088
41,24.9855
41,25.0565
41,25.0663
41,25.0792
41,25.1301
41,25.1385
41,25.1423
41,25.1471
41,25.2797
41,25.2824
41,25.3730
41,25.3757
41,25.3883
41,25.4994
41,25.5619
41,25.5968
41,25.6051
41,25.6182
41,25.6473
41,25.8760
41,25.9448
41,26.1025
41,26.1535
41,26.1762
41,26.3007
41,26.3843
41,26.4404
41,26.7011
41,26.7151
41,27.0991
41,27.1061
41,27.1095
41,27.1629
41,27.2136
41,27.2196
41,27.2224
41,27.2356
41,27.4516
41,27.5140
41,27.5938
41,27.5983
41,27.6396
41,27.6426
41,27.7597
41,27.7973
41,27.8076
41,27.8587
41,27.9166
41,28.0089
41,28.1374
41,28.2302
41,28.2420
41,28.3265
41,28.4219
41,28.5528
41,28.6171
41,28.6405
41,28.6892
41,28.7378
41,28.7416
41,28.7641
41,28.7672
41,28.8251
41,28.8554
41,28.9933
41,29.1474
41,29.2029
41,29.2183
41,29.2382
41,29.4901
41,29.5055
41,29.5672
41,29.6047
41,29.7602
41,29.7753
41,29.9499
41,29.9952
41,30.2593
41,30.3409
41,30.4222
41,30.4771
41,30.5541
41,30.6290
41,30.7658
41,30.8171
41,30.8762
41,30.9463
41,31.0082
41,31.1023
41,31.1177
41,31.2350
41,31.5035
41,31.5038
41,31.6227
41,31.6306
41,31.7770
41,31.9432
41,31.9844
41,32.1411
41,32.1757
41,32.5773
41,32.6356
41,32.6376
41,32.6376
41,32.6668
41,32.7106
41,32.8595
41,32.9710
41,33.1204
41,33.3496
41,33.6750
41,33.6884
41,33.7469
41,33.8466
41,34.0407
41,34.2759
41,34.2971
41,34.7516
41,34.7948
41,35.0135
41,35.0592
41,35.0615
41,35.1803
41,35.2804
41,35.3162
41,35.3463
41,35.4095
41,35.5563
41,35.6044
41,35.6935
41,36.0943
41,36.1145
41,36.1573
41,36.1706
41,36.2245
41,36.4214
41,36.8062
41,36.8762
41,37.0213
41,37.1381
41,37.2580
41,37.3320
41,37.4187
41,37.4317
41,37.4514
41,37.4528
41,37.4653
41,37.5463
41,37.5682
41,37.6353
41,37.6401
41,37.6804
41,37.8469
41,37.9556
41,38.0985
41,38.1626
41,38.2353
41,38.3365
41,38.3842
41,38.3895
41,38.5695
41,38.7025
41,38.8591
41,38.8679
41,38.9250
41,39.1114
41,39.2677
41,39.2907
41,39.3320
41,39.3809
41,39.4045
41,39.4197
41,39.4468
41,39.4858
41,39.5078
41,39.5090
41,39.5384
41,39.6538
41,39.7187
41,39.7711
41,39.8297
41,39.9417
41,39.9567
41,40.0199
41,40.0940
41,40.1008
41,40.1138
41,40.1196
41,40.2771
41,40.6275
41,40.6506
41,40.6895
41,40.7171
41,40.7438
41,40.7616
41,40.7695
41,40.8250
41,40.9356
41,40.9456
41,40.9695
41,41.0897
41,41.1297
41,41.1731
41,41.2239
41,41.3846
41,41.3981
41,41.4040
41,41.4449
41,41.4777
41,41.5956
41,41.6522
41,41.6772
41,41.6826
41,41.9610
41,41.9678
41,42.0280
41,42.0382
41,42.1809
41,42.2073
41,42.2154
41,42.2220
41,42.2383
41,42.4102
41,42.5770
41,42.6011
41,42.6507
41,42.6896
41,42.8020
41,42.8419
41,42.9221
41,42.9597
41,42.9609
41,42.9812
41,43.0204
41,43.0829
41,43.1143
41,43.1572
41,43.1988
41,43.2006
41,43.2518
41,43.3972
41,43.4061
41,43.5585
41,43.5757
41,43.8962
41,44.0797
41,44.0963
41,44.1661
41,44.2174
41,44.3482
41,44.4133
41,44.5152
41,44.6238
41,44.8722
41,44.9386
41,44.9396
41,45.0485
41,45.0765
41,45.1120
41,45.1253
41,45.1697
41,45.2227
41,45.2272
41,45.3563
41,45.3638
41,45.3952
41,45.4814
41,45.5191
41,45.5731
41,46.0733
41,46.1140
41,46.2158
41,46.3530
41,46.4111
41,46.5942
41,46.8099
41,46.8643
41,46.9670
41,46.9819
41,47.1745
41,47.2572
41,47.2965
41,47.3424
41,47.3928
41,47.4341
41,47.4800
41,47.5031
41,47.5698
41,47.5863
41,47.7957
41,47.9033
41,47.9747
41,48.2042
41,48.2092
41,48.2589
41,48.4750
41,48.5328
41,48.6083
41,48.6144
41,48.6519
41,48.6599
41,48.9495
41,49.0624
41,49.1347
41,49.3866
41,49.4268
41,49.5487
41,49.5703
41,49.5997
41,49.6175
41,49.8137
41,49.9962
41,50.0027
41,50.1434
41,50.2206
41,50.2622
41,50.3149
41,50.5259
41,50.6269
41,50.6686
41,50.7100
41,50.7291
41,50.8027
41,50.8248
41,50.9924
41,51.0400
41,51.1476
41,51.4284
41,51.4999
41,51.5052
41,51.5549
41,51.6735
41,52.1130
41,52.2227
41,52.2921
41,52.6401
41,52.6735
41,52.7027
41,52.7405
41,52.7712
41,52.8224
41,52.8880
41,52.9014
41,53.0539
41,53.1603
41,53.2711
41,53.4167
41,53.5674
41,53.6287
41,53.7833
41,53.8081
41,54.2690
41,54.4223
41,54.4346
41,54.4531
41,54.5453
41,54.5694
41,54.6500
41,54.7240
41,54.7559
41,54.7575
41,54.7642
41,54.8015
41,54.8184
41,54.8821
41,55.0247
41,55.0418
41,55.1173
41,55.1463
41,55.1920
41,55.2261
41,55.4028
41,55.4568
41,55.4770
41,55.7333
41,55.7353
41,55.7664
41,55.9210
41,56.0330
41,56.2098
41,56.3242
41,56.3741
41,56.6067
41,56.6354
41,56.7323
41,56.9110
41,56.9360
41,56.9698
41,57.0674
41,57.0837
41,57.1387
41,57.1416
41,57.2474
41,57.3586
41,57.6019
41,57.6040
41,57.8229
41,57.9060
41,57.9252
41,58.0565
41,58.3228
41,58.3940
41,58.4307
41,58.5414
41,58.6320
41,58.6615
41,58.6699
41,58.7736
41,58.8669
41,58.9610
41,59.0899
41,59.2221
41,59.2612
41,59.3262
41,59.3596
41,59.4145
41,59.4656
41,59.4689
41,59.8673
42,0.0012
42,0.0617
42,0.0875
42,0.1335
42,0.1657
42,0.2170
42,0.2341
42,0.2573
42,0.2658
42,0.3024
42,0.6309
42,0.7280
42,0.7513
42,0.7962
42,0.8115
42,0.9360
42,0.9423
42,0.9871
42,1.0082
42,1.0697
42,1.0933
42,1.1355
42,1.1458
42,1.1719
42,1.2803
42,1.2963
42,1.3550
42,1.4340
42,1.7619
42,1.8090
42,1.9190
42,1.9406
42,2.0289
42,2.0662
42,2.0746
42,2.1644
42,2.1693
42,2.2809
42,2.2948
42,2.4209
42,2.5774
42,2.5972
42,2.6330
42,2.6344
42,2.6523
42,2.6949
42,2.7087
42,2.7344
42,2.8206
42,2.8271
42,3.0393
42,3.1538
42,3.1551
42,3.2885
42,3.3078
42,3.3560
42,3.4478
42,3.4646
42,3.5073
42,3.5917
42,3.6019
42,3.6779
42,3.6921
42,3.6970
42,3.8245
42,3.8388
42,3.8461
42,3.8480
42,4.0908
42,4.1053
42,4.1611
42,4.2333
42,4.2880
42,4.3040
42,4.3141
42,4.3535
42,4.3983
42,4.5445
42,4.5445
42,4.5477
42,4.5776
42,4.6233
42,4.6997
42,4.7360
42,4.8134
42,4.8234
42,4.8271
42,4.8448
42,4.9584
42,4.9645
42,5.0651
42,5.1509
42,5.2117
42,5.2144
42,5.2778
42,5.2914
42,5.3270
42,5.3673
42,5.3735
42,5.6996
42,5.7682
42,5.7764
42,5.7904
42,5.8877
42,6.0990
42,6.1589
42,6.2039
42,6.2099
42,6.2385
42,6.2836
42,6.3171
42,6.4119
42,6.4431
42,6.6228
42,6.6728
42,6.7118
42,6.7140
42,6.7805
42,6.8251
42,6.8949
42,6.9368
42,7.0453
42,7.0485
42,7.1069
42,7.1879
42,7.2079
42,7.2126
42,7.3473
42,7.3799
42,7.5002
42,7.5318
42,7.5631
42,7.6448
42,7.6719
42,7.6951
42,7.9211
42,7.9213
42,7.9388
42,7.9941
42,8.0678
42,8.1515
42,8.1894
42,8.2219
42,8.2254
42,8.2321
42,8.3722
42,8.4144
42,8.4223
42,8.5752
42,8.5904
42,8.6478
42,8.7150
42,8.9668
42,8.9804
42,9.0046
42,9.0365
42,9.0958
42,9.1381
42,9.1617
42,9.2316
42,9.2912
42,9.3322
42,9.3587
42,9.3670
42,9.3854
42,9.4124
42,9.4293
42,9.5435
42,9.5674
42,9.6864
42,9.7321
42,9.7515
42,9.7550
42,9.7566
42,9.7636
42,9.8535
42,9.8656
42,9.9812
42,10.0787
42,10.1012
42,10.1017
42,10.1052
42,10.1711
42,10.2591
42,10.3181
42,10.3362
42,10.5799
42,10.6136
42,10.6285
42,10.6481
42,10.6498
42,10.7783
42,10.8288
42,10.8367
42,10.8466
42,10.8746
42,10.9862
42,11.1570
42,11.1646
42,11.2243
42,11.2535
42,11.3318
42,11.3392
42,11.4405
42,11.4455
42,11.6601
42,11.7577
42,11.7827
42,11.8797
42,11.9486
42,12.0205
42,12.0864
42,12.1652
42,12.1846
42,12.2105
42,12.3504
42,12.4154
42,12.4899
42,12.5677
42,12.5781
42,12.5887
42,12.7062
42,12.8846
42,12.9239
42,12.9668
42,12.9771
42,13.0864
42,13.1037
42,13.1444
42,13.2337
42,13.2395
42,13.3669
42,13.3957
42,13.4338
42,13.4723
42,13.5200
42,13.6325
42,13.6476
42,13.6633
42,13.7838
42,13.8561
42,13.8809
42,13.9147
42,14.0494
42,14.0818
42,14.1545
42,14.2605
42,14.2933
42,14.4601
42,14.4918
42,14.6433
42,14.6586
42,14.6778
42,14.7345
42,14.9828
42,14.9857
42,15.0201
42,15.0291
42,15.0899
42,15.2182
42,15.3190
42,15.3794
42,15.4596
42,15.4768
42,15.6534
42,15.6614
42,15.7200
42,15.7483
42,15.8736
42,16.1028
42,16.1105
42,16.1446
42,16.1474
42,16.1542
42,16.1576
42,16.2933
42,16.3056
42,16.3728
42,16.4447
42,16.4821
42,16.6275
42,16.6308
42,16.7351
42,16.7695
42,16.8641
42,16.9627
42,16.9649
42,17.0233
42,17.0315
42,17.0445
42,17.0873
42,17.1058
42,17.1212
42,17.1357
42,17.1470
42,17.2587
42,17.3059
42,17.4618
42,17.4770
42,17.5087
42,17.5499
42,17.5974
42,17.5984
42,17.6788
42,17.6908
42,17.7044
42,17.7618
42,17.8347
42,17.9524
42,17.9655
42,18.0397
42,18.0540
42,18.0901
42,18.1246
42,18.1485
42,18.1614
42,18.2662
42,18.3681
42,18.4591
42,18.4887
42,18.5277
42,18.7191
42,18.7407
42,18.8371
42,18.8795
42,18.8872
42,18.9134
42,18.9558
42,18.9624
42,18.9788
42,18.9826
42,19.1156
42,19.2140
42,19.2357
42,19.3163
42,19.3425
42,19.4072
42,19.5056
42,19.5269
42,19.5550
42,19.6862
42,19.7127
42,19.7633
42,19.7655
42,19.8400
42,19.8971
42,19.9097
42,19.9977
42,20.0759
42,20.1300
42,20.2164
42,20.2372
42,20.2429
42,20.3756
42,20.5619
42,20.5892
42,20.6491
42,20.6769
42,20.7089
42,20.7300
42,20.7893
42,20.8354
42,20.8402
42,20.9460
42,20.9470
42,20.9935
42,20.9954
42,21.0775
42,21.1375
42,21.3213
42,21.3504
42,21.4524
42,21.5126
42,21.5974
42,21.6851
42,21.7875
42,21.9415
42,21.9479
42,22.0199
42,22.0246
42,22.0285
42,22.2176
42,22.2767
42,22.2773
42,22.2946
42,22.3424
42,22.3669
42,22.4286
42,22.4387
42,22.4566
42,22.4738
42,22.6450
42,22.6484
42,22.6627
42,22.7244
42,22.7898
42,22.7911
42,22.8526
42,22.9249
42,22.9687
42,22.9751
42,23.0275
42,23.0327
42,23.0606
42,23.1013
42,23.1674
42,23.1927
42,23.2311
42,23.3256
42,23.3328
42,23.5112
42,23.6377
42,23.8065
42,23.8381
42,23.8511
42,23.9343
42,23.9794
42,24.0478
42,24.1649
42,24.1944
42,24.2500
42,24.2745
42,24.3156
42,24.4675
42,24.4692
42,24.4721
42,24.5700
42,24.6520
42,24.7062
42,24.7209
42,24.7299
42,24.7466
42,24.8173
42,24.8441
42,24.8694
42,24.9140
42,24.9587
42,25.0190
42,25.0934
42,25.2613
42,25.2724
42,25.3052
42,25.3212
42,25.3840
42,25.4078
42,25.4837
42,25.5747
42,25.5800
42,25.6743
42,25.6936
42,25.7094
42,25.7372
42,25.7683
42,25.7846
42,25.7851
42,25.8065
42,25.9192
42,25.9223
42,25.9399
42,25.9998
42,26.0118
42,26.0224
42,26.0375
42,26.0835
42,26.1431
42,26.2521
42,26.2907
42,26.3627
42,26.4546
42,26.4564
42,26.4711
42,26.4834
42,26.5283
42,26.5594
42,26.5925
42,26.6053
42,26.6543
42,26.8111
42,26.8775
42,26.9294
42,26.9576
42,27.0548
42,27.0869
42,27.1659
42,27.3272
42,27.3524
42,27.3723
42,27.4893
42,27.7174
42,27.7204
42,27.8114
42,27.8664
42,27.9070
42,27.9306
42,28.0020
42,28.0651
42,28.0724
42,28.1537
42,28.2469
42,28.3212
42,28.3621
42,28.5160
42,28.5411
42,28.6435
42,28.8127
42,28.8543
42,28.8779
42,28.9253
42,28.9349
42,29.0030
42,29.0498
42,29.0670
42,29.1235
42,29.1312
42,29.1327
42,29.2487
42,29.2507
42,29.2681
42,29.3773
42,29.5320
42,29.5415
42,29.5509
42,29.7423
42,29.7440
42,29.8328
42,30.0395
42,30.0707
42,30.0965
42,30.1079
42,30.2454
42,30.2776
42,30.5258
42,30.5921
42,30.6451
42,30.7714
42,30.8509
42,30.8817
42,30.9146
42,30.9729
42,30.9921
42,31.0483
42,31.1845
42,31.2039
42,31.2159
42,31.2589
42,31.2881
42,31.4065
42,31.4773
42,31.5006
42,31.5188
42,31.5529
42,31.6060
42,31.6637
42,31.7387
42,31.7584
42,31.7838
42,31.7967
42,31.8003
42,31.8672
42,32.0340
42,32.0645
42,32.1061
42,32.1718
42,32.3203
42,32.3249
42,32.3463
42,32.4190
42,32.5505
42,32.5995
42,32.6257
42,32.6996
42,32.7373
42,32.7532
42,32.8530
42,32.9313
42,32.9508
42,33.0157
42,33.0710
42,33.0718
42,33.0880
42,33.1001
42,33.1128
42,33.1282
42,33.2344
42,33.2619
42,33.3069
42,33.4109
42,33.4893
42,33.5002
42,33.5330
42,33.7318
42,33.7632
42,33.7912
42,33.8754
42,33.9408
42,33.9535
42,33.9958
42,34.1367
42,34.2044
42,34.2770
42,34.3003
42,34.3831
42,34.4487
42,34.4872
42,34.6648
42,34.7406
42,34.9882
42,35.0254
42,35.0582
42,35.1419
42,35.1653
42,35.1796
42,35.1839
42,35.2219
42,35.2219
42,35.2489
42,35.2567
42,35.2894
42,35.3056
42,35.3820
42,35.3879
42,35.5651
42,35.5702
42,35.6702
42,35.6730
42,35.6784
42,35.7079
42,35.7228
42,35.7311
42,35.7368
42,35.8660
42,35.9152
42,35.9466
42,35.9778
42,36.0734
42,36.3588
42,36.4302
42,36.4739
42,36.5228
42,36.5453
42,36.5956
42,36.6532
42,36.6654
42,36.7115
42,36.7776
42,36.8698
42,36.9219
42,36.9277
42,36.9321
42,36.9411
42,36.9549
42,37.0291
42,37.0901
42,37.1191
42,37.1844
42,37.2127
42,37.3315
42,37.3650
42,37.4981
42,37.5310
42,37.6760
42,37.7058
42,37.7058
42,37.7582
42,37.7591
42,37.7749
42,37.7901
42,37.8516
42,37.9215
42,37.9719
42,37.9930
42,38.0272
42,38.0429
42,38.1886
42,38.3355
42,38.3451
42,38.3993
42,38.4518
42,38.5090
42,38.6249
42,38.6693
42,38.8246
42,38.8255
42,38.8995
42,38.9506
42,38.9699
42,38.9718
42,38.9802
42,38.9896
42,39.1537
42,39.2325
42,39.2386
42,39.2537
42,39.4296
42,39.4592
42,39.5896
42,39.6022
42,39.6227
42,39.6943
42,39.7189
42,39.7701
42,39.8178
42,39.8482
42,39.8991
42,39.9774
42,40.0166
42,40.0430
42,40.1605
42,40.2005
42,40.2109
42,40.2881
42,40.2951
42,40.2982
42,40.3042
42,40.3686
42,40.5573
42,40.6885
42,40.8954
42,40.9059
42,40.9659
42,40.9729
42,41.0121
42,41.0277
42,41.0616
42,41.0766
42,41.2011
42,41.3200
42,41.3586
42,41.6020
42,41.6185
42,41.6240
42,41.6544
42,41.7035
42,41.7044
42,41.7169
42,41.7586
42,41.8940
42,41.9853
42,42.1571
42,42.1574
42,42.2587
42,42.3073
42,42.3334
42,42.4079
42,42.5152
42,42.5367
42,42.6002
42,42.6035
42,42.6118
42,42.6781
42,42.7113
42,42.7181
42,42.7445
42,42.7667
42,42.8436
42,42.9378
42,42.9809
42,43.0155
42,43.2105
42,43.2584
42,43.3058
42,43.3393
42,43.3543
42,43.4312
42,43.5223
42,43.5496
42,43.5945
42,43.6299
42,43.6444
42,43.6485
42,43.6679
42,43.7551
42,43.7680
42,43.8009
42,43.8057
42,43.8104
42,43.8698
42,43.9357
42,44.0646
42,44.1366
42,44.2563
42,44.2777
42,44.3236
42,44.4215
42,44.4418
42,44.5206
42,44.6028
42,44.6075
42,44.6780
42,44.8905
42,44.8970
42,45.0212
42,45.0773
42,45.1844
42,45.2208
42,45.2431
42,45.3659
42,45.5893
42,45.6376
42,45.6904
42,45.7571
42,45.8082
42,45.8588
42,46.0625
42,46.1532
42,46.2519
42,46.3033
42,46.3465
42,46.4400
42,46.6173
42,46.6217
42,46.6738
42,46.7451
42,46.8610
42,46.8761
42,46.8960
42,46.8986
42,46.9499
42,46.9971
42,47.0607
42,47.0773
42,47.1255
42,47.3957
42,47.5383
42,47.5990
42,47.6543
42,47.7267
42,47.7824
42,47.9731
42,48.0706
42,48.1586
42,48.1902
42,48.1918
42,48.2043
42,48.2339
42,48.3308
42,48.3954
42,48.4075
42,48.4672
42,48.4852
42,48.4862
42,48.5499
42,48.5760
42,48.5884
42,48.6182
42,48.6351
42,48.6500
42,48.6705
42,48.8980
42,48.9131
42,48.9534
42,49.0823
42,49.1449
42,49.1771
42,49.2519
42,49.2957
42,49.3045
42,49.3638
42,49.4081
42,49.6055
42,49.6824
42,49.8083
42,49.8635
42,49.8802
42,49.9181
42,49.9531
42,50.0185
42,50.0749
42,50.2647
42,50.3064
42,50.3406
42,50.3757
42,50.5244
42,50.6138
42,50.6184
42,50.6270
42,50.7527
42,50.7595
42,50.7738
42,50.7892
42,50.8209
42,50.9434
42,50.9755
42,51.1440
42,51.2128
42,51.2413
42,51.2453
42,51.3664
42,51.4269
42,51.4579
42,51.5414
42,51.5864
42,51.6104
42,51.6109
42,51.6315
42,51.6677
42,51.6829
42,51.7110
42,51.7338
42,51.7653
42,51.8965
42,51.9919
42,52.0370
42,52.0370
42,52.0740
42,52.0839
42,52.1323
42,52.1692
42,52.2142
42,52.3359
42,52.3941
42,52.4930
42,52.5486
42,52.5946
42,52.6600
42,52.7202
42,52.7402
42,52.7567
42,52.7722
42,52.8074
42,52.8088
42,52.8627
42,52.9128
42,52.9139
42,52.9729
42,52.9816
42,53.0718
42,53.2816
42,53.3296
42,53.4152
42,53.4531
42,53.4630
42,53.5630
42,53.6190
42,53.6390
42,53.7151
42,53.7291
42,53.7429
42,53.7570
42,53.7576
42,53.8087
42,53.8726
42,53.9091
42,54.0203
42,54.1418
42,54.2017
42,54.2469
42,54.2659
42,54.3788
42,54.4395
42,54.5778
42,54.5798
42,54.6007
42,54.6258
42,54.6307
42,54.6508
42,54.6698
42,54.7032
42,54.7978
42,54.8458
42,54.9280
42,55.0856
42,55.2874
42,55.3132
42,55.3822
42,55.4065
42,55.4358
42,55.4602
42,55.5170
42,55.5601
42,55.5699
42,55.6709
42,55.8051
42,55.8870
42,55.8882
42,56.0381
42,56.0847
42,56.1153
42,56.1536
42,56.1910
42,56.2111
42,56.3881
42,56.4982
42,56.5247
42,56.5267
42,56.6393
42,56.6601
42,56.6760
42,56.7588
42,56.8049
42,56.8939
42,57.0215
42,57.0521
42,57.0686
42,57.1161
42,57.1200
42,57.1915
42,57.4964
42,57.5176
42,57.6372
42,57.6558
42,57.7088
42,57.7473
42,57.7681
42,57.8096
42,57.8392
42,57.9258
42,58.0136
42,58.0717
42,58.1297
42,58.1443
42,58.1633
42,58.1646
42,58.1881
42,58.2312
42,58.3088
42,58.3228
42,58.3677
42,58.3834
42,58.4076
42,58.4907
42,58.5034
42,58.6959
42,58.7485
42,58.8142
42,58.8560
42,58.8604
42,58.8710
42,58.9931
42,58.9981
42,59.0099
42,59.0139
42,59.0566
42,59.0738
42,59.0898
42,59.0963
42,59.1626
42,59.1645
42,59.1766
42,59.1774
42,59.2807
42,59.3259
42,59.4421
42,59.4925
42,59.5686
42,59.8065
43,0.0537
43,0.0544
43,0.0999
43,0.2612
43,0.3089
43,0.3931
43,0.4898
43,0.5015
43,0.5158
43,0.5264
43,0.6607
43,0.6707
43,0.7074
43,0.8417
43,0.8708
43,0.8900
43,0.9365
43,0.9864
43,1.0752
43,1.1130
43,1.1154
43,1.2012
43,1.2022
43,1.3337
43,1.3989
43,1.4047
43,1.4518
43,1.5322
43,1.5413
43,1.5641
43,1.6096
43,1.6488
43,1.7101
43,1.7190
43,1.8830
43,1.9541
43,1.9758
43,2.0094
43,2.0194
43,2.0632
43,2.1102
43,2.2518
43,2.3081
43,2.3748
43,2.4593
43,2.5628
43,2.6569
43,2.6753
43,2.7069
43,2.7132
43,2.7281
43,2.7975
43,2.8587
43,2.8617
43,2.9048
43,2.9286
43,2.9446
43,2.9930
43,3.0008
43,3.1146
43,3.1301
43,3.1932
43,3.2023
43,3.2113
43,3.3167
43,3.3409
43,3.3510
43,3.3569
43,3.4185
43,3.5358
43,3.6452
43,3.6505
43,3.6566
43,3.6792
43,3.8305
43,3.8384
43,3.8556
43,3.8595
43,3.9271
43,3.9378
43,3.9746
43,3.9749
43,4.0539
43,4.1588
43,4.2754
43,4.2873
43,4.3454
43,4.3539
43,4.4790
43,4.5307
43,4.6711
43,4.7692
43,4.8348
43,4.9404
43,4.9475
43,4.9703
43,5.0031
43,5.0589
43,5.0597
43,5.1002
43,5.2083
43,5.2558
43,5.3893
43,5.4047
43,5.4311
43,5.5364
43,5.5530
43,5.5997
43,5.7210
43,5.8073
43,5.8510
43,5.8545
43,6.1959
43,6.2214
43,6.2685
43,6.2698
43,6.2901
43,6.3125
43,6.4449
43,6.4476
43,6.5709
43,6.6895
43,6.7359
43,6.7381
43,6.7519
43,6.8344
43,6.8884
43,6.9312
43,7.0932
43,7.2302
43,7.2843
43,7.3529
43,7.4052
43,7.4245
43,7.4644
43,7.4926
43,7.7743
43,7.9177
43,7.9452
43,7.9926
43,8.0174
43,8.1580
43,8.1942
43,8.1958
43,8.2151
43,8.2309
43,8.2441
43,8.2558
43,8.3007
43,8.3083
43,8.3313
43,8.4268
43,8.4371
43,8.5009
43,8.5773
43,8.5999
43,8.7538
43,8.7700
43,8.8754
43,8.8913
43,8.9048
43,8.9092
43,8.9981
43,9.0285
43,9.0477
43,9.1314
43,9.2843
43,9.4499
43,9.5107
43,9.6081
43,9.6281
43,9.6290
43,9.6369
43,9.7119
43,10.0476
43,10.5098
43,10.5151
43,10.5322
43,10.5347
43,10.6650
43,10.6797
43,10.7058
43,10.7178
43,10.7184
43,10.7451
43,10.7458
43,10.8230
43,10.8631
43,10.8718
43,10.9960
43,11.1095
43,11.1422
43,11.1481
43,11.1496
43,11.2254
43,11.3555
43,11.3661
43,11.5324
43,11.6062
43,11.6722
43,11.6830
43,11.8275
43,11.9506
43,11.9554
43,11.9694
43,12.1133
43,12.2612
43,12.2851
43,12.2870
43,12.3632
43,12.4014
43,12.4304
43,12.5743
43,12.5920
43,12.6916
43,12.7223
43,12.7481
43,12.9790
43,12.9819
43,13.0536
43,13.0700
43,13.3133
43,13.3158
43,13.4030
43,13.4333
43,13.4471
43,13.5264
43,13.6540
43,13.7351
43,13.7532
43,13.8380
43,13.8475
43,13.8613
43,13.9047
43,13.9053
43,13.9216
43,14.0750
43,14.0863
43,14.1847
43,14.3095
43,14.3367
43,14.3919
43,14.5133
43,14.5206
43,14.6232
43,14.7538
43,14.9247
43,14.9748
43,15.1304
43,15.1872
43,15.2013
43,15.2731
43,15.3122
43,15.4216
43,15.4856
43,15.5252
43,15.5675
43,15.6116
43,15.7554
43,15.7896
43,15.8310
43,15.9003
43,15.9476
43,16.0310
43,16.1046
43,16.2303
43,16.4699
43,16.6805
43,16.7040
43,16.7160
43,16.7489
43,16.8213
43,16.8578
43,16.9413
43,17.0079
43,17.0845
43,17.4920
43,17.5668
43,17.7024
43,17.7041
43,17.7658
43,17.8922
43,17.9477
43,18.0934
43,18.2588
43,18.3274
43,18.3392
43,18.5014
43,18.6049
43,18.9109
43,18.9165
43,18.9318
43,18.9325
43,18.9594
43,19.0494
43,19.0603
43,19.0816
43,19.1014
43,19.1482
43,19.2136
43,19.2720
43,19.3636
43,19.4100
43,19.4184
43,19.4465
43,19.5102
43,19.5528
43,19.6673
43,19.8614
43,19.9053
43,19.9418
43,19.9612
43,19.9717
43,20.0894
43,20.1047
43,20.1166
43,20.1336
43,20.2169
43,20.2420
43,20.3360
43,20.3434
43,20.3548
43,20.3837
43,20.3965
43,20.5579
43,20.5725
43,20.6372
43,20.7815
43,20.8504
43,20.9568
43,21.0070
43,21.0918
43,21.1020
43,21.1898
43,21.3412
43,21.4217
43,21.4399
43,21.5291
43,21.5666
43,21.6323
43,21.6808
43,21.8198
43,21.8346
43,21.8600
43,22.0840
43,22.1356
43,22.1474
43,22.1696
43,22.1742
43,22.2580
43,22.2701
43,22.2892
43,22.5191
43,22.5200
43,22.5630
43,22.5787
43,22.6418
43,22.8335
43,22.9824
43,23.0117
43,23.0218
43,23.0571
43,23.1287
43,23.1293
43,23.2148
43,23.2697
43,23.4807
43,23.6043
43,23.6636
43,23.7612
43,23.8048
43,23.8113
43,23.8423
43,23.8448
43,23.8494
43,23.8775
43,23.9031
43,23.9447
43,24.1203
43,24.1444
43,24.3828
43,24.4673
43,24.5295
43,24.5911
43,24.6425
43,24.7193
43,24.8419
43,24.8472
43,24.9425
43,24.9650
43,25.0890
43,25.3416
43,25.4612
43,25.5012
43,25.5423
43,25.6682
43,25.7114
43,25.8169
43,25.8723
43,25.9010
43,25.9086
43,26.0125
43,26.0353
43,26.1438
43,26.1814
43,26.2067
43,26.2211
43,26.2365
43,26.2443
43,26.2589
43,26.4219
43,26.4524
43,26.6176
43,26.6603
43,26.7231
43,26.7622
43,26.7868
43,26.7949
43,26.9697
43,27.0288
43,27.0874
43,27.2267
43,27.2565
43,27.3022
43,27.4658
43,27.5145
43,27.5532
43,27.5674
43,27.5808
43,27.6172
43,27.6230
43,27.8464
43,27.9091
43,27.9709
43,28.0097
43,28.1291
43,28.2225
43,28.4478
43,28.5312
43,28.5354
43,28.6543
43,28.6911
43,28.7230
43,28.7396
43,28.8215
43,28.9588
43,28.9906
43,29.0422
43,29.1050
43,29.1554
43,29.2059
43,29.2429
43,29.3426
43,29.4139
43,29.4522
43,29.4990
43,29.7487
43,29.9034
43,30.0110
43,30.0611
43,30.1135
43,30.1529
43,30.2304
43,30.2693
43,30.3028
43,30.3514
43,30.3886
43,30.5078
43,30.6403
43,30.7377
43,30.7701
43,30.8580
43,30.8815
43,30.9137
43,31.0229
43,31.0480
43,31.0959
43,31.1300
43,31.2417
43,31.2595
43,31.4421
43,31.5071
43,31.6889
43,31.7321
43,31.7771
43,31.7829
43,31.9184
43,32.0486
43,32.2037
43,32.2077
43,32.2272
43,32.2763
43,32.3681
43,32.4366
43,32.5330
43,32.6028
43,32.6282
43,32.6490
43,32.6614
43,32.9222
43,32.9300
43,32.9849
43,33.0020
43,33.0700
43,33.1052
43,33.2000
43,33.2753
43,33.2917
43,33.3152
43,33.3673
43,33.3760
43,33.4176
43,33.4412
43,33.4646
43,33.5291
43,33.5591
43,33.5828
43,33.6667
43,33.7292
43,33.7812
43,33.9115
43,33.9787
43,34.0944
43,34.1914
43,34.2306
43,34.2523
43,34.2953
43,34.3169
43,34.3422
43,34.4145
43,34.4691
43,34.4875
43,34.5343
43,34.5874
43,34.5972
43,34.6799
43,34.7272
43,34.7832
43,34.9262
43,35.2418
43,35.2722
43,35.3564
43,35.3639
43,35.4749
43,35.6043
43,35.6609
43,35.7033
43,35.7429
43,35.7459
43,35.7642
43,35.8088
43,35.9024
43,35.9250
43,36.0578
43,36.1319
43,36.1853
43,36.1942
43,36.2224
43,36.3687
43,36.5323
43,36.7019
43,36.7990
43,36.9256
43,36.9503
43,36.9680
43,37.0212
43,37.0412
43,37.0549
43,37.2143
43,37.4094
43,37.4312
43,37.4558
43,37.4635
43,37.4993
43,37.5077
43,37.6882
43,37.8039
43,37.9329
43,37.9348
43,37.9350
43,37.9622
43,37.9687
43,38.0015
43,38.0148
43,38.1076
43,38.1110
43,38.1112
43,38.1127
43,38.1147
43,38.2639
43,38.3734
43,38.6206
43,38.7666
43,38.8567
43,38.9180
43,38.9313
43,38.9431
43,38.9443
43,38.9560
43,38.9569
43,39.0935
43,39.1883
43,39.2060
43,39.2478
43,39.2966
43,39.3152
43,39.3510
43,39.3855
43,39.4455
43,39.4721
43,39.5523
43,39.5855
43,39.6382
43,39.8421
43,39.8822
43,39.9606
43,40.1350
43,40.2314
43,40.2944
43,40.3399
43,40.4971
43,40.7360
43,40.7659
43,40.7819
43,40.8249
43,40.8604
43,40.9332
43,40.9376
43,41.1415
43,41.1822
43,41.2148
43,41.2186
43,41.2220
43,41.2748
43,41.4008
43,41.4357
43,41.4402
43,41.4767
43,41.5126
43,41.5737
43,41.6028
43,41.6037
43,41.7131
43,41.8204
43,41.9791
43,42.0184
43,42.0987
43,42.1303
43,42.1870
43,42.3868
43,42.4204
43,42.4540
43,42.4628
43,42.4877
43,42.4945
43,42.6491
43,42.7291
43,42.7771
43,42.8384
43,42.8485
43,42.9205
43,43.0071
43,43.1141
43,43.1180
43,43.1513
43,43.4241
43,43.5044
43,43.5356
43,43.6656
43,43.6689
43,43.7364
43,43.7896
43,43.8278
43,44.0953
43,44.3399
43,44.4366
43,44.4849
43,44.5626
43,44.5964
43,44.6732
43,44.7278
43,44.7341
43,44.7868
43,44.8086
43,45.0673
43,45.1413
43,45.1470
43,45.1555
43,45.2392
43,45.3169
43,45.4116
43,45.4139
43,45.4695
43,45.4876
43,45.5386
43,45.6616
43,45.9234
43,45.9987
43,46.0296
43,46.0910
43,46.2048
43,46.2103
43,46.3157
43,46.3895
43,46.4154
43,46.4778
43,46.5762
43,46.6825
43,46.7109
43,46.7159
43,46.7502
43,46.7845
43,46.9596
43,47.3513
43,47.5223
43,47.5283
43,47.5611
43,47.6284
43,47.7760
43,47.8034
43,47.8263
43,48.0713
43,48.1928
43,48.2169
43,48.2184
43,48.2212
43,48.2743
43,48.3770
43,48.4162
43,48.5263
43,48.6372
43,48.6872
43,48.6905
43,48.7181
43,48.8114
43,48.8790
43,48.9310
43,48.9829
43,49.2059
43,49.2797
43,49.4351
43,49.4409
43,49.4674
43,49.4915
43,49.5134
43,49.5218
43,49.5822
43,49.7220
43,49.8259
43,49.8674
43,49.9938
43,50.0069
43,50.0220
43,50.0334
43,50.0854
43,50.1462
43,50.1484
43,50.1506
43,50.1796
43,50.1834
43,50.2821
43,50.3295
43,50.3474
43,50.3699
43,50.4091
43,50.4104
43,50.5117
43,50.5320
43,50.5396
43,50.5633
43,50.6419
43,50.6506
43,50.6571
43,50.7089
43,50.7306
43,50.7322
43,50.8822
43,50.9697
43,51.3661
43,51.4357
43,51.5635
43,51.6354
43,51.6535
43,51.9074
43,52.0761
43,52.0808
43,52.1299
43,52.1386
43,52.1900
43,52.2363
43,52.3473
43,52.4211
43,52.4782
43,52.5993
43,52.7311
43,52.9030
43,52.9612
43,53.0121
43,53.1324
43,53.1860
43,53.2607
43,53.3140
43,53.4923
43,53.6401
43,53.6725
43,53.7474
43,53.8240
43,53.8443
43,53.9085
43,54.0353
43,54.0554
43,54.2134
43,54.2621
43,54.3457
43,54.3587
43,54.5114
43,54.5300
43,54.5441
43,54.5727
43,54.5882
43,54.7071
43,54.7329
43,54.7523
43,54.8415
43,54.8623
43,54.9067
43,54.9262
43,54.9610
43,55.1362
43,55.2203
43,55.2305
43,55.2526
43,55.3483
43,55.3720
43,55.5043
43,55.5183
43,55.5381
43,55.5938
43,55.6021
43,55.6527
43,55.6687
43,55.7888
43,55.8505
43,55.9206
43,56.1090
43,56.1102
43,56.1885
43,56.2610
43,56.3895
43,56.3922
43,56.5158
43,56.5227
43,56.5723
43,56.5947
43,56.7956
43,56.8053
43,56.8116
43,56.9550
43,56.9808
43,56.9872
43,57.0896
43,57.1430
43,57.2501
43,57.2685
43,57.3648
43,57.3991
43,57.5054
43,57.5223
43,57.5238
43,57.5659
43,57.5816
43,57.5835
43,57.5858
43,57.6140
43,57.6826
43,57.7842
43,57.8063
43,57.8555
43,57.8899
43,57.9980
43,58.0712
43,58.1213
43,58.1336
43,58.1503
43,58.1828
43,58.2232
43,58.4014
43,58.4332
43,58.4617
43,58.5304
43,58.5567
43,58.5662
43,58.6483
43,58.6804
43,58.7020
43,58.8208
43,58.9090
43,59.0201
43,59.1093
43,59.2181
43,59.3455
43,59.3696
43,59.3894
43,59.6602
43,59.7105
43,59.7905
43,59.8287
43,59.8356
43,59.9778
44,0.0069
44,0.1070
44,0.1130
44,0.1238
44,0.1328
44,0.2601
44,0.3459
44,0.3542
44,0.5210
44,0.5213
44,0.7332
44,0.7586
44,0.8692
44,0.9442
44,1.0184
44,1.0470
44,1.1044
44,1.2454
44,1.3823
44,1.4019
44,1.4540
44,1.5158
44,1.5668
44,1.8811
44,1.8824
44,1.9243
44,2.0451
44,2.2666
44,2.6431
44,2.7843
44,2.8120
44,2.9778
44,3.0654
44,3.0823
44,3.1105
44,3.1466
44,3.1933
44,3.3537
44,3.4737
44,3.5935
44,3.7697
44,3.9322
44,3.9637
44,4.0101
44,4.1422
44,4.3220
44,4.4596
44,4.5755
44,4.6211
44,4.6852
44,4.6966
44,4.8097
44,4.8307
44,5.0459
44,5.0525
44,5.0617
44,5.1792
44,5.2171
44,5.2565
44,5.3669
44,5.4528
44,5.4951
44,5.5501
44,5.5640
44,5.5902
44,5.6764
44,5.8053
44,5.9221
44,6.0056
44,6.1334
44,6.1862
44,6.3754
44,6.4541
44,6.6278
44,6.7556
44,6.9375
44,6.9453
44,6.9572
44,7.1371
44,7.2375
44,7.4082
44,7.4131
44,7.4809
44,7.5101
44,7.5188
44,7.6146
44,7.6611
44,7.8734
44,7.9249
44,8.0443
44,8.0532
44,8.0821
44,8.0901
44,8.1872
44,8.2608
44,8.5971
44,8.6107
44,8.6689
44,8.6803
44,8.7784
44,8.8465
44,8.9022
44,8.9418
44,9.1317
44,9.1498
44,9.2633
44,9.2763
44,9.2925
44,9.3134
44,9.3296
44,9.3687
44,9.4023
44,9.4533
44,9.5130
44,9.5650
44,9.9559
44,9.9907
44,10.0143
44,10.0631
44,10.2352
44,10.3115
44,10.3372
44,10.4869
44,10.5532
44,10.5775
44,10.6379
44,10.7230
44,10.7276
44,10.8743
44,11.0057
44,11.0133
44,11.0226
44,11.3625
44,11.5006
44,11.5991
44,11.6565
44,12.0039
44,12.1049
44,12.1526
44,12.1856
44,12.2864
44,12.3484
44,12.3941
44,12.4420
44,12.4450
44,12.7327
44,12.8420
44,12.8704
44,13.0200
44,13.0988
44,13.3948
44,13.5404
44,13.7764
44,13.9754
44,14.0080
44,14.1419
44,14.1636
44,14.2096
44,14.2245
44,14.2766
44,14.4256
44,14.4395
44,14.5615
44,15.0779
44,15.1469
44,15.1638
44,15.2125
44,15.2216
44,15.7680
44,15.8656
44,15.9823
44,16.0003
44,16.0331
44,16.0962
44,16.1736
44,16.2195
44,16.3878
44,16.4650
44,16.6262
44,16.6604
44,16.7109
44,16.7779
44,16.9364
44,16.9543
44,17.0694
44,17.0708
44,17.0829
44,17.2698
44,17.3099
44,17.4209
44,17.7031
44,17.7387
44,18.1769
44,18.6011
44,18.7577
44,18.9844
44,19.0082
44,19.0598
44,19.1165
44,19.1481
44,19.1687
44,19.2767
44,19.4823
44,19.8012
44,20.0563
44,20.0677
44,20.2789
44,20.2945
44,20.3977
44,20.5329
44,20.5358
44,20.6235
44,20.7759
44,20.8096
44,20.8667
44,21.7109
44,21.7272
44,21.7428
44,21.7557
44,21.7701
44,21.7900
44,21.8380
44,21.8889
44,22.1496
44,22.2382
44,22.2850
44,22.4377
44,22.6166
44,22.6185
44,22.6410
44,22.6860
44,22.7644
44,22.9162
44,22.9597
44,23.0608
44,23.0651
44,23.3831
44,23.5932
44,23.6011
44,23.6437
44,23.9568
44,23.9712
44,24.0903
44,24.1156
44,24.1312
44,24.2368
44,24.3122
44,24.3297
44,24.4012
44,24.7036
44,24.7642
44,24.8527
44,24.9199
44,24.9250
44,25.1011
44,25.2949
44,25.3643
44,25.3955
44,25.6040
44,25.6816
44,25.9622
44,26.0603
44,26.1023
44,26.2465
44,26.2931
44,26.4474
44,26.4927
44,26.9584
44,26.9670
44,27.1715
44,27.2693
44,27.3159
44,27.5678
44,27.6994
44,27.7972
44,27.8696
44,28.0697
44,28.1952
44,28.2496
44,28.3651
44,28.4153
44,28.4558
44,28.4589
44,28.4942
44,28.5286
44,28.6480
44,28.7244
44,28.7490
44,28.9275
44,28.9927
44,29.0490
44,29.0820
44,29.1050
44,29.4130
44,29.4694
44,29.4747
44,29.5430
44,29.8020
44,29.8254
44,29.9469
44,29.9698
44,30.0460
44,30.1228
44,30.2961
44,30.3150
44,30.3238
44,30.5918
44,30.7580
44,30.7878
44,30.8718
44,30.8760
44,30.9555
44,30.9676
44,31.1293
44,31.1493
44,31.1687
44,31.2108
44,31.2341
44,31.2745
44,31.3558
44,31.3664
44,31.4586
44,31.4597
44,31.5120
44,31.6899
44,31.8999
44,31.9021
44,32.2583
44,32.3822
44,32.5002
44,32.5587
44,32.5609
44,32.6065
44,32.6532
44,32.6987
44,32.7710
44,32.7775
44,32.7779
44,32.8269
44,32.8895
44,32.9179
44,33.1234
44,33.1979
44,33.2287
44,33.2796
44,33.3510
44,33.4724
44,33.5310
44,33.5810
44,33.9872
44,34.1353
44,34.2885
44,34.2946
44,34.3516
44,34.4837
44,34.4923
44,34.4950
44,34.5101
44,34.5214
44,34.8539
44,34.9333
44,35.0974
44,35.2007
44,35.2935
44,35.4060
44,35.5114
44,35.9214
44,36.0169
44,36.0177
44,36.1340
44,36.1934
44,36.2671
44,36.3011
44,36.3513
44,36.4555
44,36.4740
44,36.4975
44,36.5660
44,36.6193
44,36.6275
44,36.6686
44,36.8244
44,36.8620
44,36.9120
44,37.1294
44,37.1945
44,37.2549
44,37.3654
44,37.5059
44,37.5717
44,37.6044
44,37.6320
44,37.6966
44,37.7268
44,37.8173
44,37.8640
44,38.0436
44,38.0958
44,38.1900
44,38.3495
44,38.4498
44,38.5645
44,38.7639
44,38.8165
44,38.8327
44,38.8514
44,38.8514
44,38.9205
44,38.9263
44,39.1280
44,39.6184
44,39.6320
44,39.7759
44,39.9655
44,39.9723
44,39.9952
44,40.2709
44,40.2760
44,40.2786
44,40.5059
44,40.7927
44,41.1596
44,41.1724
44,41.2504
44,41.2518
44,41.3571
44,41.3662
44,41.3931
44,41.6194
44,41.6234
44,41.7152
44,41.7457
44,41.7568
44,42.0711
44,42.2409
44,42.2599
44,42.2609
44,42.3258
44,42.5653
44,42.6809
44,42.7330
44,42.8384
44,42.9804
44,43.0543
44,43.1938
44,43.2137
44,43.2637
44,43.5729
44,43.8956
44,44.0951
44,44.1362
44,44.2073
44,44.3490
44,44.6231
44,44.7911
44,44.8062
44,44.8781
44,44.9032
44,44.9240
44,45.2172
44,45.4857
44,45.5484
44,45.5786
44,46.1159
44,46.1248
44,46.1610
44,46.5569
44,46.5686
44,46.6333
44,46.7600
44,46.7949
44,46.8519
44,47.2752
44,47.2992
44,47.4828
44,47.5188
44,47.5379
44,47.6418
44,47.7047
44,47.7592
44,47.7701
44,47.8723
44,47.8914
44,48.0362
44,48.1539
44,48.4788
44,48.7181
44,48.7185
44,48.7293
44,48.9436
44,48.9979
44,49.0793
44,49.0902
44,49.1414
44,49.1763
44,49.2017
44,49.2642
44,49.2707
44,49.3147
44,49.4431
44,49.5885
44,49.5957
44,49.6785
44,49.9727
44,50.0496
44,50.0994
44,50.4354
44,50.6644
44,50.9545
44,50.9974
44,51.0308
44,51.0876
44,51.3870
44,51.4242
44,51.4557
44,51.4610
44,51.4838
44,51.4879
44,51.5636
44,51.5778
44,51.6687
44,51.7527
44,51.7538
44,51.8074
44,51.8712
44,51.9515
44,52.0941
44,52.1724
44,52.1827
44,52.2493
44,52.3832
44,52.4063
44,52.6083
44,52.8146
44,52.8310
44,53.0252
44,53.1346
44,53.1989
44,53.4031
44,53.5282
44,53.6169
44,53.7703
44,53.8608
44,54.0670
44,54.1411
44,54.3573
44,54.4625
44,54.6396
44,54.6925
44,54.7398
44,54.9782
44,55.1024
44,55.1732
44,55.2176
44,55.2179
44,55.2267
44,55.3357
44,55.3489
44,55.3625
44,55.3993
44,55.4405
44,55.4894
44,55.7638
44,55.8486
44,55.9618
44,55.9783
44,56.1706
44,56.1755
44,56.4227
44,56.4678
44,56.5862
44,56.6516
44,56.6636
44,56.6976
44,56.8488
44,56.8628
44,56.9269
44,57.0252
44,57.1093
44,57.1213
44,57.3399
44,57.6061
44,57.6156
44,57.6623
44,57.6853
44,57.8007
44,58.0777
44,58.2444
44,58.3196
44,58.5044
44,58.5356
44,58.6687
44,58.7800
44,58.8322
44,58.8472
44,59.0980
44,59.2321
44,59.2784
44,59.3476
44,59.4851
44,59.7727
44,59.8510
44,59.9433
44,59.9540
45,0.2487
45,0.2806
45,0.3982
45,0.4594
45,0.4626
45,0.5199
45,0.6826
45,0.8338
45,0.8961
45,0.9715
45,1.0523
45,1.1184
45,1.2412
45,1.2570
45,1.2993
45,1.3221
45,1.3296
45,1.4413
45,1.4545
45,1.4812
45,1.6609
45,1.6892
45,1.7322
45,1.7331
45,1.9121
45,2.0206
45,2.0466
45,2.3403
45,2.3793
45,2.4192
45,2.4249
45,2.4281
45,2.4524
45,2.4620
45,2.5349
45,2.6362
45,2.6699
45,2.7551
45,2.7991
45,2.8127
45,2.8303
45,2.8441
45,2.9186
45,2.9188
45,2.9373
45,3.1275
45,3.1391
45,3.2310
45,3.2559
45,3.2605
45,3.2858
45,3.3025
45,3.3240
45,3.4321
45,3.4564
45,3.4945
45,3.5258
45,3.5276
45,3.5282
45,3.5472
45,3.6528
45,3.7449
45,3.8734
45,3.9366
45,3.9445
45,3.9624
45,4.0148
45,4.0201
45,4.0850
45,4.2026
45,4.4404
45,4.5219
45,4.6564
45,4.7906
45,4.9393
45,4.9418
45,4.9465
45,5.1017
45,5.2302
45,5.2453
45,5.2937
45,5.4261
45,5.4321
45,5.4348
45,5.5072
45,5.5315
45,5.5411
45,5.5638
45,5.6087
45,5.6508
45,5.6993
45,5.7501
45,6.0185
45,6.2628
45,6.2641
45,6.3407
45,6.3614
45,6.4595
45,6.4614
45,6.5991
45,6.6228
45,6.6489
45,6.7565
45,6.7673
45,6.8430
45,6.8832
45,6.9562
45,7.0159
45,7.0596
45,7.1058
45,7.1729
45,7.1938
45,7.2511
45,7.3534
45,7.3560
45,7.3872
45,7.5028
45,7.5032
45,7.6177
45,7.6229
45,7.6350
45,7.6557
45,7.7257
45,7.7841
45,7.9555
45,8.0220
45,8.0338
45,8.1345
45,8.1473
45,8.2732
45,8.3079
45,8.3992
45,8.4024
45,8.4830
45,8.5006
45,8.5128
45,8.5633
45,8.5704
45,8.6418
45,8.7504
45,8.8344
45,8.8561
45,8.8604
45,8.8651
45,9.0512
45,9.0788
45,9.0890
45,9.1246
45,9.1464
45,9.2270
45,9.2448
45,9.4583
45,9.5061
45,9.5352
45,9.6337
45,9.6683
45,9.6784
45,9.7466
45,9.8236
45,9.9225
45,10.0469
45,10.0884
45,10.1784
45,10.2220
45,10.2643
45,10.5419
45,10.5423
45,10.5580
45,10.6502
45,10.6555
45,10.6570
45,10.6739
45,10.6801
45,10.7449
45,10.8570
45,10.8691
45,10.8695
45,10.8778
45,10.8785
45,10.9940
45,11.2835
45,11.3910
45,11.4199
45,11.4210
45,11.5014
45,11.5053
45,11.5566
45,11.5909
45,11.6555
45,11.7599
45,11.7807
45,11.8517
45,11.9309
45,12.0051
45,12.1049
45,12.1512
45,12.2530
45,12.2555
45,12.3259
45,12.3693
45,12.4003
45,12.4241
45,12.6197
45,12.7134
45,12.7143
45,12.7986
45,12.8037
45,12.8328
45,12.8544
45,12.9185
45,12.9526
45,12.9791
45,13.0038
45,13.0324
45,13.0389
45,13.2182
45,13.2382
45,13.2641
45,13.2669
45,13.3891
45,13.4149
45,13.4534
45,13.5498
45,13.7538
45,13.8425
45,13.8445
45,13.9443
45,14.1783
45,14.2602
45,14.3093
45,14.3094
45,14.3277
45,14.3281
45,14.3659
45,14.3671
45,14.3834
45,14.4404
45,14.5576
45,14.6969
45,14.7568
45,14.8164
45,14.8694
45,14.8700
45,14.9806
45,15.0578
45,15.0641
45,15.0822
45,15.1098
45,15.1137
45,15.1164
45,15.2297
45,15.2629
45,15.4164
45,15.4429
45,15.4685
45,15.4847
45,15.5069
45,15.5303
45,15.5481
45,15.5814
45,15.7047
45,15.7250
45,15.7298
45,15.7416
45,15.7704
45,15.8249
45,15.9332
45,15.9400
45,15.9810
45,16.0239
45,16.0598
45,16.2739
45,16.2908
45,16.3003
45,16.3038
45,16.3706
45,16.4121
45,16.4136
45,16.4571
45,16.4916
45,16.5016
45,16.5455
45,16.5650
45,16.5699
45,16.9319
45,16.9735
45,16.9802
45,16.9922
45,17.0055
45,17.0258
45,17.1899
45,17.1906
45,17.2202
45,17.2711
45,17.2880
45,17.3017
45,17.3124
45,17.3288
45,17.3356
45,17.3390
45,17.3573
45,17.3851
45,17.4340
45,17.5129
45,17.5151
45,17.5680
45,17.6836
45,17.7135
45,17.7266
45,17.7527
45,18.0001
45,18.0306
45,18.0495
45,18.0576
45,18.1029
45,18.1280
45,18.2368
45,18.3154
45,18.4729
45,18.4737
45,18.7677
45,18.7956
45,18.9720
45,18.9844
45,18.9989
45,19.0098
45,19.0377
45,19.1043
45,19.1657
45,19.2263
45,19.2472
45,19.3338
45,19.3711
45,19.3978
45,19.4306
45,19.4336
45,19.5261
45,19.6499
45,19.7175
45,19.7303
45,19.7381
45,19.8297
45,19.8301
45,19.8683
45,20.0321
45,20.1435
45,20.1573
45,20.1707
45,20.2158
45,20.2312
45,20.2337
45,20.2508
45,20.2531
45,20.2734
45,20.3473
45,20.3689
45,20.4802
45,20.5202
45,20.5681
45,20.5695
45,20.5695
45,20.5720
45,20.6854
45,20.8097
45,21.0020
45,21.3001
45,21.3449
45,21.3616
45,21.4514
45,21.4794
45,21.4955
45,21.4973
45,21.5084
45,21.5458
45,21.5687
45,21.6700
45,21.7404
45,21.7557
45,21.8091
45,21.8504
45,21.9058
45,21.9216
45,21.9317
45,21.9982
45,22.0340
45,22.0513
45,22.1152
45,22.1974
45,22.2819
45,22.3510
45,22.3677
45,22.3795
45,22.5358
45,22.5478
45,22.5943
45,22.6048
45,22.6763
45,22.8928
45,22.9194
45,22.9233
45,23.0281
45,23.0581
45,23.1689
45,23.2365
45,23.3415
45,23.3466
45,23.3669
45,23.4338
45,23.5960
45,23.6654
45,23.8054
45,23.8285
45,23.8908
45,23.9777
45,23.9797
45,24.0076
45,24.0218
45,24.0531
45,24.0919
45,24.1183
45,24.1607
45,24.2029
45,24.3183
45,24.4501
45,24.4738
45,24.4835
45,24.5959
45,24.6014
45,24.6514
45,24.6828
45,24.7820
45,24.8274
45,24.8864
45,24.9258
45,24.9480
45,24.9606
45,25.0001
45,25.0895
45,25.1922
45,25.4125
45,25.4337
45,25.4824
45,25.4982
45,25.5415
45,25.7975
45,25.8301
45,25.8369
45,25.9216
45,26.0946
45,26.1045
45,26.2100
45,26.2424
45,26.2714
45,26.3020
45,26.3234
45,26.3381
45,26.3829
45,26.3836
45,26.4078
45,26.4317
45,26.4399
45,26.4894
45,26.5062
45,26.5994
45,26.6169
45,26.6341
45,26.6398
45,26.6821
45,26.7321
45,26.8152
45,26.8321
45,26.9091
45,26.9761
45,26.9792
45,27.0198
45,27.0230
45,27.0292
45,27.0356
45,27.0428
45,27.0770
45,27.0834
45,27.0878
45,27.0919
45,27.1116
45,27.1831
45,27.1948
45,27.3623
45,27.3955
45,27.4700
45,27.5061
45,27.5152
45,27.5248
45,27.5347
45,27.5881
45,27.6860
45,27.7422
45,27.8295
45,27.9046
45,27.9337
45,28.0276
45,28.1103
45,28.2349
45,28.2421
45,28.2999
45,28.3694
45,28.4241
45,28.4323
45,28.4759
45,28.5461
45,28.5634
45,28.5736
45,28.5834
45,28.6011
45,28.7382
45,28.7476
45,28.8227
45,28.8328
45,29.1005
45,29.1062
45,29.1550
45,29.2552
45,29.2755
45,29.3924
45,29.4034
45,29.4183
45,29.4270
45,29.4417
45,29.4958
45,29.5232
45,29.6460
45,29.6495
45,29.7364
45,29.8094
45,29.8099
45,29.8555
45,29.9328
45,29.9330
45,29.9565
45,29.9739
45,29.9917
45,30.0116
45,30.0512
45,30.0778
45,30.2609
45,30.2645
45,30.2750
45,30.4197
45,30.5603
45,30.5703
45,30.6352
45,30.6547
45,30.7231
45,30.8136
45,30.8256
45,30.8358
45,30.8652
45,30.8932
45,30.8944
45,31.0057
45,31.0401
45,31.0790
45,31.1065
45,31.1497
45,31.1915
45,31.2844
45,31.4064
45,31.4586
45,31.5392
45,31.5414
45,31.5820
45,31.6012
45,31.6049
45,31.6879
45,31.6928
45,31.7015
45,31.7698
45,31.8142
45,31.9870
45,32.0180
45,32.0181
45,32.4516
45,32.4545
45,32.4552
45,32.5089
45,32.5312
45,32.6322
45,32.7083
45,32.7556
45,32.8242
45,32.8536
45,32.8728
45,32.8881
45,33.1558
45,33.1775
45,33.1947
45,33.2059
45,33.2490
45,33.3287
45,33.4458
45,33.4888
45,33.6696
45,33.8253
45,33.8634
45,33.8743
45,33.9570
45,33.9695
45,34.0065
45,34.0235
45,34.0374
45,34.2264
45,34.2750
45,34.2801
45,34.2981
45,34.3404
45,34.3988
45,34.5492
45,34.5844
45,34.7276
45,34.7297
45,34.7841
45,34.9085
45,34.9431
45,35.0560
45,35.0592
45,35.1171
45,35.2039
45,35.3068
45,35.4150
45,35.5805
45,35.5925
45,35.6862
45,35.7631
45,35.8004
45,35.8826
45,36.0859
45,36.1229
45,36.1471
45,36.1727
45,36.3050
45,36.3679
45,36.3751
45,36.4969
45,36.5062
45,36.5623
45,36.5781
45,36.7268
45,36.7696
45,36.8109
45,36.8284
45,36.8456
45,36.9674
45,37.0391
45,37.1381
45,37.2421
45,37.2541
45,37.3004
45,37.3549
45,37.3695
45,37.4573
45,37.5067
45,37.5704
45,37.5942
45,37.6494
45,37.8950
45,37.9256
45,37.9422
45,37.9697
45,37.9768
45,38.0737
45,38.1369
45,38.2134
45,38.2247
45,38.2312
45,38.2569
45,38.3565
45,38.4645
45,38.5254
45,38.5920
45,38.8114
45,38.8716
45,38.8775
45,38.9288
45,38.9918
45,39.0644
45,39.0904
45,39.1895
45,39.1957
45,39.2175
45,39.4314
45,39.4690
45,39.5720
45,39.6051
45,39.9212
45,40.0359
45,40.0611
45,40.0752
45,40.0936
45,40.0957
45,40.3083
45,40.3412
45,40.3558
45,40.3579
45,40.3848
45,40.5111
45,40.5294
45,40.5906
45,40.5978
45,40.7209
45,40.7606
45,40.7630
45,40.8141
45,40.8454
45,40.9593
45,41.1457
45,41.1690
45,41.2227
45,41.2282
45,41.2417
45,41.3643
45,41.3984
45,41.4460
45,41.5081
45,41.6307
45,41.6802
45,41.6898
45,41.7874
45,41.8125
45,41.8888
45,41.9749
45,42.0492
45,42.2543
45,42.2821
45,42.2866
45,42.2883
45,42.4475
45,42.4736
45,42.5170
45,42.5289
45,42.6011
45,42.6648
45,42.6679
45,42.7275
45,42.7546
45,42.8075
45,42.8492
45,42.8965
45,42.9280
45,43.1106
45,43.1605
45,43.3129
45,43.3607
45,43.3834
45,43.3983
45,43.4131
45,43.5054
45,43.5998
45,43.7385
45,43.8167
45,43.8202
45,43.8260
45,43.9128
45,43.9569
45,43.9872
45,43.9962
45,44.0458
45,44.0599
45,44.0770
45,44.1679
45,44.2539
45,44.4174
45,44.4451
45,44.5044
45,44.5150
45,44.5168
45,44.6545
45,44.7573
45,44.9473
45,44.9556
45,45.0332
45,45.0915
45,45.1349
45,45.1626
45,45.1683
45,45.1836
45,45.2623
45,45.3849
45,45.4088
45,45.4520
45,45.4598
45,45.4955
45,45.5580
45,45.7302
45,45.7629
45,45.9966
45,46.0665
45,46.2065
45,46.2341
45,46.2932
45,46.3044
45,46.3222
45,46.3586
45,46.4012
45,46.5123
45,46.6278
45,46.7420
45,46.7820
45,46.8580
45,46.9907
45,46.9972
45,47.0061
45,47.0595
45,47.2406
45,47.2912
45,47.4816
45,47.5013
45,47.7587
45,47.8588
45,47.8852
45,47.8889
45,47.9306
45,47.9351
45,47.9642
45,48.0497
45,48.0638
45,48.0882
45,48.2543
45,48.2786
45,48.2786
45,48.2908
45,48.3513
45,48.3529
45,48.3583
45,48.3713
45,48.5331
45,48.5544
45,48.5710
45,48.6229
45,48.6235
45,48.6760
45,48.8176
45,48.9192
45,48.9577
45,48.9607
45,48.9913
45,49.0926
45,49.1607
45,49.2761
45,49.2850
45,49.3261
45,49.3414
45,49.3573
45,49.3573
45,49.3668
45,49.4771
45,49.4819
45,49.4862
45,49.5145
45,49.5732
45,49.5758
45,49.7073
45,49.7227
45,49.7405
45,49.7937
45,49.8003
45,49.8140
45,49.9683
45,50.0175
45,50.0654
45,50.2194
45,50.3331
45,50.3743
45,50.4455
45,50.5112
45,50.5997
45,50.6389
45,50.6959
45,50.7302
45,50.7432
45,50.7640
45,50.8746
45,50.8814
45,50.8916
45,50.8990
45,51.0103
45,51.0188
45,51.0260
45,51.1874
45,51.2096
45,51.2994
45,51.3293
45,51.4534
45,51.4673
45,51.5965
45,51.6280
45,51.7397
45,51.7658
45,51.7894
45,51.9908
45,52.0997
45,52.2305
45,52.2457
45,52.3123
45,52.4196
45,52.4898
45,52.5585
45,52.5613
45,52.5943
45,52.6213
45,52.6870
45,52.7137
45,52.7406
45,52.7577
45,52.7962
45,52.8164
45,52.8328
45,52.8560
45,52.8662
45,53.0000
45,53.0830
45,53.1272
45,53.1828
45,53.2281
45,53.2766
45,53.3087
45,53.3397
45,53.4436
45,53.5050
45,53.6981
45,53.7140
45,53.7343
45,53.7542
45,53.8351
45,53.8689
45,53.8857
45,53.9489
45,53.9836
45,54.0582
45,54.0775
45,54.1149
45,54.1235
45,54.2581
45,54.3197
45,54.3559
45,54.3611
45,54.4052
45,54.4103
45,54.4495
45,54.4844
45,54.5588
45,54.5649
45,54.6122
45,54.6326
45,54.6495
45,54.6744
45,54.7095
45,54.7413
45,54.8803
45,54.9288
45,54.9681
45,55.0206
45,55.0787
45,55.0804
45,55.0999
45,55.1122
45,55.1426
45,55.2033
45,55.3219
45,55.3603
45,55.3627
45,55.4020
45,55.4427
45,55.4597
45,55.5388
45,55.5588
45,55.6292
45,55.7098
45,55.7942
45,55.8546
45,55.8567
45,55.9285
45,55.9424
45,56.0159
45,56.1078
45,56.1120
45,56.1339
45,56.1470
45,56.2630
45,56.3472
45,56.3493
45,56.3567
45,56.3941
45,56.5755
45,56.6497
45,56.6959
45,56.7549
45,56.8064
45,56.8077
45,56.8408
45,56.8423
45,56.8644
45,56.8999
45,56.9016
45,56.9568
45,56.9702
45,56.9791
45,56.9995
45,57.0937
45,57.1055
45,57.2145
45,57.3175
45,57.3438
45,57.3526
45,57.3713
45,57.3934
45,57.4085
45,57.4172
45,57.4800
45,57.5585
45,57.6313
45,57.6320
45,57.6373
45,57.7041
45,57.7859
45,57.8680
45,57.9331
45,57.9563
45,58.1780
45,58.4360
45,58.5048
45,58.5455
45,58.6168
45,58.8692
45,58.8705
45,58.8840
45,58.9093
45,58.9657
45,58.9987
45,59.0239
45,59.0372
45,59.0959
45,59.2899
45,59.2992
45,59.3011
45,59.3293
45,59.3892
45,59.6650
45,59.6929
45,59.9359
45,59.9579
46,0.0437
46,0.1525
46,0.2299
46,0.2426
46,0.2741
46,0.3008
46,0.3710
46,0.3774
46,0.4972
46,0.5195
46,0.6166
46,0.7101
46,0.7775
46,0.8268
46,0.8781
46,0.9199
46,0.9675
46,1.1378
46,1.1587
46,1.1793
46,1.2325
46,1.2698
46,1.2903
46,1.4189
46,1.4272
46,1.4740
46,1.4820
46,1.6722
46,1.7013
46,1.7019
46,1.8105
46,1.9502
46,1.9537
46,1.9665
46,2.0139
46,2.0641
46,2.0865
46,2.1124
46,2.2779
46,2.3535
46,2.3555
46,2.3933
46,2.4348
46,2.5844
46,2.6322
46,2.6644
46,2.7216
46,3.0633
46,3.2025
46,3.2197
46,3.2475
46,3.3389
46,3.3425
46,3.3896
46,3.4327
46,3.4554
46,3.4633
46,3.4703
46,3.5639
46,3.6183
46,3.7620
46,3.8080
46,3.8126
46,3.8753
46,3.9840
46,4.0018
46,4.0970
46,4.2089
46,4.2692
46,4.3677
46,4.4027
46,4.4120
46,4.4318
46,4.5392
46,4.5962
46,4.5999
46,4.7343
46,4.7966
46,4.8080
46,4.8630
46,4.9271
46,4.9565
46,5.0172
46,5.2944
46,5.3539
46,5.4076
46,5.5231
46,5.5997
46,5.6540
46,5.7269
46,5.8796
46,5.8943
46,5.9710
46,5.9753
46,6.0083
46,6.0257
46,6.0503
46,6.1163
46,6.1282
46,6.1542
46,6.1560
46,6.1866
46,6.2586
46,6.4132
46,6.4712
46,6.4822
46,6.5233
46,6.5456
46,6.5698
46,6.5943
46,6.6220
46,6.6538
46,6.6729
46,6.6771
46,6.7505
46,6.7886
46,6.8249
46,6.8963
46,6.8987
46,6.9272
46,6.9452
46,6.9726
46,7.0174
46,7.0526
46,7.1247
46,7.1702
46,7.4275
46,7.4397
46,7.5402
46,7.6200
46,7.6826
46,7.7222
46,7.9693
46,8.1456
46,8.1944
46,8.2424
46,8.2640
46,8.2697
46,8.3441
46,8.4136
46,8.4927
46,8.5622
46,8.6409
46,8.6722
46,8.6833
46,8.7027
46,8.7389
46,8.7393
46,8.7872
46,8.8070
46,8.8362
46,8.9154
46,9.2005
46,9.2738
46,9.3445
46,9.3516
46,9.3886
46,9.4075
46,9.4389
46,9.4951
46,9.5816
46,9.6336
46,9.6509
46,9.7605
46,9.7673
46,9.8388
46,9.8498
46,9.9513
46,10.0700
46,10.0942
46,10.1840
46,10.2866
46,10.4555
46,10.4978
46,10.5051
46,10.5472
46,10.5651
46,10.6060
46,10.6148
46,10.6591
46,10.7039
46,10.7085
46,10.7378
46,10.9046
46,10.9227
46,10.9797
46,11.0741
46,11.1158
46,11.1319
46,11.1978
46,11.5307
46,11.6073
46,11.6822
46,11.7656
46,11.7670
46,11.8370
46,11.8462
46,11.9452
46,11.9945
46,12.0353
46,12.0463
46,12.0630
46,12.0986
46,12.1155
46,12.4274
46,12.4439
46,12.6211
46,12.6616
46,12.8101
46,12.8897
46,12.9461
46,13.1454
46,13.2446
46,13.3272
46,13.3375
46,13.4301
46,13.4864
46,13.5069
46,13.5100
46,13.5328
46,13.6130
46,13.6301
46,13.6420
46,13.8053
46,13.8158
46,13.8431
46,14.0554
46,14.1239
46,14.1506
46,14.1602
46,14.2165
46,14.2535
46,14.3310
46,14.4251
46,14.4365
46,14.5092
46,14.5563
46,14.6567
46,14.7199
46,14.7516
46,14.9419
46,14.9477
46,14.9525
46,14.9949
46,15.0066
46,15.0103
46,15.0116
46,15.2013
46,15.3047
46,15.3226
46,15.5188
46,15.5399
46,15.5958
46,15.6393
46,15.6398
46,15.6946
46,15.9629
46,15.9837
46,15.9843
46,16.1488
46,16.1495
46,16.2312
46,16.3359
46,16.3596
46,16.4429
46,16.4560
46,16.6428
46,16.6469
46,16.6753
46,16.6783
46,16.6820
46,16.7122
46,16.7170
46,16.7479
46,16.7607
46,16.8830
46,16.8915
46,16.9197
46,17.0873
46,17.1561
46,17.2154
46,17.2394
46,17.2520
46,17.2628
46,17.3700
46,17.4757
46,17.5732
46,17.7452
46,17.8790
46,17.8881
46,18.0716
46,18.0761
46,18.0881
46,18.1722
46,18.2023
46,18.2991
46,18.3333
46,18.3512
46,18.3883
46,18.4391
46,18.5570
46,18.5946
46,18.6006
46,18.6048
46,18.6451
46,18.6468
46,18.6752
46,18.7808
46,18.7829
46,18.8741
46,19.0494
46,19.0607
46,19.0958
46,19.1614
46,19.1635
46,19.2788
46,19.4480
46,19.5304
46,19.5507
46,19.5950
46,19.6701
46,19.6729
46,19.7722
46,19.8461
46,19.9585
46,19.9699
46,20.0748
46,20.1624
46,20.1876
46,20.3078
46,20.3161
46,20.3259
46,20.3656
46,20.6143
46,20.6771
46,20.7789
46,20.8037
46,20.9056
46,20.9454
46,21.0855
46,21.1799
46,21.2066
46,21.2071
46,21.5063
46,21.5891
46,21.6779
46,21.7026
46,21.7282
46,21.7365
46,22.0317
46,22.1699
46,22.3061
46,22.3945
46,22.4288
46,22.4765
46,22.4987
46,22.5552
46,22.5798
46,22.6021
46,22.6567
46,22.6639
46,22.7387
46,22.7589
46,22.7960
46,22.8174
46,22.8582
46,22.8786
46,23.0510
46,23.0778
46,23.0974
46,23.0975
46,23.1455
46,23.1906
46,23.2326
46,23.3080
46,23.3590
46,23.4412
46,23.5056
46,23.5566
46,23.5924
46,23.6778
46,23.7075
46,23.8009
46,23.9018
46,23.9267
46,24.0021
46,24.0693
46,24.1321
46,24.1488
46,24.2967
46,24.2978
46,24.3803
46,24.4380
46,24.5942
46,24.6219
46,24.6250
46,24.6270
46,24.6676
46,24.6890
46,24.7754
46,24.8423
46,24.9186
46,25.0155
46,25.0823
46,25.1814
46,25.2111
46,25.3930
46,25.6437
46,25.6541
46,25.6658
46,25.9566
46,26.0226
46,26.0894
46,26.1467
46,26.2353
46,26.2389
46,26.2534
46,26.2695
46,26.3390
46,26.3738
46,26.5769
46,26.6572
46,26.6849
46,26.7486
46,26.7593
46,26.7668
46,26.9531
46,26.9558
46,26.9593
46,27.0565
46,27.0817
46,27.1299
46,27.1398
46,27.3004
46,27.3033
46,27.3899
46,27.4044
46,27.4189
46,27.4215
46,27.4360
46,27.4583
46,27.5224
46,27.5269
46,27.5798
46,27.6042
46,27.6360
46,27.6597
46,27.6638
46,27.6943
46,27.7235
46,27.7956
46,27.8999
46,27.9093
46,28.1442
46,28.1509
46,28.1881
46,28.2561
46,28.3113
46,28.3676
46,28.4018
46,28.5137
46,28.5231
46,28.5491
46,28.6929
46,28.7457
46,28.7912
46,28.8049
46,28.8453
46,28.9518
46,28.9606
46,28.9898
46,29.0755
46,29.1351
46,29.1415
46,29.1845
46,29.1926
46,29.2219
46,29.3403
46,29.3435
46,29.5364
46,29.5373
46,29.6824
46,29.7208
46,29.7552
46,29.7677
46,29.8072
46,29.8761
46,29.9196
46,30.0055
46,30.0184
46,30.0601
46,30.0672
46,30.1286
46,30.2820
46,30.3854
46,30.5510
46,30.6285
46,30.6544
46,30.7508
46,30.7517
46,30.8141
46,31.0117
46,31.0193
46,31.0692
46,31.0868
46,31.1165
46,31.1968
46,31.2126
46,31.2462
46,31.3957
46,31.4594
46,31.5163
46,31.6191
46,31.6502
46,31.6571
46,31.6842
46,31.6923
46,31.7383
46,31.9984
46,32.0210
46,32.0523
46,32.2077
46,32.2128
46,32.3239
46,32.3394
46,32.3430
46,32.3443
46,32.3874
46,32.4240
46,32.5652
46,32.5879
46,32.7403
46,32.8042
46,32.8267
46,32.8392
46,32.9496
46,32.9508
46,32.9981
46,32.9995
46,33.0531
46,33.1778
46,33.2049
46,33.2355
46,33.2625
46,33.2820
46,33.3322
46,33.3423
46,33.3888
46,33.5022
46,33.5349
46,33.5434
46,33.5668
46,33.6228
46,33.9584
46,34.0157
46,34.1978
46,34.2803
46,34.3419
46,34.4628
46,34.5157
46,34.5372
46,34.5417
46,34.6006
46,34.6157
46,34.7058
46,34.7887
46,34.7893
46,34.7970
46,34.8004
46,34.9371
46,34.9413
46,35.0078
46,35.0748
46,35.1326
46,35.2212
46,35.3570
46,35.3614
46,35.3741
46,35.3836
46,35.6622
46,35.7712
46,35.8523
46,35.8985
46,36.0126
46,36.0826
46,36.1583
46,36.4062
46,36.4341
46,36.5235
46,36.5477
46,36.8783
46,36.9535
46,37.0070
46,37.0963
46,37.1035
46,37.1060
46,37.1160
46,37.2065
46,37.3038
46,37.3726
46,37.4060
46,37.4625
46,37.4733
46,37.4735
46,37.6147
46,37.6398
46,37.6415
46,37.6492
46,37.7432
46,37.7923
46,37.8479
46,37.8538
46,37.9207
46,37.9916
46,37.9978
46,38.0464
46,38.0702
46,38.1538
46,38.1837
46,38.2361
46,38.2637
46,38.2710
46,38.4325
46,38.4575
46,38.5405
46,38.5420
46,38.5428
46,38.5863
46,38.9311
46,38.9391
46,38.9406
46,38.9512
46,39.0278
46,39.0450
46,39.0510
46,39.0999
46,39.1247
46,39.1685
46,39.2758
46,39.4026
46,39.5870
46,39.6190
46,39.6396
46,39.6832
46,39.6971
46,39.7451
46,39.7751
46,39.8031
46,39.8368
46,39.9636
46,39.9701
46,40.0504
46,40.1241
46,40.1325
46,40.1351
46,40.1504
46,40.2508
46,40.3398
46,40.3881
46,40.4420
46,40.5324
46,40.6773
46,40.8023
46,41.0420
46,41.0440
46,41.1843
46,41.2765
46,41.3355
46,41.3422
46,41.4123
46,41.4241
46,41.4596
46,41.4852
46,41.6050
46,41.6162
46,41.8494
46,41.9102
46,41.9344
46,41.9426
46,41.9624
46,42.2058
46,42.2254
46,42.2782
46,42.3302
46,42.3785
46,42.4734
46,42.6322
46,42.7142
46,42.7856
46,42.8765
46,42.9243
46,42.9683
46,42.9847
46,43.1808
46,43.2133
46,43.3348
46,43.3568
46,43.4052
46,43.4140
46,43.4385
46,43.4845
46,43.4864
46,43.5448
46,43.5490
46,43.5605
46,43.6461
46,43.6784
46,43.7121
46,43.7987
46,43.8033
46,43.8469
46,43.8868
46,43.9286
46,43.9358
46,43.9410
46,43.9512
46,44.1054
46,44.1204
46,44.1374
46,44.1866
46,44.2387
46,44.3279
46,44.3831
46,44.5411
46,44.6194
46,44.6867
46,44.7356
46,44.7579
46,44.7781
46,44.8385
46,44.8573
46,44.9243
46,44.9698
46,44.9777
46,45.0017
46,45.0139
46,45.0714
46,45.1272
46,45.1539
46,45.2189
46,45.3440
46,45.3578
46,45.3683
46,45.4691
46,45.4984
46,45.6042
46,45.6283
46,45.6981
46,45.8687
46,45.8858
46,45.9172
46,45.9421
46,45.9883
46,46.0992
46,46.2083
46,46.2679
46,46.3284
46,46.3476
46,46.3864
46,46.5370
46,46.6572
46,46.6587
46,46.6671
46,46.7521
46,46.7932
46,47.0189
46,47.0227
46,47.2190
46,47.2560
46,47.2596
46,47.2952
46,47.3413
46,47.3540
46,47.4227
46,47.4496
46,47.5308
46,47.5627
46,47.5697
46,47.6376
46,47.6391
46,47.6471
46,47.8706
46,47.9198
46,47.9572
46,48.0062
46,48.1571
46,48.2069
46,48.2106
46,48.2187
46,48.3064
46,48.4205
46,48.5237
46,48.5767
46,48.6035
46,48.6923
46,48.7038
46,48.7174
46,48.7261
46,48.7344
46,48.7398
46,48.7719
46,48.8138
46,48.8396
46,48.8725
46,48.9619
46,48.9667
46,49.0386
46,49.0689
46,49.3081
46,49.3585
46,49.3878
46,49.7224
46,49.7251
46,49.7644
46,49.8317
46,49.9033
46,49.9612
46,50.0645
46,50.1139
46,50.3614
46,50.4727
46,50.5315
46,50.5339
46,50.5661
46,50.5812
46,50.6494
46,50.7005
46,50.7485
46,50.7963
46,50.8361
46,51.0557
46,51.0627
46,51.1361
46,51.3076
46,51.3645
46,51.4215
46,51.4429
46,51.4795
46,51.5028
46,51.5856
46,51.7188
46,51.7991
46,51.9013
46,51.9290
46,51.9934
46,52.0215
46,52.1123
46,52.1806
46,52.1867
46,52.1965
46,52.6364
46,52.6803
46,52.6846
46,52.8150
46,52.8890
46,52.9327
46,52.9467
46,53.0328
46,53.0329
46,53.0717
46,53.2541
46,53.3970
46,53.3982
46,53.4018
46,53.5200
46,53.5226
46,53.5280
46,53.6150
46,53.6345
46,53.6797
46,53.7467
46,53.7721
46,53.8110
46,53.8249
46,53.8294
46,53.8456
46,54.0369
46,54.0528
46,54.0945
46,54.1256
46,54.2553
46,54.2559
46,54.2767
46,54.5254
46,54.5536
46,54.6276
46,54.6399
46,54.8157
46,54.8526
46,54.8638
46,54.8650
46,54.8781
46,54.8905
46,54.9620
46,55.0281
46,55.0864
46,55.1996
46,55.3272
46,55.4223
46,55.4370
46,55.5157
46,55.5754
46,55.5815
46,55.6534
46,55.6980
46,55.7249
46,55.7315
46,55.7823
46,55.7998
46,55.8247
46,55.8280
46,55.8785
46,55.8937
46,55.9357
46,55.9857
46,56.0243
46,56.2711
46,56.3477
46,56.4195
46,56.4323
46,56.5274
46,56.5970
46,56.7338
46,56.7537
46,56.7570
46,56.8144
46,56.8268
46,56.8441
46,56.8531
46,56.9375
46,56.9558
46,57.0076
46,57.0284
46,57.1156
46,57.1201
46,57.1512
46,57.1782
46,57.2770
46,57.5690
46,57.5941
46,57.6442
46,57.6828
46,57.6995
46,57.7962
46,57.8257
46,57.8620
46,57.8768
46,57.8944
46,57.9034
46,57.9699
46,58.0091
46,58.0695
46,58.1036
46,58.1125
46,58.1336
46,58.1453
46,58.1854
46,58.1900
46,58.2647
46,58.3042
46,58.3043
46,58.3119
46,58.3159
46,58.5631
46,58.6982
46,58.7486
46,58.7759
46,58.8380
46,58.8932
46,59.0002
46,59.1406
46,59.1490
46,59.2208
46,59.2372
46,59.2428
46,59.2641
46,59.2783
46,59.3013
46,59.3262
46,59.3290
46,59.4300
46,59.4639
46,59.5579
46,59.6079
46,59.6168
46,59.6178
46,59.6389
46,59.6415
46,59.6487
46,59.6663
46,59.7158
46,59.7469
46,59.8403
46,59.9348
47,0.2597
47,0.5852
47,0.7284
47,0.8107
47,0.8599
47,0.9072
47,1.0625
47,1.2018
47,1.2103
47,1.2840
47,1.3057
47,1.4367
47,1.4448
47,1.4932
47,1.5569
47,1.6455
47,1.6572
47,1.6628
47,1.7122
47,1.7190
47,1.7356
47,1.9423
47,2.0332
47,2.0535
47,2.1325
47,2.1336
47,2.2172
47,2.2275
47,2.3161
47,2.4047
47,2.6394
47,2.6815
47,2.7143
47,2.7922
47,2.9285
47,2.9579
47,3.0330
47,3.2358
47,3.3688
47,3.4963
47,3.5248
47,3.5343
47,3.5604
47,3.6298
47,3.7098
47,3.7348
47,3.7893
47,3.8140
47,3.8416
47,4.0395
47,4.2356
47,4.2456
47,4.2564
47,4.3060
47,4.3651
47,4.5730
47,4.6276
47,4.6764
47,4.7478
47,4.7621
47,4.9590
47,5.0692
47,5.2935
47,5.3791
47,5.4278
47,5.5274
47,5.6273
47,5.6520
47,5.7303
47,5.8553
47,5.9138
47,5.9364
47,5.9640
47,6.0243
47,6.0403
47,6.0812
47,6.0845
47,6.1099
47,6.2186
47,6.3186
47,6.3999
47,6.6009
47,6.7110
47,6.7289
47,6.8133
47,6.8661
47,6.9752
47,7.0287
47,7.1917
47,7.2805
47,7.2978
47,7.4150
47,7.5674
47,7.9931
47,8.1268
47,8.2576
47,8.3584
47,8.4005
47,8.6006
47,8.7513
47,8.8269
47,8.8862
47,9.0045
47,9.0443
47,9.2037
47,9.4194
47,9.4867
47,9.5467
47,9.6208
47,9.7241
47,9.8030
47,9.8239
47,9.8390
47,9.8670
47,9.9262
47,9.9669
47,10.0839
47,10.0977
47,10.2639
47,10.2991
47,10.3576
47,10.3723
47,10.4096
47,10.4475
47,10.5444
47,10.9274
47,10.9514
47,10.9614
47,11.0526
47,11.1405
47,11.1900
47,11.2038
47,11.2699
47,11.3993
47,11.5837
47,11.5886
47,11.6191
47,11.7089
47,11.8827
47,11.8995
47,12.0021
47,12.0065
47,12.0403
47,12.0436
47,12.2043
47,12.2088
47,12.3215
47,12.3353
47,12.4190
47,12.4892
47,12.5852
47,12.5876
47,12.5955
47,12.6539
47,12.7492
47,12.8220
47,12.9746
47,13.0221
47,13.1735
47,13.1798
47,13.2721
47,13.3304
47,13.3690
47,13.3962
47,13.5492
47,13.5915
47,13.6531
47,14.1378
47,14.3714
47,14.4950
47,14.5020
47,14.6255
47,14.6767
47,14.8521
47,14.8611
47,14.9453
47,14.9886
47,15.0641
47,15.1111
47,15.1293
47,15.1984
47,15.3100
47,15.3337
47,15.3646
47,15.4017
47,15.5821
47,15.5911
47,15.6229
47,15.7365
47,15.7383
47,15.7786
47,15.8488
47,15.8571
47,15.9011
47,16.0945
47,16.2827
47,16.4016
47,16.4746
47,16.5365
47,16.6074
47,16.6793
47,16.6948
47,17.1267
47,17.2641
47,17.2698
47,17.4168
47,17.4914
47,17.5247
47,17.5391
47,17.5562
47,17.6982
47,17.7734
47,17.8649
47,17.9443
47,17.9786
47,18.0015
47,18.2823
47,18.3430
47,18.3583
47,18.4585
47,18.6139
47,18.6298
47,18.6424
47,18.6439
47,18.6482
47,18.7097
47,18.9078
47,19.0535
47,19.1146
47,19.2070
47,19.5681
47,19.7995
47,19.9216
47,19.9874
47,20.0764
47,20.0850
47,20.1090
47,20.2220
47,20.2650
47,20.2663
47,20.2668
47,20.3702
47,20.5330
47,20.5385
47,20.5969
47,20.6431
47,20.6730
47,20.8846
47,21.2439
47,21.2446
47,21.2525
47,21.2784
47,21.3525
47,21.3549
47,21.3648
47,21.4646
47,21.5119
47,21.5775
47,21.7249
47,21.8769
47,22.2343
47,22.3221
47,22.3822
47,22.4789
47,22.5506
47,22.5950
47,22.6300
47,22.7964
47,22.9200
47,22.9798
47,23.0064
47,23.0178
47,23.0493
47,23.0520
47,23.0947
47,23.0957
47,23.2131
47,23.2365
47,23.2492
47,23.3376
47,23.4370
47,23.5288
47,23.5992
47,23.7362
47,23.8482
47,24.0259
47,24.1348
47,24.3589
47,24.5410
47,24.5417
47,24.5766
47,24.6620
47,24.6720
47,24.6859
47,24.8248
47,24.8393
47,24.9293
47,25.0508
47,25.2324
47,25.2493
47,25.4854
47,25.4913
47,25.6353
47,25.6463
47,25.7645
47,25.7859
47,25.9125
47,25.9765
47,26.0428
47,26.2216
47,26.3241
47,26.4176
47,26.7589
47,26.9007
47,27.0702
47,27.1988
47,27.2098
47,27.3100
47,27.3424
47,27.3881
47,27.5525
47,27.7959
47,27.8002
47,27.8005
47,27.8243
47,27.9197
47,27.9352
47,28.3121
47,28.3368
47,28.3752
47,28.7718
47,28.8219
47,28.8903
47,29.2644
47,29.3022
47,29.5865
47,29.6370
47,29.8310
47,29.8424
47,29.8597
47,30.1208
47,30.1767
47,30.1784
47,30.1997
47,30.2612
47,30.2700
47,30.3327
47,30.3659
47,30.4289
47,30.6338
47,30.6518
47,30.6851
47,30.7476
47,30.7839
47,30.7974
47,30.8787
47,30.9784
47,31.2449
47,31.3151
47,31.3403
47,31.4515
47,31.5497
47,31.6468
47,31.6487
47,31.7872
47,31.8208
47,31.9736
47,32.0164
47,32.2418
47,32.2982
47,32.3835
47,32.4140
47,32.4717
47,32.4787
47,32.6674
47,32.6918
47,32.7723
47,32.8251
47,32.9377
47,33.0912
47,33.1480
47,33.1637
47,33.2180
47,33.2588
47,33.3731
47,33.4648
47,33.4942
47,33.5062
47,33.5149
47,33.6045
47,33.7089
47,33.7834
47,33.8720
47,33.9674
47,34.0170
47,34.1305
47,34.2271
47,34.3157
47,34.3854
47,34.4485
47,34.5298
47,34.5705
47,34.6202
47,34.7155
47,34.7195
47,34.8629
47,35.0639
47,35.0677
47,35.1403
47,35.2161
47,35.2369
47,35.2399
47,35.3284
47,35.4033
47,35.4161
47,35.4558
47,35.4887
47,35.5823
47,35.7157
47,35.7198
47,35.8378
47,36.0307
47,36.1683
47,36.3283
47,36.3377
47,36.5044
47,36.5476
47,36.5936
47,36.6179
47,36.7211
47,36.7693
47,36.7992
47,37.1125
47,37.1327
47,37.2186
47,37.4512
47,37.5047
47,37.5833
47,37.6884
47,37.7319
47,37.8221
47,37.8350
47,37.8693
47,38.3204
47,38.3700
47,38.4290
47,38.4839
47,38.9995
47,39.0787
47,39.1580
47,39.2862
47,39.3155
47,39.6106
47,39.6346
47,39.8480
47,39.9801
47,40.0880
47,40.1125
47,40.3445
47,40.4111
47,40.4530
47,40.5098
47,40.5627
47,40.6102
47,40.6202
47,40.7193
47,40.7557
47,40.7895
47,40.8469
47,40.8901
47,40.9824
47,41.0578
47,41.1220
47,41.1433
47,41.3312
47,41.3315
47,41.6421
47,41.6448
47,41.6494
47,41.6702
47,41.7545
47,41.7858
47,41.8549
47,41.9836
47,42.0678
47,42.0750
47,42.2243
47,42.3107
47,42.3426
47,42.4065
47,42.4152
47,42.5705
47,42.6321
47,42.6401
47,42.6558
47,42.7006
47,42.9483
47,43.2052
47,43.3365
47,43.3374
47,43.3479
47,43.5748
47,43.6713
47,43.6797
47,43.7020
47,44.0155
47,44.1367
47,44.2353
47,44.3256
47,44.8632
47,44.9326
47,44.9475
47,45.1214
47,45.1502
47,45.1521
47,45.2854
47,45.3913
47,45.4584
47,45.4869
47,45.7361
47,45.7709
47,45.9605
47,45.9639
47,45.9954
47,46.1733
47,46.3249
47,46.3820
47,46.5262
47,46.5362
47,46.6385
47,46.9740
47,47.0524
47,47.3263
47,47.6952
47,47.8533
47,48.1006
47,48.1472
47,48.3558
47,48.4377
47,48.4665
47,48.6001
47,48.6351
47,48.7129
47,48.7945
47,48.8138
47,48.9222
47,48.9734
47,49.0008
47,49.1603
47,49.2912
47,49.4584
47,49.6066
47,49.6172
47,49.7488
47,49.7660
47,49.7849
47,49.8332
47,50.2548
47,50.4496
47,50.6892
47,50.7141
47,50.8310
47,50.8552
47,50.9032
47,50.9914
47,51.0780
47,51.4865
47,51.5104
47,51.8678
47,52.1025
47,52.1987
47,52.3019
47,52.4367
47,52.4542
47,52.5261
47,52.5304
47,52.6789
47,52.6821
47,52.6851
47,52.7356
47,52.8027
47,52.8208
47,52.8270
47,52.8969
47,52.9513
47,52.9562
47,53.0566
47,53.1162
47,53.1645
47,53.1924
47,53.3291
47,53.3322
47,53.7729
47,53.7750
47,53.8174
47,53.8396
47,54.0566
47,54.0567
47,54.0596
47,54.2009
47,54.3393
47,54.6511
47,54.8318
47,55.0184
47,55.0938
47,55.1619
47,55.2395
47,55.3595
47,55.4104
47,55.5130
47,55.5473
47,55.5729
47,55.8202
47,55.8704
47,55.9146
47,55.9498
47,55.9912
47,56.0840
47,56.1403
47,56.2582
47,56.3489
47,56.3863
47,56.4042
47,56.4663
47,56.5296
47,56.5484
47,56.8720
47,56.9079
47,56.9226
47,57.0505
47,57.0889
47,57.2262
47,57.3173
47,57.3346
47,57.3681
47,57.4122
47,57.4763
47,57.4963
47,57.5809
47,57.6999
47,57.8997
47,58.2032
47,58.2081
47,58.4342
47,58.5288
47,58.5488
47,58.8449
47,58.8989
47,58.9918
47,59.1743
47,59.1892
47,59.4048
47,59.4746
47,59.5937
47,59.6259
47,59.6448
47,59.6670
47,59.7068
47,59.7777
47,59.8859
47,59.9492
48,0.0514
48,0.1499
48,0.5377
48,0.5802
48,0.6562
48,0.9755
48,1.1410
48,1.3722
48,1.3861
48,1.8349
48,2.5421
48,2.5514
48,2.5737
48,2.6167
48,2.6512
48,2.7427
48,2.9667
48,2.9969
48,3.0761
48,3.0869
48,3.1000
48,3.1093
48,3.1103
48,3.2119
48,3.4877
48,3.5835
48,3.6531
48,3.7045
48,3.8884
48,3.9216
48,3.9462
48,4.0507
48,4.2630
48,4.2635
48,4.3085
48,4.3922
48,4.5028
48,4.5042
48,4.5089
48,4.9397
48,5.2638
48,5.5224
48,5.5684
48,5.6182
48,5.6248
48,5.6451
48,5.6649
48,6.0712
48,6.2349
48,6.2873
48,6.4417
48,6.4760
48,6.4923
48,6.7901
48,6.8725
48,6.9557
48,7.2487
48,7.4263
48,7.5552
48,7.6044
48,7.7689
48,7.9273
48,7.9909
48,8.0604
48,8.1194
48,8.1529
48,8.1844
48,8.1854
48,8.2281
48,8.3297
48,8.3993
48,8.4373
48,8.4840
48,8.6158
48,8.8462
48,8.9745
48,9.0429
48,9.0841
48,9.1160
48,9.2573
48,9.3678
48,9.4533
48,9.6400
48,9.6618
48,9.7286
48,9.7519
48,9.7905
48,9.9675
48,10.0293
48,10.2364
48,10.4647
48,10.5903
48,10.8240
48,10.8480
48,10.8605
48,11.1196
48,11.2073
48,11.2732
48,11.6010
48,11.6357
48,11.6616
48,11.6626
48,11.7093
48,11.7308
48,11.7450
48,11.7655
48,11.9108
48,11.9741
48,12.0553
48,12.1634
48,12.2753
48,12.4930
48,12.5586
48,12.9027
48,13.1005
48,13.1185
48,13.2234
48,13.2953
48,13.3426
48,13.5920
48,13.6248
48,14.1055
48,14.2929
48,14.6057
48,14.6205
48,14.9463
48,15.1214
48,15.2415
48,15.3644
48,15.4025
48,15.5043
48,15.5066
48,15.5479
48,15.6025
48,15.7053
48,15.7321
48,15.9820
48,16.5685
48,16.6148
48,17.1661
48,17.1733
48,17.2441
48,17.3335
48,17.4522
48,17.4623
48,17.6714
48,17.7312
48,17.8002
48,17.8751
48,17.9141
48,17.9620
48,18.0676
48,18.1059
48,18.1398
48,18.2504
48,18.5880
48,18.8410
48,19.0242
48,19.0506
48,19.1724
48,19.2011
48,19.2476
48,19.2646
48,19.4405
48,19.7063
48,19.8026
48,19.8692
48,19.9682
48,19.9987
48,20.0224
48,20.0311
48,20.2970
48,20.3164
48,20.5489
48,20.5706
48,20.6081
48,20.7954
48,20.8183
48,20.8353
48,20.8750
48,21.1454
48,21.2115
48,21.2249
48,21.2928
48,21.5084
48,21.7628
48,21.9388
48,22.0655
48,22.2133
48,22.2491
48,22.4401
48,22.4497
48,22.5404
48,22.5466
48,22.7113
48,22.8511
48,22.8692
48,23.0463
48,23.5279
48,23.6623
48,23.7575
48,23.7978
48,24.0465
48,24.1720
48,24.2336
48,24.4114
48,24.5054
48,24.5470
48,24.5583
48,24.6075
48,24.8933
48,24.9597
48,25.0162
48,25.1192
48,25.1727
48,25.2121
48,25.2153
48,25.3094
48,25.3358
48,25.3377
48,25.4018
48,25.4428
48,25.4776
48,25.5023
48,25.5479
48,25.5666
48,25.6354
48,25.7243
48,25.7821
48,25.9822
48,26.0073
48,26.0299
48,26.0414
48,26.2040
48,26.2857
48,26.2859
48,26.3751
48,26.6274
48,26.7888
48,26.9014
48,26.9864
48,27.0925
48,27.2309
48,27.2403
48,27.2534
48,27.4560
48,27.5822
48,27.6090
48,27.6795
48,27.8647
48,28.1030
48,28.1066
48,28.2963
48,28.3671
48,28.4559
48,28.5651
48,28.6290
48,28.8129
48,28.8841
48,29.0319
48,29.1162
48,29.1641
48,29.1739
48,29.1740
48,29.2009
48,29.2530
48,29.3071
48,29.4558
48,29.8353
48,29.8799
48,29.9385
48,30.0907
48,30.2284
48,30.3845
48,30.4031
48,30.4701
48,30.4779
48,30.5630
48,30.5651
48,30.6508
48,30.7242
48,30.7544
48,30.7553
48,31.0329
48,31.0780
48,31.2031
48,31.2956
48,31.3292
48,31.4663
48,31.5458
48,31.5559
48,31.6044
48,31.6444
48,31.6703
48,32.0176
48,32.0327
48,32.0448
48,32.1844
48,32.4922
48,32.4977
48,32.5047
48,32.6634
48,32.8573
48,32.8992
48,32.9416
48,32.9892
48,33.0942
48,33.2232
48,33.2608
48,33.2697
48,33.4430
48,33.5598
48,33.7053
48,33.7899
48,33.8724
48,33.9231
48,33.9910
48,34.1825
48,34.2494
48,34.2596
48,34.2760
48,34.3200
48,34.4231
48,34.5565
48,34.5872
48,34.6660
48,34.6917
48,34.7527
48,34.8246
48,34.9338
48,35.0923
48,35.1022
48,35.1243
48,35.1683
48,35.2528
48,35.2723
48,35.5060
48,35.5127
48,35.5561
48,35.5689
48,35.6317
48,35.7464
48,35.7944
48,35.8343
48,35.9293
48,35.9691
48,36.0054
48,36.0629
48,36.2000
48,36.3170
48,36.4518
48,36.6012
48,36.6654
48,36.9584
48,37.0638
48,37.2632
48,37.2757
48,37.2938
48,37.5241
48,37.5310
48,38.0380
48,38.0391
48,38.0711
48,38.1193
48,38.2250
48,38.4028
48,38.7805
48,38.7853
48,38.8047
48,38.9304
48,38.9388
48,38.9621
48,39.0267
48,39.0788
48,39.0918
48,39.1174
48,39.2924
48,39.5360
48,39.5483
48,39.5864
48,39.5915
48,39.6751
48,39.7597
48,39.8653
48,39.9171
48,40.0821
48,40.1618
48,40.2771
48,40.3453
48,40.4247
48,40.5033
48,40.5446
48,40.5615
48,41.2777
48,41.2914
48,41.5258
48,41.6551
48,41.6868
48,41.7431
48,41.8420
48,41.8903
48,41.9716
48,42.0122
48,42.0935
48,42.1398
48,42.1868
48,42.2669
48,42.4988
48,42.5438
48,42.5577
48,42.6289
48,42.6338
48,42.6987
48,42.7223
48,43.2835
48,43.8506
48,43.8639
48,43.8969
48,44.0362
48,44.3733
48,44.4787
48,44.5891
48,44.6368
48,44.6873
48,44.8967
48,44.9130
48,44.9130
48,45.1152
48,45.1529
48,45.4521
48,45.4985
48,45.7050
48,45.9125
48,46.0263
48,46.0904
48,46.1190
48,46.2278
48,46.2712
48,46.2982
48,46.3450
48,46.4249
48,46.4990
48,46.7426
48,46.8872
48,46.9036
48,46.9194
48,46.9475
48,47.0012
48,47.0274
48,47.1620
48,47.3073
48,47.3126
48,47.4224
48,47.4430
48,47.5322
48,47.5639
48,47.6176
48,47.7623
48,47.7675
48,47.8221
48,47.8930
48,48.2859
48,49.1680
48,49.3444
48,49.4177
48,49.6257
48,49.9605
48,49.9884
48,50.0385
48,50.0957
48,50.2642
48,50.3437
48,50.4351
48,50.4976
48,50.5127
48,50.5907
48,50.7422
48,50.9366
48,50.9573
48,50.9885
48,51.0423
48,51.0433
48,51.0651
48,51.2776
48,51.3748
48,51.4682
48,51.5157
48,51.5221
48,51.6402
48,51.6862
48,51.6919
48,51.7782
48,51.8745
48,52.0959
48,52.1998
48,52.3488
48,52.4702
48,52.5638
48,52.5961
48,52.6663
48,52.7461
48,52.7979
48,52.8545
48,52.9458
48,53.0549
48,53.0719
48,53.0942
48,53.1470
48,53.3251
48,53.3903
48,53.4935
48,53.5183
48,53.5514
48,53.8318
48,54.0576
48,54.1224
48,54.1888
48,54.2056
48,54.2158
48,54.5389
48,54.6024
48,54.7824
48,54.7885
48,54.8399
48,54.9768
48,55.1074
48,55.1078
48,55.4522
48,55.6608
48,55.6953
48,55.7062
48,55.7208
48,55.8410
48,55.8862
48,55.9157
48,55.9641
48,56.0098
48,56.2848
48,56.3822
48,56.4402
48,56.5451
48,56.7095
48,56.8224
48,56.8372
48,56.9116
48,57.0108
48,57.0399
48,57.1381
48,57.3489
48,57.3508
48,57.3828
48,57.6593
48,57.6971
48,57.7651
48,57.7855
48,58.2352
48,58.4500
48,58.4743
48,58.5474
48,58.5651
48,58.6419
48,58.6721
48,58.7288
48,58.7350
48,58.7602
48,58.8182
48,58.8298
48,58.8330
48,58.8455
48,58.8498
48,58.8521
48,58.8717
48,58.9036
48,58.9949
48,59.1501
48,59.2664
48,59.4297
48,59.7399
48,59.7460
49,0.0069
49,0.0356
49,0.1186
49,0.1242
49,0.1335
49,0.2059
49,0.2944
49,0.3245
49,0.3409
49,0.3550
49,0.4381
49,0.6390
49,0.6666
49,0.7005
49,0.7307
49,0.8092
49,0.8555
49,0.8884
49,0.9658
49,1.2661
49,1.4196
49,1.4723
49,1.5692
49,1.7095
49,1.7349
49,1.8167
49,1.8740
49,1.9695
49,1.9856
49,2.0098
49,2.0186
49,2.0937
49,2.1851
49,2.2311
49,2.2513
49,2.2618
49,2.4376
49,2.5038
49,2.5052
49,2.8248
49,2.9356
49,3.0083
49,3.1683
49,3.1819
49,3.2634
49,3.2834
49,3.3051
49,3.4139
49,3.4683
49,3.5251
49,3.5623
49,3.6480
49,3.6899
49,3.8951
49,3.9123
49,3.9666
49,3.9680
49,4.0585
49,4.2340
49,4.2465
49,4.2596
49,4.3847
49,4.4221
49,4.4815
49,4.4853
49,4.5221
49,4.6158
49,4.7892
49,4.8609
49,4.9295
49,5.0052
49,5.0366
49,5.0853
49,5.0914
49,5.1745
49,5.3470
49,5.3661
49,5.5151
49,5.5460
49,5.6064
49,5.6081
49,5.6838
49,5.7579
49,5.7861
49,5.9530
49,6.0411
49,6.0952
49,6.1060
49,6.1255
49,6.1380
49,6.2531
49,6.3679
49,6.3991
49,6.6718
49,6.7240
49,6.7860
49,6.8685
49,6.9362
49,7.0404
49,7.0437
49,7.1279
49,7.1580
49,7.2794
49,7.3459
49,7.4637
49,7.5907
49,7.6607
49,7.7988
49,7.8674
49,7.9160
49,7.9893
49,8.0823
49,8.1660
49,8.1768
49,8.2254
49,8.3606
49,8.4663
49,8.6396
49,8.6684
49,8.6797
49,8.7802
49,8.9219
49,9.0033
49,9.0903
49,9.2601
49,9.3321
49,9.3659
49,9.5382
49,9.6234
49,9.6354
49,9.7723
49,9.8422
49,9.9988
49,10.1173
49,10.2020
49,10.2181
49,10.2871
49,10.2991
49,10.3942
49,10.4161
49,10.4537
49,10.4660
49,10.4813
49,10.6214
49,10.6746
49,10.6786
49,10.7376
49,10.7494
49,10.7850
49,10.8025
49,10.9363
49,10.9806
49,11.1007
49,11.1634
49,11.1982
49,11.2153
49,11.3867
49,11.4718
49,11.4844
49,11.5558
49,11.5874
49,11.6733
49,11.8442
49,11.8530
49,11.8845
49,11.8948
49,11.9606
49,12.0025
49,12.0253
49,12.0915
49,12.1080
49,12.1870
49,12.2004
49,12.2303
49,12.3153
49,12.4501
49,12.5759
49,12.6261
49,12.6281
49,12.7316
49,12.8136
49,12.9353
49,13.0132
49,13.0838
49,13.1149
49,13.1800
49,13.2628
49,13.3000
49,13.4390
49,13.4586
49,13.5013
49,13.6814
49,13.6874
49,13.7166
49,13.8035
49,13.8729
49,13.8776
49,14.0406
49,14.0716
49,14.2192
49,14.2731
49,14.3135
49,14.5190
49,14.5759
49,14.6013
49,14.7139
49,14.8794
49,14.8954
49,14.9061
49,14.9342
49,15.0701
49,15.0795
49,15.1084
49,15.1940
49,15.2187
49,15.2196
49,15.2204
49,15.3132
49,15.3596
49,15.4646
49,15.4692
49,15.7289
49,16.0452
49,16.0768
49,16.0950
49,16.1243
49,16.1592
49,16.3701
49,16.4000
49,16.4089
49,16.4561
49,16.5445
49,16.6431
49,16.7913
49,16.8718
49,16.9066
49,17.0681
49,17.1672
49,17.1950
49,17.2761
49,17.3150
49,17.3618
49,17.3659
49,17.3673
49,17.3960
49,17.4608
49,17.6168
49,17.6252
49,17.6666
49,17.6680
49,17.6887
49,17.7275
49,17.9459
49,17.9488
49,17.9654
49,18.0018
49,18.1379
49,18.1447
49,18.1509
49,18.1736
49,18.2042
49,18.3038
49,18.3508
49,18.3701
49,18.3922
49,18.4417
49,18.4997
49,18.6235
49,18.6542
49,18.6906
49,18.7410
49,18.7991
49,18.8834
49,18.9088
49,18.9724
49,19.0257
49,19.0485
49,19.3285
49,19.3784
49,19.3787
49,19.3900
49,19.5731
49,19.6525
49,19.6608
49,19.7839
49,19.8690
49,19.9221
49,19.9344
49,20.2360
49,20.3225
49,20.3969
49,20.3999
49,20.4296
49,20.4480
49,20.4925
49,20.5039
49,20.5708
49,20.6650
49,20.7073
49,20.8598
49,21.0193
49,21.0530
49,21.0809
49,21.0997
49,21.1085
49,21.2209
49,21.2624
49,21.3205
49,21.4059
49,21.4138
49,21.4150
49,21.4157
49,21.4380
49,21.4726
49,21.4743
49,21.4819
49,21.5064
49,21.5745
49,21.5884
49,21.6119
49,21.6345
49,21.6953
49,21.7176
49,21.7363
49,21.7452
49,21.8345
49,21.8457
49,21.8968
49,22.1036
49,22.2098
49,22.2558
49,22.4429
49,22.4834
49,22.5401
49,22.5649
49,22.5831
49,22.8155
49,23.0304
49,23.1437
49,23.1521
49,23.1744
49,23.2096
49,23.2117
49,23.3167
49,23.4116
49,23.4238
49,23.4655
49,23.4851
49,23.4919
49,23.5130
49,23.5345
49,23.5683
49,23.6556
49,23.6663
49,23.7207
49,23.7259
49,23.7337
49,23.7884
49,23.8226
49,23.8959
49,24.1144
49,24.2228
49,24.2690
49,24.3146
49,24.3223
49,24.3443
49,24.3518
49,24.3932
49,24.4874
49,24.7196
49,24.7240
49,24.7353
49,24.8391
49,24.9610
49,25.0196
49,25.0647
49,25.0747
49,25.0866
49,25.1003
49,25.2096
49,25.2381
49,25.2509
49,25.2747
49,25.2867
49,25.3490
49,25.3830
49,25.5146
49,25.5484
49,25.5810
49,25.6178
49,25.6553
49,25.6585
49,25.8682
49,25.9821
49,26.0057
49,26.0091
49,26.2429
49,26.3131
49,26.3241
49,26.3625
49,26.4000
49,26.4262
49,26.4441
49,26.5624
49,26.6996
49,26.7298
49,26.7847
49,26.8800
49,27.0317
49,27.0951
49,27.1188
49,27.1913
49,27.2751
49,27.3370
49,27.4656
49,27.5496
49,27.5900
49,27.5977
49,27.6639
49,27.7202
49,27.8154
49,27.8355
49,28.0043
49,28.0201
49,28.2290
49,28.2954
49,28.4195
49,28.4784
49,28.4954
49,28.5845
49,28.5908
49,28.6155
49,28.7602
49,28.8161
49,28.8420
49,28.9132
49,28.9448
49,29.0492
49,29.0964
49,29.1038
49,29.1382
49,29.1618
49,29.2108
49,29.2512
49,29.3094
49,29.4665
49,29.4875
49,29.4942
49,29.5825
49,29.6104
49,29.6773
49,29.7348
49,29.7405
49,29.8030
49,29.9850
49,30.0045
49,30.0288
49,30.0693
49,30.1036
49,30.1194
49,30.1373
49,30.2230
49,30.2681
49,30.2848
49,30.3368
49,30.4428
49,30.5970
49,30.6019
49,30.6149
49,30.6798
49,30.8024
49,30.9305
49,30.9805
49,31.0020
49,31.1686
49,31.4015
49,31.5157
49,31.5300
49,31.5791
49,31.6832
49,31.7112
49,31.8008
49,31.8644
49,31.9259
49,31.9796
49,32.0914
49,32.1314
49,32.1683
49,32.2326
49,32.5711
49,32.6553
49,32.6623
49,32.7011
49,32.7415
49,32.7940
49,32.9125
49,32.9643
49,33.1797
49,33.1865
49,33.1909
49,33.1999
49,33.2049
49,33.4128
49,33.4741
49,33.5442
49,33.5799
49,33.6635
49,33.7784
49,33.9031
49,33.9371
49,34.0619
49,34.0900
49,34.0982
49,34.2631
49,34.5510
49,34.5568
49,34.5666
49,34.6207
49,34.8132
49,34.8886
49,35.0776
49,35.1000
49,35.1134
49,35.1143
49,35.2435
49,35.2539
49,35.2898
49,35.3283
49,35.3454
49,35.3693
49,35.3946
49,35.4304
49,35.4710
49,35.5191
49,35.5499
49,35.5818
49,35.8789
49,35.9644
49,35.9798
49,35.9826
49,36.0836
49,36.1301
49,36.2250
49,36.2399
49,36.3351
49,36.3413
49,36.4023
49,36.5580
49,36.6721
49,36.6831
49,36.6899
49,36.7178
49,36.8256
49,36.8803
49,36.9969
49,36.9987
49,37.2202
49,37.2963
49,37.3366
49,37.4677
49,37.6394
49,37.7651
49,37.7725
49,37.8376
49,37.9142
49,37.9582
49,38.0203
49,38.0447
49,38.2237
49,38.2331
49,38.2412
49,38.2880
49,38.4778
49,38.4896
49,38.6457
49,38.7573
49,38.7676
49,38.8328
49,38.8864
49,39.0115
49,39.5139
49,39.5594
49,39.5909
49,39.6051
49,39.6792
49,39.6952
49,39.8754
49,39.9990
49,40.1675
49,40.2584
49,40.2754
49,40.2956
49,40.3671
49,40.5886
49,40.6163
49,40.7301
49,40.7461
49,41.1729
49,41.2279
49,41.2310
49,41.2628
49,41.3358
49,41.4207
49,41.4640
49,41.4646
49,41.4668
49,41.4694
49,41.5479
49,41.5775
49,41.6172
49,41.6323
49,41.7829
49,41.8240
49,41.8496
49,41.9033
49,41.9294
49,41.9400
49,41.9637
49,41.9995
49,42.0180
49,42.0328
49,42.0931
49,42.1139
49,42.1501
49,42.1516
49,42.2836
49,42.3466
49,42.3486
49,42.3688
49,42.4032
49,42.4495
49,42.4658
49,42.4698
49,42.4802
49,42.6334
49,42.6569
49,43.0020
49,43.0677
49,43.0904
49,43.1964
49,43.3136
49,43.3144
49,43.3684
49,43.3876
49,43.4342
49,43.5920
49,43.5997
49,43.6184
49,43.6839
49,43.6892
49,43.7172
49,43.7312
49,43.8669
49,43.9319
49,43.9835
49,44.0324
49,44.0772
49,44.1218
49,44.1227
49,44.1307
49,44.1725
49,44.2970
49,44.3364
49,44.4057
49,44.5205
49,44.5205
49,44.6547
49,44.8470
49,44.8783
49,45.3606
49,45.3631
49,45.3788
49,45.3887
49,45.4529
49,45.5730
49,45.7089
49,45.7439
49,45.8495
49,45.9148
49,45.9449
49,46.0869
49,46.1913
49,46.2461
49,46.4328
49,46.4395
49,46.5379
49,46.5821
49,46.6137
49,46.7855
49,46.8235
49,46.8306
49,46.8739
49,46.9622
49,46.9779
49,46.9788
49,47.0674
49,47.0959
49,47.2358
49,47.3238
49,47.3735
49,47.3889
49,47.4491
49,47.4500
49,47.4590
49,47.5047
49,47.5319
49,47.5901
49,47.6021
49,47.6102
49,47.6989
49,47.8346
49,47.8722
49,47.9786
49,48.0764
49,48.0794
49,48.2560
49,48.2617
49,48.4682
49,48.5330
49,48.5903
49,48.5952
49,48.6882
49,48.6936
49,48.7552
49,48.7665
49,48.8763
49,48.9120
49,48.9340
49,49.0626
49,49.0649
49,49.2543
49,49.3698
49,49.4186
49,49.5285
49,49.5620
49,49.7068
49,49.7932
49,49.9234
49,50.0057
49,50.0730
49,50.1049
49,50.1580
49,50.2867
49,50.4106
49,50.4849
49,50.4904
49,50.6865
49,50.8371
49,50.9033
49,50.9352
49,50.9500
49,50.9767
49,50.9979
49,51.0712
49,51.0875
49,51.0954
49,51.4399
49,51.5207
49,51.5891
49,51.6937
49,51.7510
49,51.7637
49,51.8113
49,51.8635
49,51.8764
49,51.8821
49,51.8825
49,51.9362
49,51.9985
49,52.0322
49,52.1493
49,52.2229
49,52.2667
49,52.2700
49,52.2992
49,52.3382
49,52.5696
49,52.6155
49,52.6192
49,52.6215
49,52.8039
49,52.8139
49,52.9740
49,52.9974
49,53.0203
49,53.1087
49,53.1893
49,53.2192
49,53.4087
49,53.5169
49,53.5312
49,53.6236
49,53.6871
49,53.6939
49,53.7281
49,53.9147
49,53.9749
49,54.0745
49,54.0838
49,54.1652
49,54.3577
49,54.5001
49,54.5059
49,54.6166
49,54.6943
49,54.7342
49,54.9685
49,55.0181
49,55.0196
49,55.0922
49,55.1747
49,55.2554
49,55.3026
49,55.5242
49,55.7127
49,55.7336
49,55.7833
49,55.8699
49,55.9348
49,56.0062
49,56.1048
49,56.1776
49,56.1954
49,56.2205
49,56.2709
49,56.5719
49,56.6726
49,56.7066
49,56.7993
49,56.9744
49,56.9999
49,57.1626
49,57.2070
49,57.2107
49,57.2635
49,57.3429
49,57.3448
49,57.4965
49,57.5832
49,57.6419
49,57.6723
49,57.7606
49,57.8036
49,57.8920
49,57.9081
49,58.0698
49,58.1585
49,58.1775
49,58.2104
49,58.2568
49,58.3366
49,58.4077
49,58.4349
49,58.4424
49,58.4555
49,58.5715
49,58.6174
49,58.6265
49,58.7344
49,58.7475
49,58.8837
49,58.9282
49,59.0770
49,59.1557
49,59.2963
49,59.4590
49,59.4991
49,59.5169
49,59.6550
49,59.6874
49,59.7149
49,59.7439
49,59.7716
49,59.7767
49,59.8386
49,59.8806
49,59.9175
50,0.0876
50,0.1619
50,0.2916
50,0.2971
50,0.3554
50,0.5703
50,0.6512
50,0.8820
50,0.9540
50,1.0302
50,1.1252
50,1.4162
50,1.4226
50,1.4479
50,1.7077
50,2.3511
50,2.4206
50,2.7326
50,2.7478
50,2.7642
50,2.8333
50,2.9286
50,3.2263
50,3.6523
50,3.6571
50,3.6877
50,3.8179
50,3.8389
50,4.1759
50,4.1972
50,4.2698
50,4.5144
50,4.5723
50,4.9236
50,5.5781
50,5.6513
50,5.6560
50,5.8125
50,5.9623
50,6.1343
50,6.1474
50,6.5337
50,6.5471
50,6.5770
50,6.6397
50,6.7104
50,6.7194
50,7.2406
50,7.3045
50,7.4735
50,7.5191
50,7.6161
50,7.6384
50,7.6814
50,7.8201
50,7.8390
50,7.8804
50,7.9257
50,8.0693
50,8.4354
50,8.5176
50,8.6070
50,8.6157
50,8.8977
50,8.9761
50,9.0635
50,9.1416
50,9.2926
50,9.5985
50,9.7051
50,9.8465
50,10.2530
50,10.2775
50,10.2982
50,10.3233
50,10.6607
50,10.7531
50,10.7534
50,10.7964
50,10.9469
50,11.1214
50,11.2680
50,11.6612
50,11.7136
50,12.2912
50,12.4097
50,12.4527
50,12.5644
50,12.6488
50,12.6918
50,13.2710
50,13.2863
50,13.3523
50,13.5736
50,13.6381
50,13.6498
50,13.8959
50,13.9818
50,14.2202
50,14.2854
50,14.4208
50,14.5153
50,14.5895
50,14.7463
50,15.0220
50,15.2405
50,15.2764
50,15.3536
50,15.4561
50,15.4981
50,15.5099
50,15.6467
50,16.1182
50,16.2435
50,16.4247
50,16.4651
50,16.8869
50,17.2292
50,17.2334
50,17.2371
50,17.3059
50,17.3634
50,17.4502
50,17.4784
50,17.5044
50,17.5677
50,17.7296
50,18.1036
50,18.3574
50,18.3944
50,18.6040
50,18.6158
50,18.6333
50,18.8003
50,18.9967
50,19.1272
50,19.4922
50,19.8951
50,19.9256
50,19.9961
50,20.1677
50,20.3143
50,20.4037
50,20.5705
50,20.6171
50,20.7338
50,20.8752
50,20.9647
50,21.4892
50,22.4890
50,22.4986
50,22.5088
50,22.5325
50,22.6398
50,22.6605
50,22.6712
50,22.6800
50,22.8198
50,22.9939
50,23.1524
50,23.5574
50,23.7650
50,23.9385
50,24.3888
50,24.6556
50,24.6558
50,24.7399
50,25.0883
50,25.1263
50,25.1583
50,25.3423
50,25.6175
50,25.7018
50,25.9018
50,25.9595
50,26.0851
50,26.1744
50,26.2641
50,26.4320
50,26.5489
50,26.8742
50,27.2493
50,27.4240
50,27.8123
50,27.8323
50,28.2701
50,28.3445
50,28.3455
50,28.4317
50,28.5782
50,28.7129
50,28.7352
50,28.8956
50,29.0091
50,29.0929
50,29.1302
50,29.2117
50,29.3800
50,29.4077
50,29.5584
50,29.7445
50,29.8108
50,29.9929
50,30.0946
50,30.1321
50,30.2543
50,30.3148
50,30.5235
50,30.8178
50,30.8225
50,30.9333
50,30.9382
50,30.9991
50,31.0050
50,31.0395
50,31.5360
50,31.6177
50,31.6938
50,31.7840
50,31.8079
50,32.0236
50,32.0704
50,32.5480
50,32.6146
50,32.6533
50,32.7478
50,32.8005
50,32.8330
50,33.1420
50,33.2189
50,33.4813
50,33.4954
50,33.5219
50,33.6646
50,33.6808
50,33.6823
50,33.7147
50,33.9769
50,34.2704
50,34.4540
50,34.4584
50,34.5301
50,34.8572
50,35.0819
50,35.3720
50,35.3975
50,35.8233
50,35.8347
50,35.9326
50,36.0470
50,36.0568
50,36.3404
50,36.5410
50,36.6548
50,37.0272
50,37.1648
50,37.2583
50,37.4949
50,37.5401
50,37.6591
50,37.7726
50,37.8647
50,37.8706
50,37.9618
50,37.9757
50,38.2658
50,38.3180
50,38.3297
50,38.3626
50,38.4896
50,38.7519
50,38.8442
50,38.8565
50,38.8588
50,38.9500
50,39.1146
50,39.1576
50,39.1800
50,39.2778
50,39.2896
50,39.5714
50,39.9815
50,40.1270
50,40.1286
50,40.2603
50,40.3623
50,40.4183
50,40.7167
50,40.7864
50,40.8324
50,40.8404
50,41.0606
50,41.3473
50,41.3763
50,41.4827
50,41.6474
50,41.6763
50,41.7935
50,41.8341
50,41.8374
50,41.8708
50,42.2699
50,42.8927
50,43.0608
50,43.3274
50,43.3970
50,43.5198
50,43.6116
50,43.6620
50,43.7726
50,43.8513
50,44.0521
50,44.2443
50,44.3197
50,44.4154
50,44.5537
50,44.5882
50,44.7133
50,44.8242
50,45.0281
50,45.1803
50,45.2806
50,45.3253
50,45.3784
50,45.4114
50,45.4365
50,45.4933
50,45.6203
50,45.6225
50,45.7303
50,46.1769
50,46.6196
50,46.7420
50,46.8372
50,47.0211
50,47.0356
50,47.1540
50,47.1953
50,47.2933
50,47.3583
50,47.4035
50,47.9009
50,47.9134
50,48.2964
50,48.4835
50,48.5251
50,48.6609
50,48.8746
50,48.9572
50,49.2509
50,49.2715
50,49.3276
50,49.3714
50,49.6253
50,49.6490
50,49.8143
50,50.0119
50,50.1035
50,50.4785
50,50.5241
50,50.5964
50,50.7751
50,50.8913
50,51.0233
50,51.0771
50,51.0923
50,51.0963
50,51.1048
50,51.1748
50,51.2176
50,51.2341
50,51.3290
50,51.4042
50,51.4138
50,51.7358
50,51.9239
50,52.0417
50,52.1175
50,52.2463
50,52.2721
50,52.3181
50,52.7129
50,52.7170
50,53.0073
50,53.1855
50,53.2370
50,53.5211
50,53.7249
50,53.9651
50,54.1001
50,54.1702
50,54.3208
50,54.6199
50,54.6506
50,54.8456
50,54.9445
50,55.0019
50,55.0105
50,55.0267
50,55.6401
50,55.8400
50,55.9407
50,55.9957
50,56.1447
50,56.6555
50,56.8805
50,56.8854
50,56.8883
50,57.0901
50,57.1033
50,57.1528
50,57.3085
50,57.3210
50,57.4349
50,57.4771
50,57.5031
50,57.9211
50,57.9802
50,58.2626
50,58.2635
50,58.3748
50,58.7642
50,59.1030
50,59.2146
50,59.5428
50,59.5810
50,59.8752
